ISO-10303-21;
HEADER;
/* Generated by software containing ST-Developer
 * from STEP Tools, Inc. (www.steptools.com) 
 */

FILE_DESCRIPTION(
/* description */ (''),
/* implementation_level */ '2;1');

FILE_NAME(
/* name */ 'DMXInterface.step',
/* time_stamp */ '2026-08-04T16:40:41+02:00',
/* author */ (''),
/* organization */ (''),
/* preprocessor_version */ 'ST-DEVELOPER v20.1',
/* originating_system */ 'Autodesk Translation Framework v15.8.0.0',
/* authorisation */ '');

FILE_SCHEMA (('AUTOMOTIVE_DESIGN { 1 0 10303 214 3 1 1 }'));
ENDSEC;

DATA;
#10=MECHANICAL_DESIGN_GEOMETRIC_PRESENTATION_REPRESENTATION('',(#13,#14,
#15,#16),#20210);
#11=SHAPE_REPRESENTATION_RELATIONSHIP('SRR','None',#20217,#12);
#12=ADVANCED_BREP_SHAPE_REPRESENTATION('',(#17,#18,#19,#20),#20209);
#13=STYLED_ITEM('',(#20226),#17);
#14=STYLED_ITEM('',(#20226),#18);
#15=STYLED_ITEM('',(#20226),#19);
#16=STYLED_ITEM('',(#20226),#20);
#17=MANIFOLD_SOLID_BREP('Corps1',#11402);
#18=MANIFOLD_SOLID_BREP('Corps2',#11403);
#19=MANIFOLD_SOLID_BREP('Corps3',#11404);
#20=MANIFOLD_SOLID_BREP('Corps4',#11405);
#21=B_SPLINE_SURFACE_WITH_KNOTS('',3,1,((#16442,#16443),(#16444,#16445),
(#16446,#16447),(#16448,#16449),(#16450,#16451)),.UNSPECIFIED.,.F.,.F.,
 .F.,(4,1,4),(2,2),(0.,0.0162489829851196,0.035178456474556),(0.,1.1),
 .UNSPECIFIED.);
#22=B_SPLINE_SURFACE_WITH_KNOTS('',3,1,((#16463,#16464),(#16465,#16466),
(#16467,#16468),(#16469,#16470),(#16471,#16472)),.UNSPECIFIED.,.F.,.F.,
 .F.,(4,1,4),(2,2),(0.,0.0124030729569403,0.026017543177037),(0.,1.1),
 .UNSPECIFIED.);
#23=B_SPLINE_SURFACE_WITH_KNOTS('',3,1,((#16482,#16483),(#16484,#16485),
(#16486,#16487),(#16488,#16489),(#16490,#16491)),.UNSPECIFIED.,.F.,.F.,
 .F.,(4,1,4),(2,2),(0.,0.01885010750092,0.0330521173391076),(0.,1.1),
 .UNSPECIFIED.);
#24=B_SPLINE_SURFACE_WITH_KNOTS('',3,1,((#16521,#16522),(#16523,#16524),
(#16525,#16526),(#16527,#16528),(#16529,#16530)),.UNSPECIFIED.,.F.,.F.,
 .F.,(4,1,4),(2,2),(0.,0.0241498792737519,0.0608274880661791),(0.,1.1),
 .UNSPECIFIED.);
#25=B_SPLINE_SURFACE_WITH_KNOTS('',3,1,((#16540,#16541),(#16542,#16543),
(#16544,#16545),(#16546,#16547),(#16548,#16549)),.UNSPECIFIED.,.F.,.F.,
 .F.,(4,1,4),(2,2),(0.,0.0124304381428851,0.0247975629882261),(0.,1.1),
 .UNSPECIFIED.);
#26=B_SPLINE_SURFACE_WITH_KNOTS('',3,1,((#16559,#16560),(#16561,#16562),
(#16563,#16564),(#16565,#16566),(#16567,#16568)),.UNSPECIFIED.,.F.,.F.,
 .F.,(4,1,4),(2,2),(0.,0.0116493494265382,0.0201870228385713),(0.,1.1),
 .UNSPECIFIED.);
#27=B_SPLINE_SURFACE_WITH_KNOTS('',3,1,((#16580,#16581),(#16582,#16583),
(#16584,#16585),(#16586,#16587),(#16588,#16589)),.UNSPECIFIED.,.F.,.F.,
 .F.,(4,1,4),(2,2),(0.,0.00927491510887898,0.0219940111519103),(0.,1.1),
 .UNSPECIFIED.);
#28=B_SPLINE_SURFACE_WITH_KNOTS('',3,1,((#16601,#16602),(#16603,#16604),
(#16605,#16606),(#16607,#16608),(#16609,#16610)),.UNSPECIFIED.,.F.,.F.,
 .F.,(4,1,4),(2,2),(0.,0.00639005632512292,0.0137807472971638),(0.,1.1),
 .UNSPECIFIED.);
#29=B_SPLINE_SURFACE_WITH_KNOTS('',3,1,((#16620,#16621),(#16622,#16623),
(#16624,#16625),(#16626,#16627),(#16628,#16629)),.UNSPECIFIED.,.F.,.F.,
 .F.,(4,1,4),(2,2),(0.,0.00963105209667489,0.0155694104035673),(0.,1.1),
 .UNSPECIFIED.);
#30=B_SPLINE_SURFACE_WITH_KNOTS('',3,1,((#16683,#16684),(#16685,#16686),
(#16687,#16688),(#16689,#16690),(#16691,#16692)),.UNSPECIFIED.,.F.,.F.,
 .F.,(4,1,4),(2,2),(0.,0.0182743878725828,0.0444368136847573),(0.,1.1),
 .UNSPECIFIED.);
#31=B_SPLINE_SURFACE_WITH_KNOTS('',3,1,((#16702,#16703),(#16704,#16705),
(#16706,#16707),(#16708,#16709),(#16710,#16711)),.UNSPECIFIED.,.F.,.F.,
 .F.,(4,1,4),(2,2),(0.,0.0135669315710638,0.0275523200223371),(0.,1.1),
 .UNSPECIFIED.);
#32=B_SPLINE_SURFACE_WITH_KNOTS('',3,1,((#16721,#16722),(#16723,#16724),
(#16725,#16726),(#16727,#16728),(#16729,#16730)),.UNSPECIFIED.,.F.,.F.,
 .F.,(4,1,4),(2,2),(0.,0.022571347664794,0.0390323946620625),(0.,1.1),
 .UNSPECIFIED.);
#33=B_SPLINE_SURFACE_WITH_KNOTS('',3,1,((#16740,#16741),(#16742,#16743),
(#16744,#16745),(#16746,#16747),(#16748,#16749)),.UNSPECIFIED.,.F.,.F.,
 .F.,(4,1,4),(2,2),(0.,0.0252529048747737,0.0484879410204713),(0.,1.1),
 .UNSPECIFIED.);
#34=B_SPLINE_SURFACE_WITH_KNOTS('',3,1,((#16761,#16762),(#16763,#16764),
(#16765,#16766),(#16767,#16768),(#16769,#16770)),.UNSPECIFIED.,.F.,.F.,
 .F.,(4,1,4),(2,2),(0.,0.0291275842569745,0.0549941868646173),(0.,1.1),
 .UNSPECIFIED.);
#35=B_SPLINE_SURFACE_WITH_KNOTS('',3,1,((#16786,#16787),(#16788,#16789),
(#16790,#16791),(#16792,#16793),(#16794,#16795)),.UNSPECIFIED.,.F.,.F.,
 .F.,(4,1,4),(2,2),(0.,0.00735880248066378,0.0167165461520879),(0.,1.1),
 .UNSPECIFIED.);
#36=B_SPLINE_SURFACE_WITH_KNOTS('',3,1,((#16805,#16806),(#16807,#16808),
(#16809,#16810),(#16811,#16812),(#16813,#16814)),.UNSPECIFIED.,.F.,.F.,
 .F.,(4,1,4),(2,2),(0.,0.0100576833552814,0.0202704851228882),(0.,1.1),
 .UNSPECIFIED.);
#37=B_SPLINE_SURFACE_WITH_KNOTS('',3,1,((#16824,#16825),(#16826,#16827),
(#16828,#16829),(#16830,#16831),(#16832,#16833)),.UNSPECIFIED.,.F.,.F.,
 .F.,(4,1,4),(2,2),(0.,0.0145724366082665,0.0295302719277396),(0.,1.1),
 .UNSPECIFIED.);
#38=B_SPLINE_SURFACE_WITH_KNOTS('',3,1,((#16843,#16844),(#16845,#16846),
(#16847,#16848),(#16849,#16850),(#16851,#16852)),.UNSPECIFIED.,.F.,.F.,
 .F.,(4,1,4),(2,2),(0.,0.014926962346822,0.0267827389678542),(0.,1.1),
 .UNSPECIFIED.);
#39=B_SPLINE_SURFACE_WITH_KNOTS('',3,1,((#16870,#16871),(#16872,#16873),
(#16874,#16875),(#16876,#16877),(#16878,#16879)),.UNSPECIFIED.,.F.,.F.,
 .F.,(4,1,4),(2,2),(0.,0.0271802717542663,0.0597570857136616),(0.,1.1),
 .UNSPECIFIED.);
#40=B_SPLINE_SURFACE_WITH_KNOTS('',3,1,((#16889,#16890),(#16891,#16892),
(#16893,#16894),(#16895,#16896),(#16897,#16898)),.UNSPECIFIED.,.F.,.F.,
 .F.,(4,1,4),(2,2),(0.,0.024508227059881,0.0489382677568447),(0.,1.1),
 .UNSPECIFIED.);
#41=B_SPLINE_SURFACE_WITH_KNOTS('',3,1,((#16908,#16909),(#16910,#16911),
(#16912,#16913),(#16914,#16915),(#16916,#16917)),.UNSPECIFIED.,.F.,.F.,
 .F.,(4,1,4),(2,2),(0.,0.0349127583518745,0.0629413237657872),(0.,1.1),
 .UNSPECIFIED.);
#42=B_SPLINE_SURFACE_WITH_KNOTS('',3,1,((#16927,#16928),(#16929,#16930),
(#16931,#16932),(#16933,#16934),(#16935,#16936)),.UNSPECIFIED.,.F.,.F.,
 .F.,(4,1,4),(2,2),(0.,0.0378997384741557,0.0811407085964165),(0.,1.1),
 .UNSPECIFIED.);
#43=B_SPLINE_SURFACE_WITH_KNOTS('',3,1,((#16946,#16947),(#16948,#16949),
(#16950,#16951),(#16952,#16953),(#16954,#16955)),.UNSPECIFIED.,.F.,.F.,
 .F.,(4,1,4),(2,2),(0.,0.0390095977155319,0.0755470414893424),(0.,1.1),
 .UNSPECIFIED.);
#44=B_SPLINE_SURFACE_WITH_KNOTS('',3,1,((#16965,#16966),(#16967,#16968),
(#16969,#16970),(#16971,#16972),(#16973,#16974)),.UNSPECIFIED.,.F.,.F.,
 .F.,(4,1,4),(2,2),(0.,0.0260869134174654,0.0541953272681223),(0.,1.1),
 .UNSPECIFIED.);
#45=B_SPLINE_SURFACE_WITH_KNOTS('',3,1,((#16984,#16985),(#16986,#16987),
(#16988,#16989),(#16990,#16991),(#16992,#16993)),.UNSPECIFIED.,.F.,.F.,
 .F.,(4,1,4),(2,2),(0.,0.0229850930751232,0.0474738087984694),(0.,1.1),
 .UNSPECIFIED.);
#46=B_SPLINE_SURFACE_WITH_KNOTS('',3,1,((#17003,#17004),(#17005,#17006),
(#17007,#17008),(#17009,#17010),(#17011,#17012)),.UNSPECIFIED.,.F.,.F.,
 .F.,(4,1,4),(2,2),(0.,0.0322453118121668,0.0578725479656729),(0.,1.1),
 .UNSPECIFIED.);
#47=B_SPLINE_SURFACE_WITH_KNOTS('',3,1,((#17022,#17023),(#17024,#17025),
(#17026,#17027),(#17028,#17029),(#17030,#17031)),.UNSPECIFIED.,.F.,.F.,
 .F.,(4,1,4),(2,2),(0.,0.0284129647491872,0.0651543252444809),(0.,1.1),
 .UNSPECIFIED.);
#48=B_SPLINE_SURFACE_WITH_KNOTS('',3,1,((#17079,#17080),(#17081,#17082),
(#17083,#17084),(#17085,#17086),(#17087,#17088)),.UNSPECIFIED.,.F.,.F.,
 .F.,(4,1,4),(2,2),(0.,0.00927491510887898,0.0219940111519103),(0.,1.1),
 .UNSPECIFIED.);
#49=B_SPLINE_SURFACE_WITH_KNOTS('',3,1,((#17100,#17101),(#17102,#17103),
(#17104,#17105),(#17106,#17107),(#17108,#17109)),.UNSPECIFIED.,.F.,.F.,
 .F.,(4,1,4),(2,2),(0.,0.00639010006827826,0.0137807325889908),(0.,1.1),
 .UNSPECIFIED.);
#50=B_SPLINE_SURFACE_WITH_KNOTS('',3,1,((#17119,#17120),(#17121,#17122),
(#17123,#17124),(#17125,#17126),(#17127,#17128)),.UNSPECIFIED.,.F.,.F.,
 .F.,(4,1,4),(2,2),(0.,0.00963105552671576,0.0155693971446752),(0.,1.1),
 .UNSPECIFIED.);
#51=B_SPLINE_SURFACE_WITH_KNOTS('',3,1,((#17182,#17183),(#17184,#17185),
(#17186,#17187),(#17188,#17189),(#17190,#17191)),.UNSPECIFIED.,.F.,.F.,
 .F.,(4,1,4),(2,2),(0.,0.0182743734805429,0.0444368026436502),(0.,1.1),
 .UNSPECIFIED.);
#52=B_SPLINE_SURFACE_WITH_KNOTS('',3,1,((#17201,#17202),(#17203,#17204),
(#17205,#17206),(#17207,#17208),(#17209,#17210)),.UNSPECIFIED.,.F.,.F.,
 .F.,(4,1,4),(2,2),(0.,0.0135669315710638,0.0275523200223371),(0.,1.1),
 .UNSPECIFIED.);
#53=B_SPLINE_SURFACE_WITH_KNOTS('',3,1,((#17220,#17221),(#17222,#17223),
(#17224,#17225),(#17226,#17227),(#17228,#17229)),.UNSPECIFIED.,.F.,.F.,
 .F.,(4,1,4),(2,2),(0.,0.0225714071078885,0.0390323972960107),(0.,1.1),
 .UNSPECIFIED.);
#54=B_SPLINE_SURFACE_WITH_KNOTS('',3,1,((#17239,#17240),(#17241,#17242),
(#17243,#17244),(#17245,#17246),(#17247,#17248)),.UNSPECIFIED.,.F.,.F.,
 .F.,(4,1,4),(2,2),(0.,0.0252529048747737,0.0484878815251863),(0.,1.1),
 .UNSPECIFIED.);
#55=B_SPLINE_SURFACE_WITH_KNOTS('',3,1,((#17292,#17293),(#17294,#17295),
(#17296,#17297),(#17298,#17299),(#17300,#17301)),.UNSPECIFIED.,.F.,.F.,
 .F.,(4,1,4),(2,2),(0.,0.0409661492569184,0.0806275369902984),(0.,1.2),
 .UNSPECIFIED.);
#56=B_SPLINE_SURFACE_WITH_KNOTS('',3,1,((#17320,#17321),(#17322,#17323),
(#17324,#17325),(#17326,#17327),(#17328,#17329)),.UNSPECIFIED.,.F.,.F.,
 .F.,(4,1,4),(2,2),(0.,0.0611393396919082,0.109263185040449),(0.,1.2),
 .UNSPECIFIED.);
#57=B_SPLINE_SURFACE_WITH_KNOTS('',3,1,((#17345,#17346),(#17347,#17348),
(#17349,#17350),(#17351,#17352),(#17353,#17354)),.UNSPECIFIED.,.F.,.F.,
 .F.,(4,1,4),(2,2),(0.,0.0522965943171217,0.11571028162853),(0.,1.2),
 .UNSPECIFIED.);
#58=B_SPLINE_SURFACE_WITH_KNOTS('',3,1,((#17370,#17371),(#17372,#17373),
(#17374,#17375),(#17376,#17377),(#17378,#17379)),.UNSPECIFIED.,.F.,.F.,
 .F.,(4,1,4),(2,2),(0.,0.0451173231216129,0.0912626105459771),(0.,1.2),
 .UNSPECIFIED.);
#59=B_SPLINE_SURFACE_WITH_KNOTS('',3,1,((#17395,#17396),(#17397,#17398),
(#17399,#17400),(#17401,#17402),(#17403,#17404)),.UNSPECIFIED.,.F.,.F.,
 .F.,(4,1,4),(2,2),(0.,0.0431408408760561,0.087551370088239),(0.,1.2),
 .UNSPECIFIED.);
#60=B_SPLINE_SURFACE_WITH_KNOTS('',3,1,((#17420,#17421),(#17422,#17423),
(#17424,#17425),(#17426,#17427),(#17428,#17429)),.UNSPECIFIED.,.F.,.F.,
 .F.,(4,1,4),(2,2),(0.,0.0293850974381927,0.0619273068296122),(0.,1.2),
 .UNSPECIFIED.);
#61=B_SPLINE_SURFACE_WITH_KNOTS('',3,1,((#17445,#17446),(#17447,#17448),
(#17449,#17450),(#17451,#17452),(#17453,#17454)),.UNSPECIFIED.,.F.,.F.,
 .F.,(4,1,4),(2,2),(0.,0.0283837321259829,0.0564465852744344),(0.,1.2),
 .UNSPECIFIED.);
#62=B_SPLINE_SURFACE_WITH_KNOTS('',3,1,((#17470,#17471),(#17472,#17473),
(#17474,#17475),(#17476,#17477),(#17478,#17479)),.UNSPECIFIED.,.F.,.F.,
 .F.,(4,1,4),(2,2),(0.,0.0267307328790698,0.0475162666955625),(0.,1.2),
 .UNSPECIFIED.);
#63=B_SPLINE_SURFACE_WITH_KNOTS('',3,1,((#17495,#17496),(#17497,#17498),
(#17499,#17500),(#17501,#17502),(#17503,#17504)),.UNSPECIFIED.,.F.,.F.,
 .F.,(4,1,4),(2,2),(0.,0.0332036614034443,0.0711149177357752),(0.,1.2),
 .UNSPECIFIED.);
#64=B_SPLINE_SURFACE_WITH_KNOTS('',3,1,((#17520,#17521),(#17522,#17523),
(#17524,#17525),(#17526,#17527),(#17528,#17529)),.UNSPECIFIED.,.F.,.F.,
 .F.,(4,1,4),(2,2),(0.,0.031183088538517,0.0619985119072378),(0.,1.2),
 .UNSPECIFIED.);
#65=B_SPLINE_SURFACE_WITH_KNOTS('',3,1,((#17545,#17546),(#17547,#17548),
(#17549,#17550),(#17551,#17552),(#17553,#17554)),.UNSPECIFIED.,.F.,.F.,
 .F.,(4,1,4),(2,2),(0.,0.0526130088611158,0.104340283369792),(0.,1.2),
 .UNSPECIFIED.);
#66=B_SPLINE_SURFACE_WITH_KNOTS('',3,1,((#17578,#17579),(#17580,#17581),
(#17582,#17583),(#17584,#17585),(#17586,#17587)),.UNSPECIFIED.,.F.,.F.,
 .F.,(4,1,4),(2,2),(0.,0.0208302356978943,0.0397755807721073),(0.,1.2),
 .UNSPECIFIED.);
#67=B_SPLINE_SURFACE_WITH_KNOTS('',3,1,((#17653,#17654),(#17655,#17656),
(#17657,#17658),(#17659,#17660),(#17661,#17662)),.UNSPECIFIED.,.F.,.F.,
 .F.,(4,1,4),(2,2),(0.,0.06036332412268,0.116780158589799),(0.,1.2),
 .UNSPECIFIED.);
#68=B_SPLINE_SURFACE_WITH_KNOTS('',3,1,((#17682,#17683),(#17684,#17685),
(#17686,#17687),(#17688,#17689),(#17690,#17691)),.UNSPECIFIED.,.F.,.F.,
 .F.,(4,1,4),(2,2),(0.,0.02256137598408,0.0434262093424429),(0.,1.2),
 .UNSPECIFIED.);
#69=B_SPLINE_SURFACE_WITH_KNOTS('',3,1,((#17701,#17702),(#17703,#17704),
(#17705,#17706),(#17707,#17708),(#17709,#17710)),.UNSPECIFIED.,.F.,.F.,
 .F.,(4,1,4),(2,2),(0.,0.0191611482336808,0.0407487485895724),(0.,1.2),
 .UNSPECIFIED.);
#70=B_SPLINE_SURFACE_WITH_KNOTS('',3,1,((#17716,#17717),(#17718,#17719),
(#17720,#17721),(#17722,#17723),(#17724,#17725)),.UNSPECIFIED.,.F.,.F.,
 .F.,(4,1,4),(2,2),(0.,0.023427064574655,0.0461442521661765),(0.,1.2),
 .UNSPECIFIED.);
#71=B_SPLINE_SURFACE_WITH_KNOTS('',3,1,((#17741,#17742),(#17743,#17744),
(#17745,#17746),(#17747,#17748),(#17749,#17750)),.UNSPECIFIED.,.F.,.F.,
 .F.,(4,1,4),(2,2),(0.,0.0254006117499518,0.049705006745241),(0.,1.2),
 .UNSPECIFIED.);
#72=B_SPLINE_SURFACE_WITH_KNOTS('',3,1,((#17766,#17767),(#17768,#17769),
(#17770,#17771),(#17772,#17773),(#17774,#17775)),.UNSPECIFIED.,.F.,.F.,
 .F.,(4,1,4),(2,2),(0.,0.0103961218540909,0.0181670367649511),(0.,1.2),
 .UNSPECIFIED.);
#73=B_SPLINE_SURFACE_WITH_KNOTS('',3,1,((#17797,#17798),(#17799,#17800),
(#17801,#17802),(#17803,#17804),(#17805,#17806)),.UNSPECIFIED.,.F.,.F.,
 .F.,(4,1,4),(2,2),(0.,0.0195480609674399,0.0458542572459175),(0.,1.2),
 .UNSPECIFIED.);
#74=B_SPLINE_SURFACE_WITH_KNOTS('',3,1,((#17822,#17823),(#17824,#17825),
(#17826,#17827),(#17828,#17829),(#17830,#17831)),.UNSPECIFIED.,.F.,.F.,
 .F.,(4,1,4),(2,2),(0.,0.0255058574813994,0.0534155946627358),(0.,1.2),
 .UNSPECIFIED.);
#75=B_SPLINE_SURFACE_WITH_KNOTS('',3,1,((#17847,#17848),(#17849,#17850),
(#17851,#17852),(#17853,#17854),(#17855,#17856)),.UNSPECIFIED.,.F.,.F.,
 .F.,(4,1,4),(2,2),(0.,0.0311892442115912,0.0578416913911243),(0.,1.2),
 .UNSPECIFIED.);
#76=B_SPLINE_SURFACE_WITH_KNOTS('',3,1,((#17872,#17873),(#17874,#17875),
(#17876,#17877),(#17878,#17879),(#17880,#17881)),.UNSPECIFIED.,.F.,.F.,
 .F.,(4,1,4),(2,2),(0.,0.0276467198867034,0.058692277627713),(0.,1.2),
 .UNSPECIFIED.);
#77=B_SPLINE_SURFACE_WITH_KNOTS('',3,1,((#17897,#17898),(#17899,#17900),
(#17901,#17902),(#17903,#17904),(#17905,#17906)),.UNSPECIFIED.,.F.,.F.,
 .F.,(4,1,4),(2,2),(0.,0.0261281742699367,0.0520846729135978),(0.,1.2),
 .UNSPECIFIED.);
#78=B_SPLINE_SURFACE_WITH_KNOTS('',3,1,((#17922,#17923),(#17924,#17925),
(#17926,#17927),(#17928,#17929),(#17930,#17931)),.UNSPECIFIED.,.F.,.F.,
 .F.,(4,1,4),(2,2),(0.,0.023033960963952,0.0476278788508139),(0.,1.2),
 .UNSPECIFIED.);
#79=B_SPLINE_SURFACE_WITH_KNOTS('',3,1,((#17947,#17948),(#17949,#17950),
(#17951,#17952),(#17953,#17954),(#17955,#17956)),.UNSPECIFIED.,.F.,.F.,
 .F.,(4,1,4),(2,2),(0.,0.0370175351461786,0.0641543913170826),(0.,1.2),
 .UNSPECIFIED.);
#80=B_SPLINE_SURFACE_WITH_KNOTS('',3,1,((#17978,#17979),(#17980,#17981),
(#17982,#17983),(#17984,#17985),(#17986,#17987)),.UNSPECIFIED.,.F.,.F.,
 .F.,(4,1,4),(2,2),(0.,0.0414488092393508,0.0873130934352283),(0.,1.2),
 .UNSPECIFIED.);
#81=B_SPLINE_SURFACE_WITH_KNOTS('',3,1,((#18000,#18001),(#18002,#18003),
(#18004,#18005),(#18006,#18007),(#18008,#18009)),.UNSPECIFIED.,.F.,.F.,
 .F.,(4,1,4),(2,2),(0.,0.0848201518806693,0.148243555620077),(0.,1.2),
 .UNSPECIFIED.);
#82=B_SPLINE_SURFACE_WITH_KNOTS('',3,1,((#18017,#18018),(#18019,#18020),
(#18021,#18022),(#18023,#18024),(#18025,#18026)),.UNSPECIFIED.,.F.,.F.,
 .F.,(4,1,4),(2,2),(0.,0.0615675361677274,0.137616348088133),(0.,1.2),
 .UNSPECIFIED.);
#83=B_SPLINE_SURFACE_WITH_KNOTS('',3,1,((#18038,#18039),(#18040,#18041),
(#18042,#18043),(#18044,#18045),(#18046,#18047)),.UNSPECIFIED.,.F.,.F.,
 .F.,(4,1,4),(2,2),(0.,0.0241412120200738,0.0567122995827422),(0.,1.2),
 .UNSPECIFIED.);
#84=B_SPLINE_SURFACE_WITH_KNOTS('',3,1,((#18099,#18100),(#18101,#18102),
(#18103,#18104),(#18105,#18106),(#18107,#18108)),.UNSPECIFIED.,.F.,.F.,
 .F.,(4,1,4),(2,2),(0.,0.0678465659373884,0.12360363539812),(0.,1.2),
 .UNSPECIFIED.);
#85=B_SPLINE_SURFACE_WITH_KNOTS('',3,1,((#18131,#18132),(#18133,#18134),
(#18135,#18136),(#18137,#18138),(#18139,#18140)),.UNSPECIFIED.,.F.,.F.,
 .F.,(4,1,4),(2,2),(0.,0.0500461444632712,0.100789408033549),(0.,1.2),
 .UNSPECIFIED.);
#86=B_SPLINE_SURFACE_WITH_KNOTS('',3,1,((#18154,#18155),(#18156,#18157),
(#18158,#18159),(#18160,#18161),(#18162,#18163)),.UNSPECIFIED.,.F.,.F.,
 .F.,(4,1,4),(2,2),(0.,0.0392148009633136,0.0857413170954507),(0.,1.2),
 .UNSPECIFIED.);
#87=B_SPLINE_SURFACE_WITH_KNOTS('',3,1,((#18179,#18180),(#18181,#18182),
(#18183,#18184),(#18185,#18186),(#18187,#18188)),.UNSPECIFIED.,.F.,.F.,
 .F.,(4,1,4),(2,2),(0.,0.0409337115140305,0.0782826111873762),(0.,1.2),
 .UNSPECIFIED.);
#88=B_SPLINE_SURFACE_WITH_KNOTS('',3,1,((#18209,#18210),(#18211,#18212),
(#18213,#18214),(#18215,#18216),(#18217,#18218)),.UNSPECIFIED.,.F.,.F.,
 .F.,(4,1,4),(2,2),(0.,0.0245313019725297,0.0475549117290071),(0.,1.2),
 .UNSPECIFIED.);
#89=B_SPLINE_SURFACE_WITH_KNOTS('',3,1,((#18245,#18246),(#18247,#18248),
(#18249,#18250),(#18251,#18252),(#18253,#18254)),.UNSPECIFIED.,.F.,.F.,
 .F.,(4,1,4),(2,2),(0.,0.0534973407583658,0.0969444186187211),(0.,1.2),
 .UNSPECIFIED.);
#90=B_SPLINE_SURFACE_WITH_KNOTS('',3,1,((#18281,#18282),(#18283,#18284),
(#18285,#18286),(#18287,#18288),(#18289,#18290)),.UNSPECIFIED.,.F.,.F.,
 .F.,(4,1,4),(2,2),(0.,0.0203978920731299,0.0450353801469367),(0.,1.2),
 .UNSPECIFIED.);
#91=B_SPLINE_SURFACE_WITH_KNOTS('',3,1,((#18309,#18310),(#18311,#18312),
(#18313,#18314),(#18315,#18316),(#18317,#18318)),.UNSPECIFIED.,.F.,.F.,
 .F.,(4,1,4),(2,2),(0.,0.0428058464753777,0.0692555858179234),(0.,1.2),
 .UNSPECIFIED.);
#92=B_SPLINE_SURFACE_WITH_KNOTS('',3,1,((#18334,#18335),(#18336,#18337),
(#18338,#18339),(#18340,#18341),(#18342,#18343)),.UNSPECIFIED.,.F.,.F.,
 .F.,(4,1,4),(2,2),(0.,0.0577012624541079,0.134103583847148),(0.,1.2),
 .UNSPECIFIED.);
#93=B_SPLINE_SURFACE_WITH_KNOTS('',3,1,((#18359,#18360),(#18361,#18362),
(#18363,#18364),(#18365,#18366),(#18367,#18368)),.UNSPECIFIED.,.F.,.F.,
 .F.,(4,1,4),(2,2),(0.,0.0451779834707664,0.0923032665267452),(0.,1.2),
 .UNSPECIFIED.);
#94=B_SPLINE_SURFACE_WITH_KNOTS('',3,1,((#18384,#18385),(#18386,#18387),
(#18388,#18389),(#18390,#18391),(#18392,#18393)),.UNSPECIFIED.,.F.,.F.,
 .F.,(4,1,4),(2,2),(0.,0.0406747746069466,0.0819748339256697),(0.,1.2),
 .UNSPECIFIED.);
#95=B_SPLINE_SURFACE_WITH_KNOTS('',3,1,((#18449,#18450),(#18451,#18452),
(#18453,#18454),(#18455,#18456),(#18457,#18458)),.UNSPECIFIED.,.F.,.F.,
 .F.,(4,1,4),(2,2),(0.,0.0226008504878741,0.0463542388505896),(0.,1.2),
 .UNSPECIFIED.);
#96=B_SPLINE_SURFACE_WITH_KNOTS('',3,1,((#18482,#18483),(#18484,#18485),
(#18486,#18487),(#18488,#18489),(#18490,#18491)),.UNSPECIFIED.,.F.,.F.,
 .F.,(4,1,4),(2,2),(0.,0.0421253352062231,0.0830696448986589),(0.,1.2),
 .UNSPECIFIED.);
#97=B_SPLINE_SURFACE_WITH_KNOTS('',3,1,((#18499,#18500),(#18501,#18502),
(#18503,#18504),(#18505,#18506),(#18507,#18508)),.UNSPECIFIED.,.F.,.F.,
 .F.,(4,1,4),(2,2),(0.,0.0653196599429816,0.115800502906173),(0.,1.2),
 .UNSPECIFIED.);
#98=B_SPLINE_SURFACE_WITH_KNOTS('',3,1,((#18516,#18517),(#18518,#18519),
(#18520,#18521),(#18522,#18523),(#18524,#18525)),.UNSPECIFIED.,.F.,.F.,
 .F.,(4,1,4),(2,2),(0.,0.0491631401097548,0.111944808506808),(0.,1.2),
 .UNSPECIFIED.);
#99=B_SPLINE_SURFACE_WITH_KNOTS('',3,1,((#18533,#18534),(#18535,#18536),
(#18537,#18538),(#18539,#18540),(#18541,#18542)),.UNSPECIFIED.,.F.,.F.,
 .F.,(4,1,4),(2,2),(0.,0.0392087691413777,0.0804534773165952),(0.,1.2),
 .UNSPECIFIED.);
#100=B_SPLINE_SURFACE_WITH_KNOTS('',3,1,((#18554,#18555),(#18556,#18557),
(#18558,#18559),(#18560,#18561),(#18562,#18563)),.UNSPECIFIED.,.F.,.F.,
 .F.,(4,1,4),(2,2),(0.,0.0270753623522938,0.0639809635546699),(0.,1.2),
 .UNSPECIFIED.);
#101=B_SPLINE_SURFACE_WITH_KNOTS('',3,1,((#18576,#18577),(#18578,#18579),
(#18580,#18581),(#18582,#18583),(#18584,#18585)),.UNSPECIFIED.,.F.,.F.,
 .F.,(4,1,4),(2,2),(0.,0.0216048950175928,0.0435006024483949),(0.,1.2),
 .UNSPECIFIED.);
#102=B_SPLINE_SURFACE_WITH_KNOTS('',3,1,((#18601,#18602),(#18603,#18604),
(#18605,#18606),(#18607,#18608),(#18609,#18610)),.UNSPECIFIED.,.F.,.F.,
 .F.,(4,1,4),(2,2),(0.,0.0262615401586993,0.0484183976489352),(0.,1.2),
 .UNSPECIFIED.);
#103=B_SPLINE_SURFACE_WITH_KNOTS('',3,1,((#18626,#18627),(#18628,#18629),
(#18630,#18631),(#18632,#18633),(#18634,#18635)),.UNSPECIFIED.,.F.,.F.,
 .F.,(4,1,4),(2,2),(0.,0.064011600738982,0.104352557038119),(0.,1.2),
 .UNSPECIFIED.);
#104=B_SPLINE_SURFACE_WITH_KNOTS('',3,1,((#18651,#18652),(#18653,#18654),
(#18655,#18656),(#18657,#18658),(#18659,#18660)),.UNSPECIFIED.,.F.,.F.,
 .F.,(4,1,4),(2,2),(0.,0.0790207834319686,0.187818392013149),(0.,1.2),
 .UNSPECIFIED.);
#105=B_SPLINE_SURFACE_WITH_KNOTS('',3,1,((#18676,#18677),(#18678,#18679),
(#18680,#18681),(#18682,#18683),(#18684,#18685)),.UNSPECIFIED.,.F.,.F.,
 .F.,(4,1,4),(2,2),(0.,0.0616182336859489,0.124903853046802),(0.,1.2),
 .UNSPECIFIED.);
#106=B_SPLINE_SURFACE_WITH_KNOTS('',3,1,((#20161,#20162),(#20163,#20164),
(#20165,#20166),(#20167,#20168),(#20169,#20170)),.UNSPECIFIED.,.F.,.F.,
 .F.,(4,1,4),(2,2),(0.,0.0120804601210051,0.0252009677613592),(0.,1.1),
 .UNSPECIFIED.);
#107=B_SPLINE_SURFACE_WITH_KNOTS('',3,1,((#20173,#20174),(#20175,#20176),
(#20177,#20178),(#20179,#20180),(#20181,#20182)),.UNSPECIFIED.,.F.,.F.,
 .F.,(4,1,4),(2,2),(0.,0.0152367002056453,0.0304179957380504),(0.,1.1),
 .UNSPECIFIED.);
#108=B_SPLINE_SURFACE_WITH_KNOTS('',3,1,((#20184,#20185),(#20186,#20187),
(#20188,#20189),(#20190,#20191),(#20192,#20193)),.UNSPECIFIED.,.F.,.F.,
 .F.,(4,1,4),(2,2),(0.,0.0114206961593627,0.0259020308568057),(0.,1.1),
 .UNSPECIFIED.);
#109=B_SPLINE_SURFACE_WITH_KNOTS('',3,1,((#20197,#20198),(#20199,#20200),
(#20201,#20202),(#20203,#20204),(#20205,#20206)),.UNSPECIFIED.,.F.,.F.,
 .F.,(4,1,4),(2,2),(0.,0.0176647220287752,0.0312246795741137),(0.,1.1),
 .UNSPECIFIED.);
#110=B_SPLINE_CURVE_WITH_KNOTS('',3,(#16136,#16137,#16138,#16139,#16140),
 .UNSPECIFIED.,.F.,.F.,(4,1,4),(0.,0.00963105552671576,0.0155693971446752),
 .UNSPECIFIED.);
#111=B_SPLINE_CURVE_WITH_KNOTS('',3,(#16142,#16143,#16144,#16145,#16146),
 .UNSPECIFIED.,.F.,.F.,(4,1,4),(0.,0.00639010006827826,0.0137807325889908),
 .UNSPECIFIED.);
#112=B_SPLINE_CURVE_WITH_KNOTS('',3,(#16148,#16149,#16150,#16151,#16152),
 .UNSPECIFIED.,.F.,.F.,(4,1,4),(0.,0.00927491510887898,0.0219940111519103),
 .UNSPECIFIED.);
#113=B_SPLINE_CURVE_WITH_KNOTS('',3,(#16156,#16157,#16158,#16159,#16160),
 .UNSPECIFIED.,.F.,.F.,(4,1,4),(0.,0.0252529048747737,0.0484878815251863),
 .UNSPECIFIED.);
#114=B_SPLINE_CURVE_WITH_KNOTS('',3,(#16162,#16163,#16164,#16165,#16166),
 .UNSPECIFIED.,.F.,.F.,(4,1,4),(0.,0.0225714071078885,0.0390323972960107),
 .UNSPECIFIED.);
#115=B_SPLINE_CURVE_WITH_KNOTS('',3,(#16168,#16169,#16170,#16171,#16172),
 .UNSPECIFIED.,.F.,.F.,(4,1,4),(0.,0.0135669315710638,0.0275523200223371),
 .UNSPECIFIED.);
#116=B_SPLINE_CURVE_WITH_KNOTS('',3,(#16174,#16175,#16176,#16177,#16178),
 .UNSPECIFIED.,.F.,.F.,(4,1,4),(0.,0.0182743734805429,0.0444368026436502),
 .UNSPECIFIED.);
#117=B_SPLINE_CURVE_WITH_KNOTS('',3,(#16208,#16209,#16210,#16211,#16212),
 .UNSPECIFIED.,.F.,.F.,(4,1,4),(0.,0.0271802717542663,0.0597570857136616),
 .UNSPECIFIED.);
#118=B_SPLINE_CURVE_WITH_KNOTS('',3,(#16218,#16219,#16220,#16221,#16222),
 .UNSPECIFIED.,.F.,.F.,(4,1,4),(0.,0.014926962346822,0.0267827389678542),
 .UNSPECIFIED.);
#119=B_SPLINE_CURVE_WITH_KNOTS('',3,(#16224,#16225,#16226,#16227,#16228),
 .UNSPECIFIED.,.F.,.F.,(4,1,4),(0.,0.0145724366082665,0.0295302719277396),
 .UNSPECIFIED.);
#120=B_SPLINE_CURVE_WITH_KNOTS('',3,(#16230,#16231,#16232,#16233,#16234),
 .UNSPECIFIED.,.F.,.F.,(4,1,4),(0.,0.0100576833552814,0.0202704851228882),
 .UNSPECIFIED.);
#121=B_SPLINE_CURVE_WITH_KNOTS('',3,(#16236,#16237,#16238,#16239,#16240),
 .UNSPECIFIED.,.F.,.F.,(4,1,4),(0.,0.00735880248066378,0.0167165461520879),
 .UNSPECIFIED.);
#122=B_SPLINE_CURVE_WITH_KNOTS('',3,(#16244,#16245,#16246,#16247,#16248),
 .UNSPECIFIED.,.F.,.F.,(4,1,4),(0.,0.0291275842569745,0.0549941868646173),
 .UNSPECIFIED.);
#123=B_SPLINE_CURVE_WITH_KNOTS('',3,(#16250,#16251,#16252,#16253,#16254),
 .UNSPECIFIED.,.F.,.F.,(4,1,4),(0.,0.0284129647491872,0.0651543252444809),
 .UNSPECIFIED.);
#124=B_SPLINE_CURVE_WITH_KNOTS('',3,(#16256,#16257,#16258,#16259,#16260),
 .UNSPECIFIED.,.F.,.F.,(4,1,4),(0.,0.0322453118121668,0.0578725479656729),
 .UNSPECIFIED.);
#125=B_SPLINE_CURVE_WITH_KNOTS('',3,(#16262,#16263,#16264,#16265,#16266),
 .UNSPECIFIED.,.F.,.F.,(4,1,4),(0.,0.0229850930751232,0.0474738087984694),
 .UNSPECIFIED.);
#126=B_SPLINE_CURVE_WITH_KNOTS('',3,(#16268,#16269,#16270,#16271,#16272),
 .UNSPECIFIED.,.F.,.F.,(4,1,4),(0.,0.0260869134174654,0.0541953272681223),
 .UNSPECIFIED.);
#127=B_SPLINE_CURVE_WITH_KNOTS('',3,(#16274,#16275,#16276,#16277,#16278),
 .UNSPECIFIED.,.F.,.F.,(4,1,4),(0.,0.0390095977155319,0.0755470414893424),
 .UNSPECIFIED.);
#128=B_SPLINE_CURVE_WITH_KNOTS('',3,(#16280,#16281,#16282,#16283,#16284),
 .UNSPECIFIED.,.F.,.F.,(4,1,4),(0.,0.0378997384741557,0.0811407085964165),
 .UNSPECIFIED.);
#129=B_SPLINE_CURVE_WITH_KNOTS('',3,(#16286,#16287,#16288,#16289,#16290),
 .UNSPECIFIED.,.F.,.F.,(4,1,4),(0.,0.0349127583518745,0.0629413237657872),
 .UNSPECIFIED.);
#130=B_SPLINE_CURVE_WITH_KNOTS('',3,(#16291,#16292,#16293,#16294,#16295),
 .UNSPECIFIED.,.F.,.F.,(4,1,4),(0.,0.024508227059881,0.0489382677568447),
 .UNSPECIFIED.);
#131=B_SPLINE_CURVE_WITH_KNOTS('',3,(#16312,#16313,#16314,#16315,#16316),
 .UNSPECIFIED.,.F.,.F.,(4,1,4),(0.,0.00963105209667489,0.0155694104035673),
 .UNSPECIFIED.);
#132=B_SPLINE_CURVE_WITH_KNOTS('',3,(#16318,#16319,#16320,#16321,#16322),
 .UNSPECIFIED.,.F.,.F.,(4,1,4),(0.,0.00639005632512292,0.0137807472971638),
 .UNSPECIFIED.);
#133=B_SPLINE_CURVE_WITH_KNOTS('',3,(#16324,#16325,#16326,#16327,#16328),
 .UNSPECIFIED.,.F.,.F.,(4,1,4),(0.,0.00927491510887898,0.0219940111519103),
 .UNSPECIFIED.);
#134=B_SPLINE_CURVE_WITH_KNOTS('',3,(#16332,#16333,#16334,#16335,#16336),
 .UNSPECIFIED.,.F.,.F.,(4,1,4),(0.,0.0252529048747737,0.0484879410204713),
 .UNSPECIFIED.);
#135=B_SPLINE_CURVE_WITH_KNOTS('',3,(#16338,#16339,#16340,#16341,#16342),
 .UNSPECIFIED.,.F.,.F.,(4,1,4),(0.,0.022571347664794,0.0390323946620625),
 .UNSPECIFIED.);
#136=B_SPLINE_CURVE_WITH_KNOTS('',3,(#16344,#16345,#16346,#16347,#16348),
 .UNSPECIFIED.,.F.,.F.,(4,1,4),(0.,0.0135669315710638,0.0275523200223371),
 .UNSPECIFIED.);
#137=B_SPLINE_CURVE_WITH_KNOTS('',3,(#16350,#16351,#16352,#16353,#16354),
 .UNSPECIFIED.,.F.,.F.,(4,1,4),(0.,0.0182743878725828,0.0444368136847573),
 .UNSPECIFIED.);
#138=B_SPLINE_CURVE_WITH_KNOTS('',3,(#16372,#16373,#16374,#16375,#16376),
 .UNSPECIFIED.,.F.,.F.,(4,1,4),(0.,0.01885010750092,0.0330521173391076),
 .UNSPECIFIED.);
#139=B_SPLINE_CURVE_WITH_KNOTS('',3,(#16378,#16379,#16380,#16381,#16382),
 .UNSPECIFIED.,.F.,.F.,(4,1,4),(0.,0.0124030729569403,0.026017543177037),
 .UNSPECIFIED.);
#140=B_SPLINE_CURVE_WITH_KNOTS('',3,(#16384,#16385,#16386,#16387,#16388),
 .UNSPECIFIED.,.F.,.F.,(4,1,4),(0.,0.0162489829851196,0.035178456474556),
 .UNSPECIFIED.);
#141=B_SPLINE_CURVE_WITH_KNOTS('',3,(#16392,#16393,#16394,#16395,#16396),
 .UNSPECIFIED.,.F.,.F.,(4,1,4),(0.,0.0116493494265382,0.0201870228385713),
 .UNSPECIFIED.);
#142=B_SPLINE_CURVE_WITH_KNOTS('',3,(#16398,#16399,#16400,#16401,#16402),
 .UNSPECIFIED.,.F.,.F.,(4,1,4),(0.,0.0124304381428851,0.0247975629882261),
 .UNSPECIFIED.);
#143=B_SPLINE_CURVE_WITH_KNOTS('',3,(#16404,#16405,#16406,#16407,#16408),
 .UNSPECIFIED.,.F.,.F.,(4,1,4),(0.,0.0241498792737519,0.0608274880661791),
 .UNSPECIFIED.);
#144=B_SPLINE_CURVE_WITH_KNOTS('',3,(#16454,#16455,#16456,#16457,#16458,
#16459,#16460),.UNSPECIFIED.,.F.,.F.,(4,3,4),(0.,0.0192109964710683,0.0357016376375954),
 .UNSPECIFIED.);
#145=B_SPLINE_CURVE_WITH_KNOTS('',3,(#16474,#16475,#16476,#16477,#16478,
#16479,#16480),.UNSPECIFIED.,.F.,.F.,(4,3,4),(0.,0.0138684192930013,0.0265028452756314),
 .UNSPECIFIED.);
#146=B_SPLINE_CURVE_WITH_KNOTS('',3,(#16493,#16494,#16495,#16496,#16497,
#16498,#16499),.UNSPECIFIED.,.F.,.F.,(4,3,4),(0.,0.0160571096706703,0.0373694624217811),
 .UNSPECIFIED.);
#147=B_SPLINE_CURVE_WITH_KNOTS('',3,(#16532,#16533,#16534,#16535,#16536,
#16537,#16538),.UNSPECIFIED.,.F.,.F.,(4,3,4),(0.,0.0383006880719644,0.0635192621146252),
 .UNSPECIFIED.);
#148=B_SPLINE_CURVE_WITH_KNOTS('',3,(#16551,#16552,#16553,#16554,#16555,
#16556,#16557),.UNSPECIFIED.,.F.,.F.,(4,3,4),(0.,0.0131481704366297,0.026363652721197),
 .UNSPECIFIED.);
#149=B_SPLINE_CURVE_WITH_KNOTS('',3,(#16570,#16571,#16572,#16573,#16574,
#16575,#16576),.UNSPECIFIED.,.F.,.F.,(4,3,4),(0.,0.0096276609330719,0.0227642592727919),
 .UNSPECIFIED.);
#150=B_SPLINE_CURVE_WITH_KNOTS('',3,(#16592,#16593,#16594,#16595,#16596,
#16597,#16598),.UNSPECIFIED.,.F.,.F.,(4,3,4),(0.,0.0130068144958212,0.022491537299827),
 .UNSPECIFIED.);
#151=B_SPLINE_CURVE_WITH_KNOTS('',3,(#16612,#16613,#16614,#16615,#16616,
#16617,#16618),.UNSPECIFIED.,.F.,.F.,(4,3,4),(0.,0.00657902829952319,0.0122673139493455),
 .UNSPECIFIED.);
#152=B_SPLINE_CURVE_WITH_KNOTS('',3,(#16631,#16632,#16633,#16634,#16635,
#16636,#16637),.UNSPECIFIED.,.F.,.F.,(4,3,4),(0.,0.00655577482125124,0.0171881761642718),
 .UNSPECIFIED.);
#153=B_SPLINE_CURVE_WITH_KNOTS('',3,(#16694,#16695,#16696,#16697,#16698,
#16699,#16700),.UNSPECIFIED.,.F.,.F.,(4,3,4),(0.,0.0269492393061161,0.0457732144025634),
 .UNSPECIFIED.);
#154=B_SPLINE_CURVE_WITH_KNOTS('',3,(#16713,#16714,#16715,#16716,#16717,
#16718,#16719),.UNSPECIFIED.,.F.,.F.,(4,3,4),(0.,0.014243575625256,0.028060969150534),
 .UNSPECIFIED.);
#155=B_SPLINE_CURVE_WITH_KNOTS('',3,(#16732,#16733,#16734,#16735,#16736,
#16737,#16738),.UNSPECIFIED.,.F.,.F.,(4,3,4),(0.,0.0186076347109633,0.0441223782354995),
 .UNSPECIFIED.);
#156=B_SPLINE_CURVE_WITH_KNOTS('',3,(#16751,#16752,#16753,#16754,#16755,
#16756,#16757),.UNSPECIFIED.,.F.,.F.,(4,3,4),(0.,0.0248114075864105,0.0517775853732644),
 .UNSPECIFIED.);
#157=B_SPLINE_CURVE_WITH_KNOTS('',3,(#16773,#16774,#16775,#16776,#16777,
#16778,#16779),.UNSPECIFIED.,.F.,.F.,(4,3,4),(0.,0.0283863866495069,0.0603514220825043),
 .UNSPECIFIED.);
#158=B_SPLINE_CURVE_WITH_KNOTS('',3,(#16797,#16798,#16799,#16800,#16801,
#16802,#16803),.UNSPECIFIED.,.F.,.F.,(4,3,4),(0.,0.00952219774568778,0.0170103246759347),
 .UNSPECIFIED.);
#159=B_SPLINE_CURVE_WITH_KNOTS('',3,(#16816,#16817,#16818,#16819,#16820,
#16821,#16822),.UNSPECIFIED.,.F.,.F.,(4,3,4),(0.,0.0103191579019954,0.0204815819882646),
 .UNSPECIFIED.);
#160=B_SPLINE_CURVE_WITH_KNOTS('',3,(#16835,#16836,#16837,#16838,#16839,
#16840,#16841),.UNSPECIFIED.,.F.,.F.,(4,3,4),(0.,0.0154309466752283,0.030464304606209),
 .UNSPECIFIED.);
#161=B_SPLINE_CURVE_WITH_KNOTS('',3,(#16854,#16855,#16856,#16857,#16858,
#16859,#16860),.UNSPECIFIED.,.F.,.F.,(4,3,4),(0.,0.0134149134082154,0.0303048999296448),
 .UNSPECIFIED.);
#162=B_SPLINE_CURVE_WITH_KNOTS('',3,(#16881,#16882,#16883,#16884,#16885,
#16886,#16887),.UNSPECIFIED.,.F.,.F.,(4,3,4),(0.,0.033127060552673,0.0607664272925874),
 .UNSPECIFIED.);
#163=B_SPLINE_CURVE_WITH_KNOTS('',3,(#16900,#16901,#16902,#16903,#16904,
#16905,#16906),.UNSPECIFIED.,.F.,.F.,(4,3,4),(0.,0.0248673319256711,0.0498142497293537),
 .UNSPECIFIED.);
#164=B_SPLINE_CURVE_WITH_KNOTS('',3,(#16919,#16920,#16921,#16922,#16923,
#16924,#16925),.UNSPECIFIED.,.F.,.F.,(4,3,4),(0.,0.0315282480998841,0.0708002583121091),
 .UNSPECIFIED.);
#165=B_SPLINE_CURVE_WITH_KNOTS('',3,(#16938,#16939,#16940,#16941,#16942,
#16943,#16944),.UNSPECIFIED.,.F.,.F.,(4,3,4),(0.,0.044515102869038,0.0835315900596928),
 .UNSPECIFIED.);
#166=B_SPLINE_CURVE_WITH_KNOTS('',3,(#16957,#16958,#16959,#16960,#16961,
#16962,#16963),.UNSPECIFIED.,.F.,.F.,(4,3,4),(0.,0.0395115282362788,0.0816964394513298),
 .UNSPECIFIED.);
#167=B_SPLINE_CURVE_WITH_KNOTS('',3,(#16976,#16977,#16978,#16979,#16980,
#16981,#16982),.UNSPECIFIED.,.F.,.F.,(4,3,4),(0.,0.0284992935812695,0.0549489754474746),
 .UNSPECIFIED.);
#168=B_SPLINE_CURVE_WITH_KNOTS('',3,(#16995,#16996,#16997,#16998,#16999,
#17000,#17001),.UNSPECIFIED.,.F.,.F.,(4,3,4),(0.,0.0248338526232579,0.0481428909741463),
 .UNSPECIFIED.);
#169=B_SPLINE_CURVE_WITH_KNOTS('',3,(#17014,#17015,#17016,#17017,#17018,
#17019,#17020),.UNSPECIFIED.,.F.,.F.,(4,3,4),(0.,0.028843650299867,0.0651359953716968),
 .UNSPECIFIED.);
#170=B_SPLINE_CURVE_WITH_KNOTS('',3,(#17032,#17033,#17034,#17035,#17036,
#17037,#17038),.UNSPECIFIED.,.F.,.F.,(4,3,4),(0.,0.0375950787625499,0.0666682440787901),
 .UNSPECIFIED.);
#171=B_SPLINE_CURVE_WITH_KNOTS('',3,(#17091,#17092,#17093,#17094,#17095,
#17096,#17097),.UNSPECIFIED.,.F.,.F.,(4,3,4),(0.,0.0130068144957105,0.0224915372996355),
 .UNSPECIFIED.);
#172=B_SPLINE_CURVE_WITH_KNOTS('',3,(#17111,#17112,#17113,#17114,#17115,
#17116,#17117),.UNSPECIFIED.,.F.,.F.,(4,3,4),(0.,0.00657897145080573,0.0122672918752315),
 .UNSPECIFIED.);
#173=B_SPLINE_CURVE_WITH_KNOTS('',3,(#17130,#17131,#17132,#17133,#17134,
#17135,#17136),.UNSPECIFIED.,.F.,.F.,(4,3,4),(0.,0.00655574645772268,0.017188135467214),
 .UNSPECIFIED.);
#174=B_SPLINE_CURVE_WITH_KNOTS('',3,(#17193,#17194,#17195,#17196,#17197,
#17198,#17199),.UNSPECIFIED.,.F.,.F.,(4,3,4),(0.,0.0269492352172643,0.0457731902217847),
 .UNSPECIFIED.);
#175=B_SPLINE_CURVE_WITH_KNOTS('',3,(#17212,#17213,#17214,#17215,#17216,
#17217,#17218),.UNSPECIFIED.,.F.,.F.,(4,3,4),(0.,0.0142435756252366,0.0280609691504958),
 .UNSPECIFIED.);
#176=B_SPLINE_CURVE_WITH_KNOTS('',3,(#17231,#17232,#17233,#17234,#17235,
#17236,#17237),.UNSPECIFIED.,.F.,.F.,(4,3,4),(0.,0.0186075683390494,0.0441223761038703),
 .UNSPECIFIED.);
#177=B_SPLINE_CURVE_WITH_KNOTS('',3,(#17250,#17251,#17252,#17253,#17254,
#17255,#17256),.UNSPECIFIED.,.F.,.F.,(4,3,4),(0.,0.0248113799615989,0.0517775967738285),
 .UNSPECIFIED.);
#178=B_SPLINE_CURVE_WITH_KNOTS('',3,(#17304,#17305,#17306,#17307,#17308,
#17309,#17310),.UNSPECIFIED.,.F.,.F.,(4,3,4),(0.,0.0412270589588763,0.0838103861507199),
 .UNSPECIFIED.);
#179=B_SPLINE_CURVE_WITH_KNOTS('',3,(#17314,#17315,#17316,#17317,#17318),
 .UNSPECIFIED.,.F.,.F.,(4,1,4),(0.,0.0409661492569184,0.0806275369902984),
 .UNSPECIFIED.);
#180=B_SPLINE_CURVE_WITH_KNOTS('',3,(#17331,#17332,#17333,#17334,#17335,
#17336,#17337),.UNSPECIFIED.,.F.,.F.,(4,3,4),(0.,0.0541193505034478,0.122875729599327),
 .UNSPECIFIED.);
#181=B_SPLINE_CURVE_WITH_KNOTS('',3,(#17339,#17340,#17341,#17342,#17343),
 .UNSPECIFIED.,.F.,.F.,(4,1,4),(0.,0.0611393396919082,0.109263185040449),
 .UNSPECIFIED.);
#182=B_SPLINE_CURVE_WITH_KNOTS('',3,(#17356,#17357,#17358,#17359,#17360,
#17361,#17362),.UNSPECIFIED.,.F.,.F.,(4,3,4),(0.,0.0644911953439069,0.117676399089657),
 .UNSPECIFIED.);
#183=B_SPLINE_CURVE_WITH_KNOTS('',3,(#17364,#17365,#17366,#17367,#17368),
 .UNSPECIFIED.,.F.,.F.,(4,1,4),(0.,0.0522965943171217,0.11571028162853),
 .UNSPECIFIED.);
#184=B_SPLINE_CURVE_WITH_KNOTS('',3,(#17381,#17382,#17383,#17384,#17385,
#17386,#17387),.UNSPECIFIED.,.F.,.F.,(4,3,4),(0.,0.0467958696356193,0.0925492821496861),
 .UNSPECIFIED.);
#185=B_SPLINE_CURVE_WITH_KNOTS('',3,(#17389,#17390,#17391,#17392,#17393),
 .UNSPECIFIED.,.F.,.F.,(4,1,4),(0.,0.0451173231216129,0.0912626105459771),
 .UNSPECIFIED.);
#186=B_SPLINE_CURVE_WITH_KNOTS('',3,(#17406,#17407,#17408,#17409,#17410,
#17411,#17412),.UNSPECIFIED.,.F.,.F.,(4,3,4),(0.,0.0449040010575412,0.0885242055155017),
 .UNSPECIFIED.);
#187=B_SPLINE_CURVE_WITH_KNOTS('',3,(#17414,#17415,#17416,#17417,#17418),
 .UNSPECIFIED.,.F.,.F.,(4,1,4),(0.,0.0431408408760561,0.087551370088239),
 .UNSPECIFIED.);
#188=B_SPLINE_CURVE_WITH_KNOTS('',3,(#17431,#17432,#17433,#17434,#17435,
#17436,#17437),.UNSPECIFIED.,.F.,.F.,(4,3,4),(0.,0.032964325597203,0.0627305872547022),
 .UNSPECIFIED.);
#189=B_SPLINE_CURVE_WITH_KNOTS('',3,(#17439,#17440,#17441,#17442,#17443),
 .UNSPECIFIED.,.F.,.F.,(4,1,4),(0.,0.0293850974381927,0.0619273068296122),
 .UNSPECIFIED.);
#190=B_SPLINE_CURVE_WITH_KNOTS('',3,(#17456,#17457,#17458,#17459,#17460,
#17461,#17462),.UNSPECIFIED.,.F.,.F.,(4,3,4),(0.,0.0286702993416976,0.0576684233806781),
 .UNSPECIFIED.);
#191=B_SPLINE_CURVE_WITH_KNOTS('',3,(#17464,#17465,#17466,#17467,#17468),
 .UNSPECIFIED.,.F.,.F.,(4,1,4),(0.,0.0283837321259829,0.0564465852744344),
 .UNSPECIFIED.);
#192=B_SPLINE_CURVE_WITH_KNOTS('',3,(#17481,#17482,#17483,#17484,#17485,
#17486,#17487),.UNSPECIFIED.,.F.,.F.,(4,3,4),(0.,0.0233644474049092,0.0534117297100739),
 .UNSPECIFIED.);
#193=B_SPLINE_CURVE_WITH_KNOTS('',3,(#17489,#17490,#17491,#17492,#17493),
 .UNSPECIFIED.,.F.,.F.,(4,1,4),(0.,0.0267307328790698,0.0475162666955625),
 .UNSPECIFIED.);
#194=B_SPLINE_CURVE_WITH_KNOTS('',3,(#17506,#17507,#17508,#17509,#17510,
#17511,#17512),.UNSPECIFIED.,.F.,.F.,(4,3,4),(0.,0.0384136666274309,0.0720573519957334),
 .UNSPECIFIED.);
#195=B_SPLINE_CURVE_WITH_KNOTS('',3,(#17514,#17515,#17516,#17517,#17518),
 .UNSPECIFIED.,.F.,.F.,(4,1,4),(0.,0.0332036614034443,0.0711149177357752),
 .UNSPECIFIED.);
#196=B_SPLINE_CURVE_WITH_KNOTS('',3,(#17531,#17532,#17533,#17534,#17535,
#17536,#17537),.UNSPECIFIED.,.F.,.F.,(4,3,4),(0.,0.0316085191440158,0.063594166047045),
 .UNSPECIFIED.);
#197=B_SPLINE_CURVE_WITH_KNOTS('',3,(#17539,#17540,#17541,#17542,#17543),
 .UNSPECIFIED.,.F.,.F.,(4,1,4),(0.,0.031183088538517,0.0619985119072378),
 .UNSPECIFIED.);
#198=B_SPLINE_CURVE_WITH_KNOTS('',3,(#17556,#17557,#17558,#17559),
 .UNSPECIFIED.,.F.,.F.,(4,4),(0.,0.0204790699132103),.UNSPECIFIED.);
#199=B_SPLINE_CURVE_WITH_KNOTS('',3,(#17561,#17562,#17563,#17564,#17565),
 .UNSPECIFIED.,.F.,.F.,(4,1,4),(0.,0.0526130088611158,0.104340283369792),
 .UNSPECIFIED.);
#200=B_SPLINE_CURVE_WITH_KNOTS('',3,(#17569,#17570,#17571,#17572,#17573),
 .UNSPECIFIED.,.F.,.F.,(4,1,4),(0.,0.0526130088611158,0.0844872633632474),
 .UNSPECIFIED.);
#201=B_SPLINE_CURVE_WITH_KNOTS('',3,(#17574,#17575,#17576,#17577),
 .UNSPECIFIED.,.F.,.F.,(4,4),(0.0499999999999998,1.),.UNSPECIFIED.);
#202=B_SPLINE_CURVE_WITH_KNOTS('',3,(#17590,#17591,#17592,#17593),
 .UNSPECIFIED.,.F.,.F.,(4,4),(0.,0.950000000000002),.UNSPECIFIED.);
#203=B_SPLINE_CURVE_WITH_KNOTS('',3,(#17595,#17596,#17597,#17598),
 .UNSPECIFIED.,.F.,.F.,(4,4),(0.0297331084197674,0.0397755807721073),
 .UNSPECIFIED.);
#204=B_SPLINE_CURVE_WITH_KNOTS('',3,(#17602,#17603,#17604,#17605,#17606),
 .UNSPECIFIED.,.F.,.F.,(4,1,4),(0.,0.0208302356978943,0.0397755807721073),
 .UNSPECIFIED.);
#205=B_SPLINE_CURVE_WITH_KNOTS('',3,(#17609,#17610,#17611,#17612,#17613,
#17614),.UNSPECIFIED.,.F.,.F.,(4,2,4),(0.0108520526681815,0.0218851394459612,
0.043680862908433),.UNSPECIFIED.);
#206=B_SPLINE_CURVE_WITH_KNOTS('',3,(#17618,#17619,#17620,#17621,#17622),
 .UNSPECIFIED.,.F.,.F.,(4,1,4),(0.,0.0848201518806693,0.148243555620077),
 .UNSPECIFIED.);
#207=B_SPLINE_CURVE_WITH_KNOTS('',3,(#17624,#17625,#17626,#17627,#17628),
 .UNSPECIFIED.,.F.,.F.,(4,1,4),(0.,0.0615675361677274,0.137616348088133),
 .UNSPECIFIED.);
#208=B_SPLINE_CURVE_WITH_KNOTS('',3,(#17630,#17631,#17632,#17633,#17634),
 .UNSPECIFIED.,.F.,.F.,(4,1,4),(0.0221223638992433,0.06036332412268,0.116780158589799),
 .UNSPECIFIED.);
#209=B_SPLINE_CURVE_WITH_KNOTS('',3,(#17638,#17639,#17640,#17641),
 .UNSPECIFIED.,.F.,.F.,(4,4),(0.,0.00860701113427139),.UNSPECIFIED.);
#210=B_SPLINE_CURVE_WITH_KNOTS('',3,(#17643,#17644,#17645,#17646,#17647),
 .UNSPECIFIED.,.F.,.F.,(4,1,4),(0.,0.02256137598408,0.0434262093424429),
 .UNSPECIFIED.);
#211=B_SPLINE_CURVE_WITH_KNOTS('',3,(#17648,#17649,#17650,#17651,#17652),
 .UNSPECIFIED.,.F.,.F.,(4,1,4),(0.,0.0191611482336808,0.0407487485895724),
 .UNSPECIFIED.);
#212=B_SPLINE_CURVE_WITH_KNOTS('',3,(#17664,#17665,#17666,#17667),
 .UNSPECIFIED.,.F.,.F.,(4,4),(0.,0.950000000000002),.UNSPECIFIED.);
#213=B_SPLINE_CURVE_WITH_KNOTS('',3,(#17671,#17672,#17673,#17674,#17675),
 .UNSPECIFIED.,.F.,.F.,(4,1,4),(0.,0.06036332412268,0.116780158589799),
 .UNSPECIFIED.);
#214=B_SPLINE_CURVE_WITH_KNOTS('',3,(#17678,#17679,#17680,#17681),
 .UNSPECIFIED.,.F.,.F.,(4,4),(0.0607756799883711,0.0827276436446383),
 .UNSPECIFIED.);
#215=B_SPLINE_CURVE_WITH_KNOTS('',3,(#17694,#17695,#17696,#17697,#17698),
 .UNSPECIFIED.,.F.,.F.,(4,1,4),(0.,0.02256137598408,0.0434262093424429),
 .UNSPECIFIED.);
#216=B_SPLINE_CURVE_WITH_KNOTS('',3,(#17711,#17712,#17713,#17714,#17715),
 .UNSPECIFIED.,.F.,.F.,(4,1,4),(0.,0.0191611482336808,0.0407487485895724),
 .UNSPECIFIED.);
#217=B_SPLINE_CURVE_WITH_KNOTS('',3,(#17727,#17728,#17729,#17730,#17731,
#17732,#17733),.UNSPECIFIED.,.F.,.F.,(4,3,4),(0.,0.0239786538090999,0.0487066034699435),
 .UNSPECIFIED.);
#218=B_SPLINE_CURVE_WITH_KNOTS('',3,(#17735,#17736,#17737,#17738,#17739),
 .UNSPECIFIED.,.F.,.F.,(4,1,4),(0.,0.023427064574655,0.0461442521661765),
 .UNSPECIFIED.);
#219=B_SPLINE_CURVE_WITH_KNOTS('',3,(#17752,#17753,#17754,#17755,#17756,
#17757,#17758),.UNSPECIFIED.,.F.,.F.,(4,3,4),(0.,0.0258369284626732,0.0528391965223737),
 .UNSPECIFIED.);
#220=B_SPLINE_CURVE_WITH_KNOTS('',3,(#17760,#17761,#17762,#17763,#17764),
 .UNSPECIFIED.,.F.,.F.,(4,1,4),(0.,0.0254006117499518,0.049705006745241),
 .UNSPECIFIED.);
#221=B_SPLINE_CURVE_WITH_KNOTS('',3,(#17777,#17778,#17779,#17780,#17781,
#17782,#17783),.UNSPECIFIED.,.F.,.F.,(4,3,4),(0.,0.00873069484500994,0.020410833994746),
 .UNSPECIFIED.);
#222=B_SPLINE_CURVE_WITH_KNOTS('',3,(#17785,#17786,#17787,#17788,#17789),
 .UNSPECIFIED.,.F.,.F.,(4,1,4),(0.,0.0103961218540909,0.0181670367649511),
 .UNSPECIFIED.);
#223=B_SPLINE_CURVE_WITH_KNOTS('',3,(#17808,#17809,#17810,#17811,#17812,
#17813,#17814),.UNSPECIFIED.,.F.,.F.,(4,3,4),(0.,0.0268315592492018,0.0467700159725706),
 .UNSPECIFIED.);
#224=B_SPLINE_CURVE_WITH_KNOTS('',3,(#17816,#17817,#17818,#17819,#17820),
 .UNSPECIFIED.,.F.,.F.,(4,1,4),(0.,0.0195480609674399,0.0458542572459175),
 .UNSPECIFIED.);
#225=B_SPLINE_CURVE_WITH_KNOTS('',3,(#17833,#17834,#17835,#17836,#17837,
#17838,#17839),.UNSPECIFIED.,.F.,.F.,(4,3,4),(0.,0.02876740157314,0.0550570523809359),
 .UNSPECIFIED.);
#226=B_SPLINE_CURVE_WITH_KNOTS('',3,(#17841,#17842,#17843,#17844,#17845),
 .UNSPECIFIED.,.F.,.F.,(4,1,4),(0.,0.0255058574813994,0.0534155946627358),
 .UNSPECIFIED.);
#227=B_SPLINE_CURVE_WITH_KNOTS('',3,(#17858,#17859,#17860,#17861,#17862,
#17863,#17864),.UNSPECIFIED.,.F.,.F.,(4,3,4),(0.,0.0299348034291015,0.0649651287229525),
 .UNSPECIFIED.);
#228=B_SPLINE_CURVE_WITH_KNOTS('',3,(#17866,#17867,#17868,#17869,#17870),
 .UNSPECIFIED.,.F.,.F.,(4,1,4),(0.,0.0311892442115912,0.0578416913911243),
 .UNSPECIFIED.);
#229=B_SPLINE_CURVE_WITH_KNOTS('',3,(#17883,#17884,#17885,#17886,#17887,
#17888,#17889),.UNSPECIFIED.,.F.,.F.,(4,3,4),(0.,0.0318665536000815,0.0602443875074527),
 .UNSPECIFIED.);
#230=B_SPLINE_CURVE_WITH_KNOTS('',3,(#17891,#17892,#17893,#17894,#17895),
 .UNSPECIFIED.,.F.,.F.,(4,1,4),(0.,0.0276467198867034,0.058692277627713),
 .UNSPECIFIED.);
#231=B_SPLINE_CURVE_WITH_KNOTS('',3,(#17908,#17909,#17910,#17911,#17912,
#17913,#17914),.UNSPECIFIED.,.F.,.F.,(4,3,4),(0.,0.0268731193464107,0.0539239768252678),
 .UNSPECIFIED.);
#232=B_SPLINE_CURVE_WITH_KNOTS('',3,(#17916,#17917,#17918,#17919,#17920),
 .UNSPECIFIED.,.F.,.F.,(4,1,4),(0.,0.0261281742699367,0.0520846729135978),
 .UNSPECIFIED.);
#233=B_SPLINE_CURVE_WITH_KNOTS('',3,(#17933,#17934,#17935,#17936,#17937,
#17938,#17939),.UNSPECIFIED.,.F.,.F.,(4,3,4),(0.,0.0252127135330994,0.0488262208233288),
 .UNSPECIFIED.);
#234=B_SPLINE_CURVE_WITH_KNOTS('',3,(#17941,#17942,#17943,#17944,#17945),
 .UNSPECIFIED.,.F.,.F.,(4,1,4),(0.,0.023033960963952,0.0476278788508139),
 .UNSPECIFIED.);
#235=B_SPLINE_CURVE_WITH_KNOTS('',3,(#17958,#17959,#17960,#17961,#17962,
#17963,#17964),.UNSPECIFIED.,.F.,.F.,(4,3,4),(0.,0.0308104614483791,0.0728391818112863),
 .UNSPECIFIED.);
#236=B_SPLINE_CURVE_WITH_KNOTS('',3,(#17966,#17967,#17968,#17969,#17970),
 .UNSPECIFIED.,.F.,.F.,(4,1,4),(0.,0.0370175351461786,0.0641543913170826),
 .UNSPECIFIED.);
#237=B_SPLINE_CURVE_WITH_KNOTS('',3,(#17988,#17989,#17990,#17991,#17992,
#17993,#17994),.UNSPECIFIED.,.F.,.F.,(4,3,4),(0.,0.0462824962677328,0.0881092552056745),
 .UNSPECIFIED.);
#238=B_SPLINE_CURVE_WITH_KNOTS('',3,(#17995,#17996,#17997,#17998,#17999),
 .UNSPECIFIED.,.F.,.F.,(4,1,4),(0.,0.0414488092393508,0.0873130934352283),
 .UNSPECIFIED.);
#239=B_SPLINE_CURVE_WITH_KNOTS('',3,(#18011,#18012,#18013,#18014,#18015),
 .UNSPECIFIED.,.F.,.F.,(4,1,4),(0.,0.0848201518806693,0.148243555620077),
 .UNSPECIFIED.);
#240=B_SPLINE_CURVE_WITH_KNOTS('',3,(#18027,#18028,#18029,#18030,#18031),
 .UNSPECIFIED.,.F.,.F.,(4,1,4),(0.,0.0615675361677274,0.137616348088133),
 .UNSPECIFIED.);
#241=B_SPLINE_CURVE_WITH_KNOTS('',3,(#18049,#18050,#18051,#18052),
 .UNSPECIFIED.,.F.,.F.,(4,4),(0.0499999999999998,1.),.UNSPECIFIED.);
#242=B_SPLINE_CURVE_WITH_KNOTS('',3,(#18053,#18054,#18055,#18056,#18057,
#18058,#18059),.UNSPECIFIED.,.F.,.F.,(4,3,4),(0.,0.034006961351791,0.050225976706209),
 .UNSPECIFIED.);
#243=B_SPLINE_CURVE_WITH_KNOTS('',3,(#18060,#18061,#18062,#18063,#18064),
 .UNSPECIFIED.,.F.,.F.,(4,1,4),(0.,0.0241412120200738,0.0567122995827422),
 .UNSPECIFIED.);
#244=B_SPLINE_CURVE_WITH_KNOTS('',3,(#18090,#18091,#18092,#18093,#18094),
 .UNSPECIFIED.,.F.,.F.,(4,1,4),(0.,0.0500461444632712,0.100789408033549),
 .UNSPECIFIED.);
#245=B_SPLINE_CURVE_WITH_KNOTS('',3,(#18095,#18096,#18097,#18098),
 .UNSPECIFIED.,.F.,.F.,(4,4),(0.0692599288022526,0.12360363539812),
 .UNSPECIFIED.);
#246=B_SPLINE_CURVE_WITH_KNOTS('',3,(#18110,#18111,#18112,#18113),
 .UNSPECIFIED.,.F.,.F.,(4,4),(0.,0.950000000000002),.UNSPECIFIED.);
#247=B_SPLINE_CURVE_WITH_KNOTS('',3,(#18117,#18118,#18119,#18120,#18121),
 .UNSPECIFIED.,.F.,.F.,(4,1,4),(0.,0.0678465659373884,0.12360363539812),
 .UNSPECIFIED.);
#248=B_SPLINE_CURVE_WITH_KNOTS('',3,(#18124,#18125,#18126,#18127,#18128,
#18129,#18130),.UNSPECIFIED.,.F.,.F.,(4,3,4),(0.0611762400349489,0.0627451111856192,
0.13805664130809),.UNSPECIFIED.);
#249=B_SPLINE_CURVE_WITH_KNOTS('',3,(#18142,#18143,#18144,#18145,#18146),
 .UNSPECIFIED.,.F.,.F.,(4,1,4),(0.,0.0500461444632712,0.100789408033549),
 .UNSPECIFIED.);
#250=B_SPLINE_CURVE_WITH_KNOTS('',3,(#18165,#18166,#18167,#18168,#18169,
#18170,#18171),.UNSPECIFIED.,.F.,.F.,(4,3,4),(0.,0.0468713706144464,0.0863768316359224),
 .UNSPECIFIED.);
#251=B_SPLINE_CURVE_WITH_KNOTS('',3,(#18173,#18174,#18175,#18176,#18177),
 .UNSPECIFIED.,.F.,.F.,(4,1,4),(0.,0.0392148009633136,0.0857413170954507),
 .UNSPECIFIED.);
#252=B_SPLINE_CURVE_WITH_KNOTS('',3,(#18190,#18191,#18192,#18193,#18194,
#18195,#18196),.UNSPECIFIED.,.F.,.F.,(4,3,4),(0.,0.0400485126421296,0.0839409506361961),
 .UNSPECIFIED.);
#253=B_SPLINE_CURVE_WITH_KNOTS('',3,(#18198,#18199,#18200,#18201,#18202),
 .UNSPECIFIED.,.F.,.F.,(4,1,4),(0.,0.0409337115140305,0.0782826111873762),
 .UNSPECIFIED.);
#254=B_SPLINE_CURVE_WITH_KNOTS('',3,(#18221,#18222,#18223,#18224),
 .UNSPECIFIED.,.F.,.F.,(4,4),(0.,0.00611945334839731),.UNSPECIFIED.);
#255=B_SPLINE_CURVE_WITH_KNOTS('',3,(#18228,#18229,#18230,#18231,#18232),
 .UNSPECIFIED.,.F.,.F.,(4,1,4),(0.,0.0245313019725297,0.0475549117290071),
 .UNSPECIFIED.);
#256=B_SPLINE_CURVE_WITH_KNOTS('',3,(#18236,#18237,#18238,#18239,#18240),
 .UNSPECIFIED.,.F.,.F.,(4,1,4),(0.,0.0245313019725297,0.0417088430154783),
 .UNSPECIFIED.);
#257=B_SPLINE_CURVE_WITH_KNOTS('',3,(#18241,#18242,#18243,#18244),
 .UNSPECIFIED.,.F.,.F.,(4,4),(0.0499999999999998,1.),.UNSPECIFIED.);
#258=B_SPLINE_CURVE_WITH_KNOTS('',3,(#18257,#18258,#18259,#18260),
 .UNSPECIFIED.,.F.,.F.,(4,4),(0.,0.950000000000002),.UNSPECIFIED.);
#259=B_SPLINE_CURVE_WITH_KNOTS('',3,(#18262,#18263,#18264,#18265,#18266),
 .UNSPECIFIED.,.F.,.F.,(4,1,4),(0.0525091994396903,0.0534973407583658,0.0969444186187211),
 .UNSPECIFIED.);
#260=B_SPLINE_CURVE_WITH_KNOTS('',3,(#18270,#18271,#18272,#18273,#18274),
 .UNSPECIFIED.,.F.,.F.,(4,1,4),(0.,0.0534973407583658,0.0969444186187211),
 .UNSPECIFIED.);
#261=B_SPLINE_CURVE_WITH_KNOTS('',3,(#18277,#18278,#18279,#18280),
 .UNSPECIFIED.,.F.,.F.,(4,4),(0.0503050934898631,0.108736392226124),
 .UNSPECIFIED.);
#262=B_SPLINE_CURVE_WITH_KNOTS('',3,(#18293,#18294,#18295,#18296,#18297,
#18298,#18299),.UNSPECIFIED.,.F.,.F.,(4,3,4),(0.,0.0248295333909329,0.0453864238018865),
 .UNSPECIFIED.);
#263=B_SPLINE_CURVE_WITH_KNOTS('',3,(#18303,#18304,#18305,#18306,#18307),
 .UNSPECIFIED.,.F.,.F.,(4,1,4),(0.,0.0203978920731299,0.0450353801469367),
 .UNSPECIFIED.);
#264=B_SPLINE_CURVE_WITH_KNOTS('',3,(#18320,#18321,#18322,#18323,#18324,
#18325,#18326),.UNSPECIFIED.,.F.,.F.,(4,3,4),(0.,0.0290493546813551,0.0760623781593853),
 .UNSPECIFIED.);
#265=B_SPLINE_CURVE_WITH_KNOTS('',3,(#18328,#18329,#18330,#18331,#18332),
 .UNSPECIFIED.,.F.,.F.,(4,1,4),(0.,0.0428058464753777,0.0692555858179234),
 .UNSPECIFIED.);
#266=B_SPLINE_CURVE_WITH_KNOTS('',3,(#18345,#18346,#18347,#18348,#18349,
#18350,#18351),.UNSPECIFIED.,.F.,.F.,(4,3,4),(0.,0.0780366588686738,0.136972220672601),
 .UNSPECIFIED.);
#267=B_SPLINE_CURVE_WITH_KNOTS('',3,(#18353,#18354,#18355,#18356,#18357),
 .UNSPECIFIED.,.F.,.F.,(4,1,4),(0.,0.0577012624541079,0.134103583847148),
 .UNSPECIFIED.);
#268=B_SPLINE_CURVE_WITH_KNOTS('',3,(#18370,#18371,#18372,#18373,#18374,
#18375,#18376),.UNSPECIFIED.,.F.,.F.,(4,3,4),(0.,0.0477783771891351,0.093582467794739),
 .UNSPECIFIED.);
#269=B_SPLINE_CURVE_WITH_KNOTS('',3,(#18378,#18379,#18380,#18381,#18382),
 .UNSPECIFIED.,.F.,.F.,(4,1,4),(0.,0.0451779834707664,0.0923032665267452),
 .UNSPECIFIED.);
#270=B_SPLINE_CURVE_WITH_KNOTS('',3,(#18395,#18396,#18397,#18398),
 .UNSPECIFIED.,.F.,.F.,(4,4),(0.,0.0384256281722638),.UNSPECIFIED.);
#271=B_SPLINE_CURVE_WITH_KNOTS('',3,(#18400,#18401,#18402,#18403,#18404),
 .UNSPECIFIED.,.F.,.F.,(4,1,4),(0.,0.0406747746069466,0.0819748339256697),
 .UNSPECIFIED.);
#272=B_SPLINE_CURVE_WITH_KNOTS('',3,(#18408,#18409,#18410,#18411,#18412),
 .UNSPECIFIED.,.F.,.F.,(4,1,4),(0.,0.0406747746069466,0.0440912441236249),
 .UNSPECIFIED.);
#273=B_SPLINE_CURVE_WITH_KNOTS('',3,(#18413,#18414,#18415,#18416),
 .UNSPECIFIED.,.F.,.F.,(4,4),(0.0499999999999998,1.),.UNSPECIFIED.);
#274=B_SPLINE_CURVE_WITH_KNOTS('',3,(#18420,#18421,#18422,#18423,#18424),
 .UNSPECIFIED.,.F.,.F.,(4,1,4),(0.00519000918618539,0.0226008504878741,
0.0463542388505896),.UNSPECIFIED.);
#275=B_SPLINE_CURVE_WITH_KNOTS('',3,(#18427,#18428,#18429,#18430,#18431),
 .UNSPECIFIED.,.F.,.F.,(4,1,4),(0.,0.0421253352062231,0.0830696448986589),
 .UNSPECIFIED.);
#276=B_SPLINE_CURVE_WITH_KNOTS('',3,(#18433,#18434,#18435,#18436,#18437),
 .UNSPECIFIED.,.F.,.F.,(4,1,4),(0.,0.0653196599429816,0.115800502906173),
 .UNSPECIFIED.);
#277=B_SPLINE_CURVE_WITH_KNOTS('',3,(#18439,#18440,#18441,#18442,#18443),
 .UNSPECIFIED.,.F.,.F.,(4,1,4),(0.,0.0491631401097548,0.111944808506808),
 .UNSPECIFIED.);
#278=B_SPLINE_CURVE_WITH_KNOTS('',3,(#18444,#18445,#18446,#18447,#18448),
 .UNSPECIFIED.,.F.,.F.,(4,1,4),(0.,0.0392087691413777,0.0804534773165952),
 .UNSPECIFIED.);
#279=B_SPLINE_CURVE_WITH_KNOTS('',3,(#18460,#18461,#18462,#18463),
 .UNSPECIFIED.,.F.,.F.,(4,4),(0.,0.950000000000002),.UNSPECIFIED.);
#280=B_SPLINE_CURVE_WITH_KNOTS('',3,(#18465,#18466,#18467,#18468,#18469),
 .UNSPECIFIED.,.F.,.F.,(4,1,4),(0.,0.0226008504878741,0.0463542388505896),
 .UNSPECIFIED.);
#281=B_SPLINE_CURVE_WITH_KNOTS('',3,(#18472,#18473,#18474,#18475),
 .UNSPECIFIED.,.F.,.F.,(4,4),(0.0423389134545999,0.0475242164595567),
 .UNSPECIFIED.);
#282=B_SPLINE_CURVE_WITH_KNOTS('',3,(#18493,#18494,#18495,#18496,#18497),
 .UNSPECIFIED.,.F.,.F.,(4,1,4),(0.,0.0421253352062231,0.0830696448986589),
 .UNSPECIFIED.);
#283=B_SPLINE_CURVE_WITH_KNOTS('',3,(#18510,#18511,#18512,#18513,#18514),
 .UNSPECIFIED.,.F.,.F.,(4,1,4),(0.,0.0653196599429816,0.115800502906173),
 .UNSPECIFIED.);
#284=B_SPLINE_CURVE_WITH_KNOTS('',3,(#18527,#18528,#18529,#18530,#18531),
 .UNSPECIFIED.,.F.,.F.,(4,1,4),(0.,0.0491631401097548,0.111944808506808),
 .UNSPECIFIED.);
#285=B_SPLINE_CURVE_WITH_KNOTS('',3,(#18543,#18544,#18545,#18546,#18547),
 .UNSPECIFIED.,.F.,.F.,(4,1,4),(0.,0.0392087691413777,0.0804534773165952),
 .UNSPECIFIED.);
#286=B_SPLINE_CURVE_WITH_KNOTS('',3,(#18564,#18565,#18566,#18567,#18568,
#18569,#18570),.UNSPECIFIED.,.F.,.F.,(4,3,4),(0.,0.0382482258091807,0.0663085889892079),
 .UNSPECIFIED.);
#287=B_SPLINE_CURVE_WITH_KNOTS('',3,(#18571,#18572,#18573,#18574,#18575),
 .UNSPECIFIED.,.F.,.F.,(4,1,4),(0.,0.0270753623522938,0.0639809635546699),
 .UNSPECIFIED.);
#288=B_SPLINE_CURVE_WITH_KNOTS('',3,(#18587,#18588,#18589,#18590,#18591,
#18592,#18593),.UNSPECIFIED.,.F.,.F.,(4,3,4),(0.,0.0224881919732847,0.0446777023261133),
 .UNSPECIFIED.);
#289=B_SPLINE_CURVE_WITH_KNOTS('',3,(#18595,#18596,#18597,#18598,#18599),
 .UNSPECIFIED.,.F.,.F.,(4,1,4),(0.,0.0216048950175928,0.0435006024483949),
 .UNSPECIFIED.);
#290=B_SPLINE_CURVE_WITH_KNOTS('',3,(#18612,#18613,#18614,#18615,#18616,
#18617,#18618),.UNSPECIFIED.,.F.,.F.,(4,3,4),(0.,0.0248150578505704,0.0542272449610569),
 .UNSPECIFIED.);
#291=B_SPLINE_CURVE_WITH_KNOTS('',3,(#18620,#18621,#18622,#18623,#18624),
 .UNSPECIFIED.,.F.,.F.,(4,1,4),(0.,0.0262615401586993,0.0484183976489352),
 .UNSPECIFIED.);
#292=B_SPLINE_CURVE_WITH_KNOTS('',3,(#18637,#18638,#18639,#18640,#18641,
#18642,#18643),.UNSPECIFIED.,.F.,.F.,(4,3,4),(0.,0.0445708942481773,0.11529441071709),
 .UNSPECIFIED.);
#293=B_SPLINE_CURVE_WITH_KNOTS('',3,(#18645,#18646,#18647,#18648,#18649),
 .UNSPECIFIED.,.F.,.F.,(4,1,4),(0.,0.064011600738982,0.104352557038119),
 .UNSPECIFIED.);
#294=B_SPLINE_CURVE_WITH_KNOTS('',3,(#18662,#18663,#18664,#18665,#18666,
#18667,#18668),.UNSPECIFIED.,.F.,.F.,(4,3,4),(0.,0.111404915214677,0.192319411344131),
 .UNSPECIFIED.);
#295=B_SPLINE_CURVE_WITH_KNOTS('',3,(#18670,#18671,#18672,#18673,#18674),
 .UNSPECIFIED.,.F.,.F.,(4,1,4),(0.,0.0790207834319686,0.187818392013149),
 .UNSPECIFIED.);
#296=B_SPLINE_CURVE_WITH_KNOTS('',3,(#18687,#18688,#18689,#18690,#18691,
#18692,#18693),.UNSPECIFIED.,.F.,.F.,(4,3,4),(0.,0.0638693221654791,0.126055879843226),
 .UNSPECIFIED.);
#297=B_SPLINE_CURVE_WITH_KNOTS('',3,(#18695,#18696,#18697,#18698,#18699),
 .UNSPECIFIED.,.F.,.F.,(4,1,4),(0.,0.0616182336859489,0.124903853046802),
 .UNSPECIFIED.);
#298=B_SPLINE_CURVE_WITH_KNOTS('',3,(#20102,#20103,#20104,#20105,#20106),
 .UNSPECIFIED.,.F.,.F.,(4,1,4),(0.,0.0114206961593627,0.0259020308568057),
 .UNSPECIFIED.);
#299=B_SPLINE_CURVE_WITH_KNOTS('',3,(#20110,#20111,#20112,#20113,#20114),
 .UNSPECIFIED.,.F.,.F.,(4,1,4),(0.,0.0176647220287752,0.0312246795741137),
 .UNSPECIFIED.);
#300=B_SPLINE_CURVE_WITH_KNOTS('',3,(#20116,#20117,#20118,#20119,#20120),
 .UNSPECIFIED.,.F.,.F.,(4,1,4),(0.,0.0120804601210051,0.0252009677613592),
 .UNSPECIFIED.);
#301=B_SPLINE_CURVE_WITH_KNOTS('',3,(#20121,#20122,#20123,#20124,#20125),
 .UNSPECIFIED.,.F.,.F.,(4,1,4),(0.,0.0152367002056453,0.0304179957380504),
 .UNSPECIFIED.);
#302=B_SPLINE_CURVE_WITH_KNOTS('',3,(#20129,#20130,#20131,#20132,#20133,
#20134,#20135),.UNSPECIFIED.,.F.,.F.,(4,3,4),(0.,0.0148335731810838,0.0265320620150407),
 .UNSPECIFIED.);
#303=B_SPLINE_CURVE_WITH_KNOTS('',3,(#20137,#20138,#20139,#20140,#20141,
#20142,#20143),.UNSPECIFIED.,.F.,.F.,(4,3,4),(0.,0.0160229059273522,0.0321042880147505),
 .UNSPECIFIED.);
#304=B_SPLINE_CURVE_WITH_KNOTS('',3,(#20145,#20146,#20147,#20148,#20149,
#20150,#20151),.UNSPECIFIED.,.F.,.F.,(4,3,4),(0.,0.0134835948120776,0.0258983606031594),
 .UNSPECIFIED.);
#305=B_SPLINE_CURVE_WITH_KNOTS('',3,(#20153,#20154,#20155,#20156,#20157,
#20158,#20159),.UNSPECIFIED.,.F.,.F.,(4,3,4),(0.,0.0154367310590922,0.0355463488274432),
 .UNSPECIFIED.);
#306=FACE_BOUND('',#1932,.T.);
#307=FACE_BOUND('',#1933,.T.);
#308=FACE_BOUND('',#1934,.T.);
#309=FACE_BOUND('',#1935,.T.);
#310=FACE_BOUND('',#1936,.T.);
#311=FACE_BOUND('',#1937,.T.);
#312=FACE_BOUND('',#1938,.T.);
#313=FACE_BOUND('',#1939,.T.);
#314=FACE_BOUND('',#1940,.T.);
#315=FACE_BOUND('',#1941,.T.);
#316=FACE_BOUND('',#1942,.T.);
#317=FACE_BOUND('',#1943,.T.);
#318=FACE_BOUND('',#1944,.T.);
#319=FACE_BOUND('',#1945,.T.);
#320=FACE_BOUND('',#1946,.T.);
#321=FACE_BOUND('',#1947,.T.);
#322=FACE_BOUND('',#1948,.T.);
#323=FACE_BOUND('',#1949,.T.);
#324=FACE_BOUND('',#1950,.T.);
#325=FACE_BOUND('',#1951,.T.);
#326=FACE_BOUND('',#1952,.T.);
#327=FACE_BOUND('',#1953,.T.);
#328=FACE_BOUND('',#1954,.T.);
#329=FACE_BOUND('',#1955,.T.);
#330=FACE_BOUND('',#1956,.T.);
#331=FACE_BOUND('',#1957,.T.);
#332=FACE_BOUND('',#1958,.T.);
#333=FACE_BOUND('',#1959,.T.);
#334=FACE_BOUND('',#1960,.T.);
#335=FACE_BOUND('',#1961,.T.);
#336=FACE_BOUND('',#1962,.T.);
#337=FACE_BOUND('',#1963,.T.);
#338=FACE_BOUND('',#1964,.T.);
#339=FACE_BOUND('',#1965,.T.);
#340=FACE_BOUND('',#1966,.T.);
#341=FACE_BOUND('',#1967,.T.);
#342=FACE_BOUND('',#1968,.T.);
#343=FACE_BOUND('',#1969,.T.);
#344=FACE_BOUND('',#1970,.T.);
#345=FACE_BOUND('',#1971,.T.);
#346=FACE_BOUND('',#1972,.T.);
#347=FACE_BOUND('',#1973,.T.);
#348=FACE_BOUND('',#1974,.T.);
#349=FACE_BOUND('',#1975,.T.);
#350=FACE_BOUND('',#1976,.T.);
#351=FACE_BOUND('',#1977,.T.);
#352=FACE_BOUND('',#1978,.T.);
#353=FACE_BOUND('',#1979,.T.);
#354=FACE_BOUND('',#1980,.T.);
#355=FACE_BOUND('',#1981,.T.);
#356=FACE_BOUND('',#1982,.T.);
#357=FACE_BOUND('',#1983,.T.);
#358=FACE_BOUND('',#1984,.T.);
#359=FACE_BOUND('',#1985,.T.);
#360=FACE_BOUND('',#1986,.T.);
#361=FACE_BOUND('',#1987,.T.);
#362=FACE_BOUND('',#1988,.T.);
#363=FACE_BOUND('',#1989,.T.);
#364=FACE_BOUND('',#1990,.T.);
#365=FACE_BOUND('',#1991,.T.);
#366=FACE_BOUND('',#1992,.T.);
#367=FACE_BOUND('',#1993,.T.);
#368=FACE_BOUND('',#1994,.T.);
#369=FACE_BOUND('',#1995,.T.);
#370=FACE_BOUND('',#1996,.T.);
#371=FACE_BOUND('',#1997,.T.);
#372=FACE_BOUND('',#1998,.T.);
#373=FACE_BOUND('',#1999,.T.);
#374=FACE_BOUND('',#2000,.T.);
#375=FACE_BOUND('',#2001,.T.);
#376=FACE_BOUND('',#2002,.T.);
#377=FACE_BOUND('',#2003,.T.);
#378=FACE_BOUND('',#2004,.T.);
#379=FACE_BOUND('',#2005,.T.);
#380=FACE_BOUND('',#2006,.T.);
#381=FACE_BOUND('',#2007,.T.);
#382=FACE_BOUND('',#2008,.T.);
#383=FACE_BOUND('',#2009,.T.);
#384=FACE_BOUND('',#2010,.T.);
#385=FACE_BOUND('',#2011,.T.);
#386=FACE_BOUND('',#2012,.T.);
#387=FACE_BOUND('',#2013,.T.);
#388=FACE_BOUND('',#2014,.T.);
#389=FACE_BOUND('',#2015,.T.);
#390=FACE_BOUND('',#2016,.T.);
#391=FACE_BOUND('',#2017,.T.);
#392=FACE_BOUND('',#2018,.T.);
#393=FACE_BOUND('',#2019,.T.);
#394=FACE_BOUND('',#2020,.T.);
#395=FACE_BOUND('',#2021,.T.);
#396=FACE_BOUND('',#2022,.T.);
#397=FACE_BOUND('',#2023,.T.);
#398=FACE_BOUND('',#2024,.T.);
#399=FACE_BOUND('',#2025,.T.);
#400=FACE_BOUND('',#2026,.T.);
#401=FACE_BOUND('',#2027,.T.);
#402=FACE_BOUND('',#2028,.T.);
#403=FACE_BOUND('',#2029,.T.);
#404=FACE_BOUND('',#2030,.T.);
#405=FACE_BOUND('',#2031,.T.);
#406=FACE_BOUND('',#2032,.T.);
#407=FACE_BOUND('',#2033,.T.);
#408=FACE_BOUND('',#2034,.T.);
#409=FACE_BOUND('',#2035,.T.);
#410=FACE_BOUND('',#2036,.T.);
#411=FACE_BOUND('',#2037,.T.);
#412=FACE_BOUND('',#2038,.T.);
#413=FACE_BOUND('',#2039,.T.);
#414=FACE_BOUND('',#2040,.T.);
#415=FACE_BOUND('',#2041,.T.);
#416=FACE_BOUND('',#2042,.T.);
#417=FACE_BOUND('',#2043,.T.);
#418=FACE_BOUND('',#2044,.T.);
#419=FACE_BOUND('',#2045,.T.);
#420=FACE_BOUND('',#2046,.T.);
#421=FACE_BOUND('',#2047,.T.);
#422=FACE_BOUND('',#2048,.T.);
#423=FACE_BOUND('',#2049,.T.);
#424=FACE_BOUND('',#2050,.T.);
#425=FACE_BOUND('',#2051,.T.);
#426=FACE_BOUND('',#2052,.T.);
#427=FACE_BOUND('',#2053,.T.);
#428=FACE_BOUND('',#2054,.T.);
#429=FACE_BOUND('',#2055,.T.);
#430=FACE_BOUND('',#2056,.T.);
#431=FACE_BOUND('',#2057,.T.);
#432=FACE_BOUND('',#2058,.T.);
#433=FACE_BOUND('',#2059,.T.);
#434=FACE_BOUND('',#2060,.T.);
#435=FACE_BOUND('',#2061,.T.);
#436=FACE_BOUND('',#2062,.T.);
#437=FACE_BOUND('',#2063,.T.);
#438=FACE_BOUND('',#2064,.T.);
#439=FACE_BOUND('',#2065,.T.);
#440=FACE_BOUND('',#2066,.T.);
#441=FACE_BOUND('',#2067,.T.);
#442=FACE_BOUND('',#2068,.T.);
#443=FACE_BOUND('',#2069,.T.);
#444=FACE_BOUND('',#2070,.T.);
#445=FACE_BOUND('',#2071,.T.);
#446=FACE_BOUND('',#2072,.T.);
#447=FACE_BOUND('',#2073,.T.);
#448=FACE_BOUND('',#2074,.T.);
#449=FACE_BOUND('',#2075,.T.);
#450=FACE_BOUND('',#2076,.T.);
#451=FACE_BOUND('',#2077,.T.);
#452=FACE_BOUND('',#2078,.T.);
#453=FACE_BOUND('',#2079,.T.);
#454=FACE_BOUND('',#2080,.T.);
#455=FACE_BOUND('',#2081,.T.);
#456=FACE_BOUND('',#2082,.T.);
#457=FACE_BOUND('',#2084,.T.);
#458=FACE_BOUND('',#2086,.T.);
#459=FACE_BOUND('',#2087,.T.);
#460=FACE_BOUND('',#2088,.T.);
#461=FACE_BOUND('',#2089,.T.);
#462=FACE_BOUND('',#2090,.T.);
#463=FACE_BOUND('',#2091,.T.);
#464=FACE_BOUND('',#2092,.T.);
#465=FACE_BOUND('',#2093,.T.);
#466=FACE_BOUND('',#2094,.T.);
#467=FACE_BOUND('',#2095,.T.);
#468=FACE_BOUND('',#2096,.T.);
#469=FACE_BOUND('',#2097,.T.);
#470=FACE_BOUND('',#2098,.T.);
#471=FACE_BOUND('',#2099,.T.);
#472=FACE_BOUND('',#2100,.T.);
#473=FACE_BOUND('',#2101,.T.);
#474=FACE_BOUND('',#2102,.T.);
#475=FACE_BOUND('',#2103,.T.);
#476=FACE_BOUND('',#2104,.T.);
#477=FACE_BOUND('',#2105,.T.);
#478=FACE_BOUND('',#2106,.T.);
#479=FACE_BOUND('',#2107,.T.);
#480=FACE_BOUND('',#2108,.T.);
#481=FACE_BOUND('',#2109,.T.);
#482=FACE_BOUND('',#2110,.T.);
#483=FACE_BOUND('',#2111,.T.);
#484=FACE_BOUND('',#2112,.T.);
#485=FACE_BOUND('',#2113,.T.);
#486=FACE_BOUND('',#2114,.T.);
#487=FACE_BOUND('',#2115,.T.);
#488=FACE_BOUND('',#2116,.T.);
#489=FACE_BOUND('',#2117,.T.);
#490=FACE_BOUND('',#2118,.T.);
#491=FACE_BOUND('',#2119,.T.);
#492=FACE_BOUND('',#2120,.T.);
#493=FACE_BOUND('',#2121,.T.);
#494=FACE_BOUND('',#2122,.T.);
#495=FACE_BOUND('',#2123,.T.);
#496=FACE_BOUND('',#2124,.T.);
#497=FACE_BOUND('',#2125,.T.);
#498=FACE_BOUND('',#2126,.T.);
#499=FACE_BOUND('',#2127,.T.);
#500=FACE_BOUND('',#2128,.T.);
#501=FACE_BOUND('',#2129,.T.);
#502=FACE_BOUND('',#2130,.T.);
#503=FACE_BOUND('',#2131,.T.);
#504=FACE_BOUND('',#2132,.T.);
#505=FACE_BOUND('',#2133,.T.);
#506=FACE_BOUND('',#2134,.T.);
#507=FACE_BOUND('',#2135,.T.);
#508=FACE_BOUND('',#2136,.T.);
#509=FACE_BOUND('',#2137,.T.);
#510=FACE_BOUND('',#2138,.T.);
#511=FACE_BOUND('',#2139,.T.);
#512=FACE_BOUND('',#2140,.T.);
#513=FACE_BOUND('',#2141,.T.);
#514=FACE_BOUND('',#2142,.T.);
#515=FACE_BOUND('',#2143,.T.);
#516=FACE_BOUND('',#2144,.T.);
#517=FACE_BOUND('',#2145,.T.);
#518=FACE_BOUND('',#2146,.T.);
#519=FACE_BOUND('',#2147,.T.);
#520=FACE_BOUND('',#2148,.T.);
#521=FACE_BOUND('',#2149,.T.);
#522=FACE_BOUND('',#2150,.T.);
#523=FACE_BOUND('',#2151,.T.);
#524=FACE_BOUND('',#2152,.T.);
#525=FACE_BOUND('',#2153,.T.);
#526=FACE_BOUND('',#2154,.T.);
#527=FACE_BOUND('',#2155,.T.);
#528=FACE_BOUND('',#2156,.T.);
#529=FACE_BOUND('',#2157,.T.);
#530=FACE_BOUND('',#2158,.T.);
#531=FACE_BOUND('',#2159,.T.);
#532=FACE_BOUND('',#2160,.T.);
#533=FACE_BOUND('',#2161,.T.);
#534=FACE_BOUND('',#2162,.T.);
#535=FACE_BOUND('',#2163,.T.);
#536=FACE_BOUND('',#2164,.T.);
#537=FACE_BOUND('',#2165,.T.);
#538=FACE_BOUND('',#2166,.T.);
#539=FACE_BOUND('',#2167,.T.);
#540=FACE_BOUND('',#2168,.T.);
#541=FACE_BOUND('',#2169,.T.);
#542=FACE_BOUND('',#2170,.T.);
#543=FACE_BOUND('',#2171,.T.);
#544=FACE_BOUND('',#2172,.T.);
#545=FACE_BOUND('',#2173,.T.);
#546=FACE_BOUND('',#2174,.T.);
#547=FACE_BOUND('',#2175,.T.);
#548=FACE_BOUND('',#2176,.T.);
#549=FACE_BOUND('',#2177,.T.);
#550=FACE_BOUND('',#2178,.T.);
#551=FACE_BOUND('',#2179,.T.);
#552=FACE_BOUND('',#2180,.T.);
#553=FACE_BOUND('',#2181,.T.);
#554=FACE_BOUND('',#2182,.T.);
#555=FACE_BOUND('',#2183,.T.);
#556=FACE_BOUND('',#2184,.T.);
#557=FACE_BOUND('',#2185,.T.);
#558=FACE_BOUND('',#2186,.T.);
#559=FACE_BOUND('',#2187,.T.);
#560=FACE_BOUND('',#2188,.T.);
#561=FACE_BOUND('',#2189,.T.);
#562=FACE_BOUND('',#2190,.T.);
#563=FACE_BOUND('',#2191,.T.);
#564=FACE_BOUND('',#2192,.T.);
#565=FACE_BOUND('',#2193,.T.);
#566=FACE_BOUND('',#2194,.T.);
#567=FACE_BOUND('',#2195,.T.);
#568=FACE_BOUND('',#2196,.T.);
#569=FACE_BOUND('',#2197,.T.);
#570=FACE_BOUND('',#2198,.T.);
#571=FACE_BOUND('',#2199,.T.);
#572=FACE_BOUND('',#2200,.T.);
#573=FACE_BOUND('',#2201,.T.);
#574=FACE_BOUND('',#2202,.T.);
#575=FACE_BOUND('',#2203,.T.);
#576=FACE_BOUND('',#2204,.T.);
#577=FACE_BOUND('',#2205,.T.);
#578=FACE_BOUND('',#2206,.T.);
#579=FACE_BOUND('',#2207,.T.);
#580=FACE_BOUND('',#2208,.T.);
#581=FACE_BOUND('',#2209,.T.);
#582=FACE_BOUND('',#2210,.T.);
#583=FACE_BOUND('',#2211,.T.);
#584=FACE_BOUND('',#2212,.T.);
#585=FACE_BOUND('',#2213,.T.);
#586=FACE_BOUND('',#2214,.T.);
#587=FACE_BOUND('',#2215,.T.);
#588=FACE_BOUND('',#2216,.T.);
#589=FACE_BOUND('',#2217,.T.);
#590=FACE_BOUND('',#2218,.T.);
#591=FACE_BOUND('',#2219,.T.);
#592=FACE_BOUND('',#2220,.T.);
#593=FACE_BOUND('',#2221,.T.);
#594=FACE_BOUND('',#2222,.T.);
#595=FACE_BOUND('',#2223,.T.);
#596=FACE_BOUND('',#2224,.T.);
#597=FACE_BOUND('',#2225,.T.);
#598=FACE_BOUND('',#2226,.T.);
#599=FACE_BOUND('',#2227,.T.);
#600=FACE_BOUND('',#2228,.T.);
#601=FACE_BOUND('',#2229,.T.);
#602=FACE_BOUND('',#2230,.T.);
#603=FACE_BOUND('',#2231,.T.);
#604=FACE_BOUND('',#2232,.T.);
#605=FACE_BOUND('',#2233,.T.);
#606=FACE_BOUND('',#2234,.T.);
#607=FACE_BOUND('',#2235,.T.);
#608=FACE_BOUND('',#2236,.T.);
#609=FACE_BOUND('',#2238,.T.);
#610=FACE_BOUND('',#2239,.T.);
#611=FACE_BOUND('',#2240,.T.);
#612=FACE_BOUND('',#2241,.T.);
#613=FACE_BOUND('',#2242,.T.);
#614=FACE_BOUND('',#2243,.T.);
#615=FACE_BOUND('',#2244,.T.);
#616=FACE_BOUND('',#2245,.T.);
#617=FACE_BOUND('',#2419,.T.);
#618=FACE_BOUND('',#2420,.T.);
#619=FACE_BOUND('',#2421,.T.);
#620=FACE_BOUND('',#2422,.T.);
#621=FACE_BOUND('',#2732,.T.);
#622=FACE_BOUND('',#2733,.T.);
#623=FACE_BOUND('',#2734,.T.);
#624=FACE_BOUND('',#2735,.T.);
#625=FACE_BOUND('',#2736,.T.);
#626=FACE_BOUND('',#2737,.T.);
#627=FACE_BOUND('',#2738,.T.);
#628=FACE_BOUND('',#2739,.T.);
#629=FACE_BOUND('',#2741,.T.);
#630=FACE_BOUND('',#2742,.T.);
#631=FACE_BOUND('',#2743,.T.);
#632=FACE_BOUND('',#2744,.T.);
#633=FACE_BOUND('',#2745,.T.);
#634=FACE_BOUND('',#2746,.T.);
#635=FACE_BOUND('',#2747,.T.);
#636=FACE_BOUND('',#2748,.T.);
#637=FACE_BOUND('',#2749,.T.);
#638=FACE_BOUND('',#2750,.T.);
#639=FACE_BOUND('',#2751,.T.);
#640=FACE_BOUND('',#2752,.T.);
#641=FACE_BOUND('',#2753,.T.);
#642=FACE_BOUND('',#2754,.T.);
#643=FACE_BOUND('',#2755,.T.);
#644=FACE_BOUND('',#2756,.T.);
#645=FACE_BOUND('',#2757,.T.);
#646=FACE_BOUND('',#2758,.T.);
#647=FACE_BOUND('',#2759,.T.);
#648=FACE_BOUND('',#2760,.T.);
#649=FACE_BOUND('',#2761,.T.);
#650=FACE_BOUND('',#2762,.T.);
#651=FACE_BOUND('',#2763,.T.);
#652=FACE_BOUND('',#2764,.T.);
#653=FACE_BOUND('',#2765,.T.);
#654=FACE_BOUND('',#2766,.T.);
#655=FACE_BOUND('',#2767,.T.);
#656=FACE_BOUND('',#2768,.T.);
#657=FACE_BOUND('',#2769,.T.);
#658=FACE_BOUND('',#2770,.T.);
#659=FACE_BOUND('',#2771,.T.);
#660=FACE_BOUND('',#2772,.T.);
#661=FACE_BOUND('',#2773,.T.);
#662=FACE_BOUND('',#2774,.T.);
#663=FACE_BOUND('',#2775,.T.);
#664=FACE_BOUND('',#2776,.T.);
#665=FACE_BOUND('',#2777,.T.);
#666=FACE_BOUND('',#2778,.T.);
#667=FACE_BOUND('',#2779,.T.);
#668=FACE_BOUND('',#2780,.T.);
#669=FACE_BOUND('',#2781,.T.);
#670=FACE_BOUND('',#2782,.T.);
#671=FACE_BOUND('',#2783,.T.);
#672=FACE_BOUND('',#2784,.T.);
#673=FACE_BOUND('',#2785,.T.);
#674=FACE_BOUND('',#2786,.T.);
#675=FACE_BOUND('',#2787,.T.);
#676=FACE_BOUND('',#2788,.T.);
#677=FACE_BOUND('',#2789,.T.);
#678=FACE_BOUND('',#2790,.T.);
#679=FACE_BOUND('',#2791,.T.);
#680=FACE_BOUND('',#2792,.T.);
#681=FACE_BOUND('',#2793,.T.);
#682=FACE_BOUND('',#2794,.T.);
#683=FACE_BOUND('',#2795,.T.);
#684=FACE_BOUND('',#2796,.T.);
#685=FACE_BOUND('',#2797,.T.);
#686=FACE_BOUND('',#2798,.T.);
#687=FACE_BOUND('',#2799,.T.);
#688=FACE_BOUND('',#2800,.T.);
#689=FACE_BOUND('',#2801,.T.);
#690=FACE_BOUND('',#2802,.T.);
#691=FACE_BOUND('',#2803,.T.);
#692=FACE_BOUND('',#2804,.T.);
#693=FACE_BOUND('',#2805,.T.);
#694=FACE_BOUND('',#2806,.T.);
#695=FACE_BOUND('',#2807,.T.);
#696=FACE_BOUND('',#2808,.T.);
#697=FACE_BOUND('',#2809,.T.);
#698=FACE_BOUND('',#2810,.T.);
#699=FACE_BOUND('',#2811,.T.);
#700=FACE_BOUND('',#2812,.T.);
#701=FACE_BOUND('',#2813,.T.);
#702=FACE_BOUND('',#2814,.T.);
#703=FACE_BOUND('',#2815,.T.);
#704=FACE_BOUND('',#2816,.T.);
#705=FACE_BOUND('',#2817,.T.);
#706=FACE_BOUND('',#2818,.T.);
#707=FACE_BOUND('',#2819,.T.);
#708=FACE_BOUND('',#2820,.T.);
#709=FACE_BOUND('',#2821,.T.);
#710=FACE_BOUND('',#2822,.T.);
#711=FACE_BOUND('',#2823,.T.);
#712=FACE_BOUND('',#2824,.T.);
#713=FACE_BOUND('',#2825,.T.);
#714=FACE_BOUND('',#2826,.T.);
#715=FACE_BOUND('',#2827,.T.);
#716=FACE_BOUND('',#2828,.T.);
#717=FACE_BOUND('',#2829,.T.);
#718=FACE_BOUND('',#2830,.T.);
#719=FACE_BOUND('',#2831,.T.);
#720=FACE_BOUND('',#2832,.T.);
#721=FACE_BOUND('',#2833,.T.);
#722=FACE_BOUND('',#2834,.T.);
#723=FACE_BOUND('',#2835,.T.);
#724=FACE_BOUND('',#2836,.T.);
#725=FACE_BOUND('',#2837,.T.);
#726=FACE_BOUND('',#2838,.T.);
#727=FACE_BOUND('',#2839,.T.);
#728=FACE_BOUND('',#2840,.T.);
#729=FACE_BOUND('',#2841,.T.);
#730=FACE_BOUND('',#2842,.T.);
#731=FACE_BOUND('',#2843,.T.);
#732=FACE_BOUND('',#2844,.T.);
#733=FACE_BOUND('',#2845,.T.);
#734=FACE_BOUND('',#2846,.T.);
#735=FACE_BOUND('',#2847,.T.);
#736=FACE_BOUND('',#2848,.T.);
#737=FACE_BOUND('',#2849,.T.);
#738=FACE_BOUND('',#2850,.T.);
#739=FACE_BOUND('',#2851,.T.);
#740=FACE_BOUND('',#2852,.T.);
#741=FACE_BOUND('',#2853,.T.);
#742=FACE_BOUND('',#2854,.T.);
#743=FACE_BOUND('',#2855,.T.);
#744=FACE_BOUND('',#2856,.T.);
#745=FACE_BOUND('',#2857,.T.);
#746=FACE_BOUND('',#2858,.T.);
#747=FACE_BOUND('',#2859,.T.);
#748=FACE_BOUND('',#2860,.T.);
#749=FACE_BOUND('',#2861,.T.);
#750=FACE_BOUND('',#2862,.T.);
#751=FACE_BOUND('',#2863,.T.);
#752=FACE_BOUND('',#2864,.T.);
#753=FACE_BOUND('',#2865,.T.);
#754=FACE_BOUND('',#2866,.T.);
#755=FACE_BOUND('',#2867,.T.);
#756=FACE_BOUND('',#2868,.T.);
#757=FACE_BOUND('',#2869,.T.);
#758=FACE_BOUND('',#2870,.T.);
#759=FACE_BOUND('',#2871,.T.);
#760=FACE_BOUND('',#2872,.T.);
#761=FACE_BOUND('',#2873,.T.);
#762=FACE_BOUND('',#2874,.T.);
#763=FACE_BOUND('',#2875,.T.);
#764=FACE_BOUND('',#2876,.T.);
#765=FACE_BOUND('',#2877,.T.);
#766=FACE_BOUND('',#2878,.T.);
#767=FACE_BOUND('',#2879,.T.);
#768=FACE_BOUND('',#2880,.T.);
#769=FACE_BOUND('',#2881,.T.);
#770=FACE_BOUND('',#2882,.T.);
#771=FACE_BOUND('',#2883,.T.);
#772=FACE_BOUND('',#2884,.T.);
#773=FACE_BOUND('',#2885,.T.);
#774=FACE_BOUND('',#2886,.T.);
#775=FACE_BOUND('',#2887,.T.);
#776=FACE_BOUND('',#2888,.T.);
#777=FACE_BOUND('',#2889,.T.);
#778=FACE_BOUND('',#2890,.T.);
#779=FACE_BOUND('',#2891,.T.);
#780=FACE_BOUND('',#2893,.T.);
#781=FACE_BOUND('',#2894,.T.);
#782=FACE_BOUND('',#2895,.T.);
#783=FACE_BOUND('',#2896,.T.);
#784=FACE_BOUND('',#2897,.T.);
#785=FACE_BOUND('',#2898,.T.);
#786=FACE_BOUND('',#2899,.T.);
#787=FACE_BOUND('',#2900,.T.);
#788=FACE_BOUND('',#2901,.T.);
#789=FACE_BOUND('',#2902,.T.);
#790=FACE_BOUND('',#2903,.T.);
#791=FACE_BOUND('',#2904,.T.);
#792=FACE_BOUND('',#2905,.T.);
#793=FACE_BOUND('',#2906,.T.);
#794=FACE_BOUND('',#2907,.T.);
#795=FACE_BOUND('',#2908,.T.);
#796=FACE_BOUND('',#2909,.T.);
#797=FACE_BOUND('',#2910,.T.);
#798=FACE_BOUND('',#2911,.T.);
#799=FACE_BOUND('',#2912,.T.);
#800=FACE_BOUND('',#2913,.T.);
#801=FACE_BOUND('',#2914,.T.);
#802=FACE_BOUND('',#2915,.T.);
#803=FACE_BOUND('',#2916,.T.);
#804=FACE_BOUND('',#2917,.T.);
#805=FACE_BOUND('',#2918,.T.);
#806=FACE_BOUND('',#2919,.T.);
#807=FACE_BOUND('',#2920,.T.);
#808=FACE_BOUND('',#2921,.T.);
#809=FACE_BOUND('',#2922,.T.);
#810=FACE_BOUND('',#2923,.T.);
#811=FACE_BOUND('',#2924,.T.);
#812=FACE_BOUND('',#2925,.T.);
#813=FACE_BOUND('',#2926,.T.);
#814=FACE_BOUND('',#2927,.T.);
#815=FACE_BOUND('',#2928,.T.);
#816=FACE_BOUND('',#2929,.T.);
#817=FACE_BOUND('',#2930,.T.);
#818=FACE_BOUND('',#2931,.T.);
#819=FACE_BOUND('',#2932,.T.);
#820=FACE_BOUND('',#2933,.T.);
#821=FACE_BOUND('',#2934,.T.);
#822=FACE_BOUND('',#2935,.T.);
#823=FACE_BOUND('',#2936,.T.);
#824=FACE_BOUND('',#2937,.T.);
#825=FACE_BOUND('',#2938,.T.);
#826=FACE_BOUND('',#2939,.T.);
#827=FACE_BOUND('',#2940,.T.);
#828=FACE_BOUND('',#2941,.T.);
#829=FACE_BOUND('',#2942,.T.);
#830=FACE_BOUND('',#2943,.T.);
#831=FACE_BOUND('',#2944,.T.);
#832=FACE_BOUND('',#2945,.T.);
#833=FACE_BOUND('',#2946,.T.);
#834=FACE_BOUND('',#2947,.T.);
#835=FACE_BOUND('',#2948,.T.);
#836=FACE_BOUND('',#2949,.T.);
#837=FACE_BOUND('',#2950,.T.);
#838=FACE_BOUND('',#2951,.T.);
#839=FACE_BOUND('',#2952,.T.);
#840=FACE_BOUND('',#2953,.T.);
#841=FACE_BOUND('',#2954,.T.);
#842=FACE_BOUND('',#2955,.T.);
#843=FACE_BOUND('',#2956,.T.);
#844=FACE_BOUND('',#2957,.T.);
#845=FACE_BOUND('',#2958,.T.);
#846=FACE_BOUND('',#2959,.T.);
#847=FACE_BOUND('',#2960,.T.);
#848=FACE_BOUND('',#2961,.T.);
#849=FACE_BOUND('',#2962,.T.);
#850=FACE_BOUND('',#2963,.T.);
#851=FACE_BOUND('',#2964,.T.);
#852=FACE_BOUND('',#2965,.T.);
#853=FACE_BOUND('',#2966,.T.);
#854=FACE_BOUND('',#2967,.T.);
#855=FACE_BOUND('',#2968,.T.);
#856=FACE_BOUND('',#2969,.T.);
#857=FACE_BOUND('',#2970,.T.);
#858=FACE_BOUND('',#2971,.T.);
#859=FACE_BOUND('',#2972,.T.);
#860=FACE_BOUND('',#2973,.T.);
#861=FACE_BOUND('',#2974,.T.);
#862=FACE_BOUND('',#2975,.T.);
#863=FACE_BOUND('',#2976,.T.);
#864=FACE_BOUND('',#2977,.T.);
#865=FACE_BOUND('',#2978,.T.);
#866=FACE_BOUND('',#2979,.T.);
#867=FACE_BOUND('',#2980,.T.);
#868=FACE_BOUND('',#2981,.T.);
#869=FACE_BOUND('',#2982,.T.);
#870=FACE_BOUND('',#2983,.T.);
#871=FACE_BOUND('',#2984,.T.);
#872=FACE_BOUND('',#2985,.T.);
#873=FACE_BOUND('',#2986,.T.);
#874=FACE_BOUND('',#2987,.T.);
#875=FACE_BOUND('',#2988,.T.);
#876=FACE_BOUND('',#2989,.T.);
#877=FACE_BOUND('',#2990,.T.);
#878=FACE_BOUND('',#2991,.T.);
#879=FACE_BOUND('',#2992,.T.);
#880=FACE_BOUND('',#2993,.T.);
#881=FACE_BOUND('',#2994,.T.);
#882=FACE_BOUND('',#2995,.T.);
#883=FACE_BOUND('',#2996,.T.);
#884=FACE_BOUND('',#2997,.T.);
#885=FACE_BOUND('',#2998,.T.);
#886=FACE_BOUND('',#2999,.T.);
#887=FACE_BOUND('',#3000,.T.);
#888=FACE_BOUND('',#3001,.T.);
#889=FACE_BOUND('',#3002,.T.);
#890=FACE_BOUND('',#3003,.T.);
#891=FACE_BOUND('',#3004,.T.);
#892=FACE_BOUND('',#3005,.T.);
#893=FACE_BOUND('',#3006,.T.);
#894=FACE_BOUND('',#3007,.T.);
#895=FACE_BOUND('',#3008,.T.);
#896=FACE_BOUND('',#3009,.T.);
#897=FACE_BOUND('',#3010,.T.);
#898=FACE_BOUND('',#3011,.T.);
#899=FACE_BOUND('',#3012,.T.);
#900=FACE_BOUND('',#3013,.T.);
#901=FACE_BOUND('',#3014,.T.);
#902=FACE_BOUND('',#3015,.T.);
#903=FACE_BOUND('',#3016,.T.);
#904=FACE_BOUND('',#3017,.T.);
#905=FACE_BOUND('',#3018,.T.);
#906=FACE_BOUND('',#3019,.T.);
#907=FACE_BOUND('',#3020,.T.);
#908=FACE_BOUND('',#3021,.T.);
#909=FACE_BOUND('',#3022,.T.);
#910=FACE_BOUND('',#3023,.T.);
#911=FACE_BOUND('',#3024,.T.);
#912=FACE_BOUND('',#3025,.T.);
#913=FACE_BOUND('',#3026,.T.);
#914=FACE_BOUND('',#3027,.T.);
#915=FACE_BOUND('',#3028,.T.);
#916=FACE_BOUND('',#3029,.T.);
#917=FACE_BOUND('',#3030,.T.);
#918=FACE_BOUND('',#3031,.T.);
#919=FACE_BOUND('',#3032,.T.);
#920=FACE_BOUND('',#3033,.T.);
#921=FACE_BOUND('',#3034,.T.);
#922=FACE_BOUND('',#3035,.T.);
#923=FACE_BOUND('',#3036,.T.);
#924=FACE_BOUND('',#3037,.T.);
#925=FACE_BOUND('',#3038,.T.);
#926=FACE_BOUND('',#3039,.T.);
#927=FACE_BOUND('',#3040,.T.);
#928=FACE_BOUND('',#3041,.T.);
#929=FACE_BOUND('',#3042,.T.);
#930=FACE_BOUND('',#3043,.T.);
#931=FACE_BOUND('',#3045,.T.);
#932=FACE_BOUND('',#3047,.T.);
#933=FACE_BOUND('',#3048,.T.);
#934=FACE_BOUND('',#3049,.T.);
#935=FACE_BOUND('',#3050,.T.);
#936=FACE_BOUND('',#3051,.T.);
#937=FACE_BOUND('',#3052,.T.);
#938=FACE_BOUND('',#3053,.T.);
#939=FACE_BOUND('',#3054,.T.);
#940=PLANE('',#11466);
#941=PLANE('',#11467);
#942=PLANE('',#11618);
#943=PLANE('',#11619);
#944=PLANE('',#11770);
#945=PLANE('',#11771);
#946=PLANE('',#11772);
#947=PLANE('',#11773);
#948=PLANE('',#11774);
#949=PLANE('',#11775);
#950=PLANE('',#11776);
#951=PLANE('',#11777);
#952=PLANE('',#11778);
#953=PLANE('',#11779);
#954=PLANE('',#11780);
#955=PLANE('',#11781);
#956=PLANE('',#11782);
#957=PLANE('',#11783);
#958=PLANE('',#11784);
#959=PLANE('',#11785);
#960=PLANE('',#11786);
#961=PLANE('',#11787);
#962=PLANE('',#11788);
#963=PLANE('',#11789);
#964=PLANE('',#11790);
#965=PLANE('',#11791);
#966=PLANE('',#11792);
#967=PLANE('',#11793);
#968=PLANE('',#11794);
#969=PLANE('',#11795);
#970=PLANE('',#11796);
#971=PLANE('',#11797);
#972=PLANE('',#11798);
#973=PLANE('',#11799);
#974=PLANE('',#11800);
#975=PLANE('',#11801);
#976=PLANE('',#11802);
#977=PLANE('',#11803);
#978=PLANE('',#11804);
#979=PLANE('',#11805);
#980=PLANE('',#11806);
#981=PLANE('',#11807);
#982=PLANE('',#11808);
#983=PLANE('',#11809);
#984=PLANE('',#11810);
#985=PLANE('',#11811);
#986=PLANE('',#11812);
#987=PLANE('',#11813);
#988=PLANE('',#11814);
#989=PLANE('',#11815);
#990=PLANE('',#11816);
#991=PLANE('',#11817);
#992=PLANE('',#11818);
#993=PLANE('',#11819);
#994=PLANE('',#11820);
#995=PLANE('',#11821);
#996=PLANE('',#11822);
#997=PLANE('',#11823);
#998=PLANE('',#11824);
#999=PLANE('',#11825);
#1000=PLANE('',#11826);
#1001=PLANE('',#11827);
#1002=PLANE('',#11828);
#1003=PLANE('',#11829);
#1004=PLANE('',#11830);
#1005=PLANE('',#11831);
#1006=PLANE('',#11832);
#1007=PLANE('',#11833);
#1008=PLANE('',#11834);
#1009=PLANE('',#11835);
#1010=PLANE('',#11836);
#1011=PLANE('',#11837);
#1012=PLANE('',#11838);
#1013=PLANE('',#11839);
#1014=PLANE('',#11840);
#1015=PLANE('',#11841);
#1016=PLANE('',#11842);
#1017=PLANE('',#11843);
#1018=PLANE('',#11844);
#1019=PLANE('',#11845);
#1020=PLANE('',#11846);
#1021=PLANE('',#11847);
#1022=PLANE('',#11848);
#1023=PLANE('',#11849);
#1024=PLANE('',#11850);
#1025=PLANE('',#11851);
#1026=PLANE('',#11852);
#1027=PLANE('',#11853);
#1028=PLANE('',#11854);
#1029=PLANE('',#11855);
#1030=PLANE('',#11856);
#1031=PLANE('',#11857);
#1032=PLANE('',#11858);
#1033=PLANE('',#12463);
#1034=PLANE('',#12464);
#1035=PLANE('',#12465);
#1036=PLANE('',#12466);
#1037=PLANE('',#12475);
#1038=PLANE('',#12476);
#1039=PLANE('',#12477);
#1040=PLANE('',#12478);
#1041=PLANE('',#12479);
#1042=PLANE('',#12480);
#1043=PLANE('',#12481);
#1044=PLANE('',#12482);
#1045=PLANE('',#12483);
#1046=PLANE('',#12484);
#1047=PLANE('',#12485);
#1048=PLANE('',#12486);
#1049=PLANE('',#12487);
#1050=PLANE('',#12488);
#1051=PLANE('',#12489);
#1052=PLANE('',#12490);
#1053=PLANE('',#12491);
#1054=PLANE('',#12492);
#1055=ELLIPSE('',#11439,3.53553390593274,2.5);
#1056=ELLIPSE('',#11463,3.53553390593274,2.5);
#1057=SPHERICAL_SURFACE('',#11429,2.5);
#1058=SPHERICAL_SURFACE('',#11433,2.5);
#1059=SPHERICAL_SURFACE('',#11440,2.5);
#1060=SPHERICAL_SURFACE('',#11444,2.5);
#1061=SPHERICAL_SURFACE('',#11450,2.5);
#1062=SPHERICAL_SURFACE('',#11456,2.5);
#1063=CYLINDRICAL_SURFACE('',#11422,2.117);
#1064=CYLINDRICAL_SURFACE('',#11427,2.117);
#1065=CYLINDRICAL_SURFACE('',#11437,2.5);
#1066=CYLINDRICAL_SURFACE('',#11438,2.5);
#1067=CYLINDRICAL_SURFACE('',#11448,2.5);
#1068=CYLINDRICAL_SURFACE('',#11449,2.5);
#1069=CYLINDRICAL_SURFACE('',#11454,2.5);
#1070=CYLINDRICAL_SURFACE('',#11455,2.5);
#1071=CYLINDRICAL_SURFACE('',#11460,2.5);
#1072=CYLINDRICAL_SURFACE('',#11461,2.5);
#1073=CYLINDRICAL_SURFACE('',#11462,2.5);
#1074=CYLINDRICAL_SURFACE('',#11464,2.5);
#1075=CYLINDRICAL_SURFACE('',#11465,2.5);
#1076=CYLINDRICAL_SURFACE('',#11863,1.00000001490116);
#1077=CYLINDRICAL_SURFACE('',#11865,1.00000001490116);
#1078=CYLINDRICAL_SURFACE('',#11867,1.00000001490116);
#1079=CYLINDRICAL_SURFACE('',#11869,1.00000001490116);
#1080=CYLINDRICAL_SURFACE('',#11871,1.00000001490116);
#1081=CYLINDRICAL_SURFACE('',#11873,1.00000001490116);
#1082=CYLINDRICAL_SURFACE('',#11875,1.00000001490116);
#1083=CYLINDRICAL_SURFACE('',#11877,1.00000001490116);
#1084=CYLINDRICAL_SURFACE('',#11879,1.00000001490116);
#1085=CYLINDRICAL_SURFACE('',#11881,1.00000001490116);
#1086=CYLINDRICAL_SURFACE('',#11883,1.00000001490116);
#1087=CYLINDRICAL_SURFACE('',#11885,1.00000001490116);
#1088=CYLINDRICAL_SURFACE('',#11887,1.00000001490116);
#1089=CYLINDRICAL_SURFACE('',#11889,1.00000001490116);
#1090=CYLINDRICAL_SURFACE('',#11891,1.00000001490116);
#1091=CYLINDRICAL_SURFACE('',#11893,1.00000001490116);
#1092=CYLINDRICAL_SURFACE('',#11895,1.00000001490116);
#1093=CYLINDRICAL_SURFACE('',#11897,1.00000001490116);
#1094=CYLINDRICAL_SURFACE('',#11899,1.00000001490116);
#1095=CYLINDRICAL_SURFACE('',#11901,1.00000001490116);
#1096=CYLINDRICAL_SURFACE('',#11903,1.00000001490116);
#1097=CYLINDRICAL_SURFACE('',#11905,1.00000001490116);
#1098=CYLINDRICAL_SURFACE('',#11907,1.00000001490116);
#1099=CYLINDRICAL_SURFACE('',#11909,1.00000001490116);
#1100=CYLINDRICAL_SURFACE('',#11911,1.00000001490116);
#1101=CYLINDRICAL_SURFACE('',#11913,1.00000001490116);
#1102=CYLINDRICAL_SURFACE('',#11915,1.00000001490116);
#1103=CYLINDRICAL_SURFACE('',#11917,1.00000001490116);
#1104=CYLINDRICAL_SURFACE('',#11919,1.00000001490116);
#1105=CYLINDRICAL_SURFACE('',#11921,1.00000001490116);
#1106=CYLINDRICAL_SURFACE('',#11923,1.00000001490116);
#1107=CYLINDRICAL_SURFACE('',#11925,1.00000001490116);
#1108=CYLINDRICAL_SURFACE('',#11927,1.00000001490116);
#1109=CYLINDRICAL_SURFACE('',#11929,1.00000001490116);
#1110=CYLINDRICAL_SURFACE('',#11931,1.00000001490116);
#1111=CYLINDRICAL_SURFACE('',#11933,1.00000001490116);
#1112=CYLINDRICAL_SURFACE('',#11935,1.00000001490116);
#1113=CYLINDRICAL_SURFACE('',#11937,1.00000001490116);
#1114=CYLINDRICAL_SURFACE('',#11939,1.00000001490116);
#1115=CYLINDRICAL_SURFACE('',#11941,1.00000001490116);
#1116=CYLINDRICAL_SURFACE('',#11943,1.00000001490116);
#1117=CYLINDRICAL_SURFACE('',#11945,1.00000001490116);
#1118=CYLINDRICAL_SURFACE('',#11947,1.00000001490116);
#1119=CYLINDRICAL_SURFACE('',#11949,1.00000001490116);
#1120=CYLINDRICAL_SURFACE('',#11951,1.00000001490116);
#1121=CYLINDRICAL_SURFACE('',#11953,1.00000001490116);
#1122=CYLINDRICAL_SURFACE('',#11955,1.00000001490116);
#1123=CYLINDRICAL_SURFACE('',#11957,1.00000001490116);
#1124=CYLINDRICAL_SURFACE('',#11959,1.00000001490116);
#1125=CYLINDRICAL_SURFACE('',#11961,1.00000001490116);
#1126=CYLINDRICAL_SURFACE('',#11963,1.00000001490116);
#1127=CYLINDRICAL_SURFACE('',#11965,1.00000001490116);
#1128=CYLINDRICAL_SURFACE('',#11967,1.00000001490116);
#1129=CYLINDRICAL_SURFACE('',#11969,1.00000001490116);
#1130=CYLINDRICAL_SURFACE('',#11971,1.00000001490116);
#1131=CYLINDRICAL_SURFACE('',#11973,1.00000001490116);
#1132=CYLINDRICAL_SURFACE('',#11975,1.00000001490116);
#1133=CYLINDRICAL_SURFACE('',#11977,1.00000001490116);
#1134=CYLINDRICAL_SURFACE('',#11979,1.00000001490116);
#1135=CYLINDRICAL_SURFACE('',#11981,1.00000001490116);
#1136=CYLINDRICAL_SURFACE('',#11983,1.00000001490116);
#1137=CYLINDRICAL_SURFACE('',#11985,1.00000001490116);
#1138=CYLINDRICAL_SURFACE('',#11987,1.00000001490116);
#1139=CYLINDRICAL_SURFACE('',#11989,1.00000001490116);
#1140=CYLINDRICAL_SURFACE('',#11991,1.00000001490116);
#1141=CYLINDRICAL_SURFACE('',#11993,1.00000001490116);
#1142=CYLINDRICAL_SURFACE('',#11995,1.00000001490116);
#1143=CYLINDRICAL_SURFACE('',#11997,1.00000001490116);
#1144=CYLINDRICAL_SURFACE('',#11999,1.00000001490116);
#1145=CYLINDRICAL_SURFACE('',#12001,1.00000001490116);
#1146=CYLINDRICAL_SURFACE('',#12003,1.00000001490116);
#1147=CYLINDRICAL_SURFACE('',#12005,1.00000001490116);
#1148=CYLINDRICAL_SURFACE('',#12007,1.00000001490116);
#1149=CYLINDRICAL_SURFACE('',#12009,1.00000001490116);
#1150=CYLINDRICAL_SURFACE('',#12011,1.00000001490116);
#1151=CYLINDRICAL_SURFACE('',#12013,1.00000001490116);
#1152=CYLINDRICAL_SURFACE('',#12015,1.00000001490116);
#1153=CYLINDRICAL_SURFACE('',#12017,1.00000001490116);
#1154=CYLINDRICAL_SURFACE('',#12019,1.00000001490116);
#1155=CYLINDRICAL_SURFACE('',#12021,1.00000001490116);
#1156=CYLINDRICAL_SURFACE('',#12023,1.00000001490116);
#1157=CYLINDRICAL_SURFACE('',#12025,1.00000001490116);
#1158=CYLINDRICAL_SURFACE('',#12027,1.00000001490116);
#1159=CYLINDRICAL_SURFACE('',#12029,1.00000001490116);
#1160=CYLINDRICAL_SURFACE('',#12031,1.00000001490116);
#1161=CYLINDRICAL_SURFACE('',#12033,1.00000001490116);
#1162=CYLINDRICAL_SURFACE('',#12035,1.00000001490116);
#1163=CYLINDRICAL_SURFACE('',#12037,1.00000001490116);
#1164=CYLINDRICAL_SURFACE('',#12039,1.00000001490116);
#1165=CYLINDRICAL_SURFACE('',#12041,1.00000001490116);
#1166=CYLINDRICAL_SURFACE('',#12043,1.00000001490116);
#1167=CYLINDRICAL_SURFACE('',#12045,1.00000001490116);
#1168=CYLINDRICAL_SURFACE('',#12047,1.00000001490116);
#1169=CYLINDRICAL_SURFACE('',#12049,1.00000001490116);
#1170=CYLINDRICAL_SURFACE('',#12051,1.00000001490116);
#1171=CYLINDRICAL_SURFACE('',#12053,1.00000001490116);
#1172=CYLINDRICAL_SURFACE('',#12055,1.00000001490116);
#1173=CYLINDRICAL_SURFACE('',#12057,1.00000001490116);
#1174=CYLINDRICAL_SURFACE('',#12059,1.00000001490116);
#1175=CYLINDRICAL_SURFACE('',#12061,1.00000001490116);
#1176=CYLINDRICAL_SURFACE('',#12063,1.00000001490116);
#1177=CYLINDRICAL_SURFACE('',#12065,1.00000001490116);
#1178=CYLINDRICAL_SURFACE('',#12067,1.00000001490116);
#1179=CYLINDRICAL_SURFACE('',#12069,1.00000001490116);
#1180=CYLINDRICAL_SURFACE('',#12071,1.00000001490116);
#1181=CYLINDRICAL_SURFACE('',#12073,1.00000001490116);
#1182=CYLINDRICAL_SURFACE('',#12075,1.00000001490116);
#1183=CYLINDRICAL_SURFACE('',#12077,1.00000001490116);
#1184=CYLINDRICAL_SURFACE('',#12079,1.00000001490116);
#1185=CYLINDRICAL_SURFACE('',#12081,1.00000001490116);
#1186=CYLINDRICAL_SURFACE('',#12083,1.00000001490116);
#1187=CYLINDRICAL_SURFACE('',#12085,1.00000001490116);
#1188=CYLINDRICAL_SURFACE('',#12087,1.00000001490116);
#1189=CYLINDRICAL_SURFACE('',#12089,1.00000001490116);
#1190=CYLINDRICAL_SURFACE('',#12091,1.00000001490116);
#1191=CYLINDRICAL_SURFACE('',#12093,1.00000001490116);
#1192=CYLINDRICAL_SURFACE('',#12095,1.00000001490116);
#1193=CYLINDRICAL_SURFACE('',#12097,1.00000001490116);
#1194=CYLINDRICAL_SURFACE('',#12099,1.00000001490116);
#1195=CYLINDRICAL_SURFACE('',#12101,1.00000001490116);
#1196=CYLINDRICAL_SURFACE('',#12103,1.00000001490116);
#1197=CYLINDRICAL_SURFACE('',#12105,1.00000001490116);
#1198=CYLINDRICAL_SURFACE('',#12107,1.00000001490116);
#1199=CYLINDRICAL_SURFACE('',#12109,1.00000001490116);
#1200=CYLINDRICAL_SURFACE('',#12111,1.00000001490116);
#1201=CYLINDRICAL_SURFACE('',#12113,1.00000001490116);
#1202=CYLINDRICAL_SURFACE('',#12115,1.00000001490116);
#1203=CYLINDRICAL_SURFACE('',#12117,1.00000001490116);
#1204=CYLINDRICAL_SURFACE('',#12119,1.00000001490116);
#1205=CYLINDRICAL_SURFACE('',#12121,1.00000001490116);
#1206=CYLINDRICAL_SURFACE('',#12123,1.00000001490116);
#1207=CYLINDRICAL_SURFACE('',#12125,1.00000001490116);
#1208=CYLINDRICAL_SURFACE('',#12127,1.00000001490116);
#1209=CYLINDRICAL_SURFACE('',#12129,1.00000001490116);
#1210=CYLINDRICAL_SURFACE('',#12131,1.00000001490116);
#1211=CYLINDRICAL_SURFACE('',#12133,1.00000001490116);
#1212=CYLINDRICAL_SURFACE('',#12135,1.00000001490116);
#1213=CYLINDRICAL_SURFACE('',#12137,1.00000001490116);
#1214=CYLINDRICAL_SURFACE('',#12139,1.00000001490116);
#1215=CYLINDRICAL_SURFACE('',#12141,1.00000001490116);
#1216=CYLINDRICAL_SURFACE('',#12143,1.00000001490116);
#1217=CYLINDRICAL_SURFACE('',#12145,1.00000001490116);
#1218=CYLINDRICAL_SURFACE('',#12147,1.00000001490116);
#1219=CYLINDRICAL_SURFACE('',#12149,1.00000001490116);
#1220=CYLINDRICAL_SURFACE('',#12151,1.00000001490116);
#1221=CYLINDRICAL_SURFACE('',#12153,1.00000001490116);
#1222=CYLINDRICAL_SURFACE('',#12155,1.00000001490116);
#1223=CYLINDRICAL_SURFACE('',#12157,1.00000001490116);
#1224=CYLINDRICAL_SURFACE('',#12159,1.00000001490116);
#1225=CYLINDRICAL_SURFACE('',#12161,1.00000001490116);
#1226=CYLINDRICAL_SURFACE('',#12163,1.00000001490116);
#1227=CYLINDRICAL_SURFACE('',#12165,1.00000001490116);
#1228=CYLINDRICAL_SURFACE('',#12167,1.00000001490116);
#1229=CYLINDRICAL_SURFACE('',#12169,1.00000001490116);
#1230=CYLINDRICAL_SURFACE('',#12171,1.00000001490116);
#1231=CYLINDRICAL_SURFACE('',#12173,1.00000001490116);
#1232=CYLINDRICAL_SURFACE('',#12175,1.00000001490116);
#1233=CYLINDRICAL_SURFACE('',#12177,1.00000001490116);
#1234=CYLINDRICAL_SURFACE('',#12179,1.00000001490116);
#1235=CYLINDRICAL_SURFACE('',#12181,1.00000001490116);
#1236=CYLINDRICAL_SURFACE('',#12183,1.00000001490116);
#1237=CYLINDRICAL_SURFACE('',#12185,1.00000001490116);
#1238=CYLINDRICAL_SURFACE('',#12187,1.00000001490116);
#1239=CYLINDRICAL_SURFACE('',#12189,1.00000001490116);
#1240=CYLINDRICAL_SURFACE('',#12191,1.00000001490116);
#1241=CYLINDRICAL_SURFACE('',#12193,1.00000001490116);
#1242=CYLINDRICAL_SURFACE('',#12195,1.00000001490116);
#1243=CYLINDRICAL_SURFACE('',#12197,1.00000001490116);
#1244=CYLINDRICAL_SURFACE('',#12199,1.00000001490116);
#1245=CYLINDRICAL_SURFACE('',#12201,1.00000001490116);
#1246=CYLINDRICAL_SURFACE('',#12203,1.00000001490116);
#1247=CYLINDRICAL_SURFACE('',#12205,1.00000001490116);
#1248=CYLINDRICAL_SURFACE('',#12207,1.00000001490116);
#1249=CYLINDRICAL_SURFACE('',#12209,1.00000001490116);
#1250=CYLINDRICAL_SURFACE('',#12211,1.00000001490116);
#1251=CYLINDRICAL_SURFACE('',#12213,1.00000001490116);
#1252=CYLINDRICAL_SURFACE('',#12215,1.00000001490116);
#1253=CYLINDRICAL_SURFACE('',#12217,1.00000001490116);
#1254=CYLINDRICAL_SURFACE('',#12219,1.00000001490116);
#1255=CYLINDRICAL_SURFACE('',#12221,1.00000001490116);
#1256=CYLINDRICAL_SURFACE('',#12223,1.00000001490116);
#1257=CYLINDRICAL_SURFACE('',#12225,1.00000001490116);
#1258=CYLINDRICAL_SURFACE('',#12227,1.00000001490116);
#1259=CYLINDRICAL_SURFACE('',#12229,1.00000001490116);
#1260=CYLINDRICAL_SURFACE('',#12231,1.00000001490116);
#1261=CYLINDRICAL_SURFACE('',#12233,1.00000001490116);
#1262=CYLINDRICAL_SURFACE('',#12235,1.00000001490116);
#1263=CYLINDRICAL_SURFACE('',#12237,1.00000001490116);
#1264=CYLINDRICAL_SURFACE('',#12239,1.00000001490116);
#1265=CYLINDRICAL_SURFACE('',#12241,1.00000001490116);
#1266=CYLINDRICAL_SURFACE('',#12243,1.00000001490116);
#1267=CYLINDRICAL_SURFACE('',#12245,1.00000001490116);
#1268=CYLINDRICAL_SURFACE('',#12247,1.00000001490116);
#1269=CYLINDRICAL_SURFACE('',#12249,1.00000001490116);
#1270=CYLINDRICAL_SURFACE('',#12251,1.00000001490116);
#1271=CYLINDRICAL_SURFACE('',#12253,1.00000001490116);
#1272=CYLINDRICAL_SURFACE('',#12255,1.00000001490116);
#1273=CYLINDRICAL_SURFACE('',#12257,1.00000001490116);
#1274=CYLINDRICAL_SURFACE('',#12259,1.00000001490116);
#1275=CYLINDRICAL_SURFACE('',#12261,1.00000001490116);
#1276=CYLINDRICAL_SURFACE('',#12263,1.00000001490116);
#1277=CYLINDRICAL_SURFACE('',#12265,1.00000001490116);
#1278=CYLINDRICAL_SURFACE('',#12267,1.00000001490116);
#1279=CYLINDRICAL_SURFACE('',#12269,1.00000001490116);
#1280=CYLINDRICAL_SURFACE('',#12271,1.00000001490116);
#1281=CYLINDRICAL_SURFACE('',#12273,1.00000001490116);
#1282=CYLINDRICAL_SURFACE('',#12275,1.00000001490116);
#1283=CYLINDRICAL_SURFACE('',#12277,1.00000001490116);
#1284=CYLINDRICAL_SURFACE('',#12279,1.00000001490116);
#1285=CYLINDRICAL_SURFACE('',#12281,1.00000001490116);
#1286=CYLINDRICAL_SURFACE('',#12283,1.00000001490116);
#1287=CYLINDRICAL_SURFACE('',#12285,1.00000001490116);
#1288=CYLINDRICAL_SURFACE('',#12287,1.00000001490116);
#1289=CYLINDRICAL_SURFACE('',#12289,1.00000001490116);
#1290=CYLINDRICAL_SURFACE('',#12291,1.00000001490116);
#1291=CYLINDRICAL_SURFACE('',#12293,1.00000001490116);
#1292=CYLINDRICAL_SURFACE('',#12295,1.00000001490116);
#1293=CYLINDRICAL_SURFACE('',#12297,1.00000001490116);
#1294=CYLINDRICAL_SURFACE('',#12299,1.00000001490116);
#1295=CYLINDRICAL_SURFACE('',#12301,1.00000001490116);
#1296=CYLINDRICAL_SURFACE('',#12303,1.00000001490116);
#1297=CYLINDRICAL_SURFACE('',#12305,1.00000001490116);
#1298=CYLINDRICAL_SURFACE('',#12307,1.00000001490116);
#1299=CYLINDRICAL_SURFACE('',#12309,1.00000001490116);
#1300=CYLINDRICAL_SURFACE('',#12311,1.00000001490116);
#1301=CYLINDRICAL_SURFACE('',#12313,1.00000001490116);
#1302=CYLINDRICAL_SURFACE('',#12315,1.00000001490116);
#1303=CYLINDRICAL_SURFACE('',#12317,1.00000001490116);
#1304=CYLINDRICAL_SURFACE('',#12319,1.00000001490116);
#1305=CYLINDRICAL_SURFACE('',#12321,1.00000001490116);
#1306=CYLINDRICAL_SURFACE('',#12323,1.00000001490116);
#1307=CYLINDRICAL_SURFACE('',#12325,1.00000001490116);
#1308=CYLINDRICAL_SURFACE('',#12327,1.00000001490116);
#1309=CYLINDRICAL_SURFACE('',#12329,1.00000001490116);
#1310=CYLINDRICAL_SURFACE('',#12331,1.00000001490116);
#1311=CYLINDRICAL_SURFACE('',#12333,1.00000001490116);
#1312=CYLINDRICAL_SURFACE('',#12335,1.00000001490116);
#1313=CYLINDRICAL_SURFACE('',#12337,1.00000001490116);
#1314=CYLINDRICAL_SURFACE('',#12339,1.00000001490116);
#1315=CYLINDRICAL_SURFACE('',#12341,1.00000001490116);
#1316=CYLINDRICAL_SURFACE('',#12343,1.00000001490116);
#1317=CYLINDRICAL_SURFACE('',#12345,1.00000001490116);
#1318=CYLINDRICAL_SURFACE('',#12347,1.00000001490116);
#1319=CYLINDRICAL_SURFACE('',#12349,1.00000001490116);
#1320=CYLINDRICAL_SURFACE('',#12351,1.00000001490116);
#1321=CYLINDRICAL_SURFACE('',#12353,1.00000001490116);
#1322=CYLINDRICAL_SURFACE('',#12355,1.00000001490116);
#1323=CYLINDRICAL_SURFACE('',#12357,1.00000001490116);
#1324=CYLINDRICAL_SURFACE('',#12359,1.00000001490116);
#1325=CYLINDRICAL_SURFACE('',#12361,1.00000001490116);
#1326=CYLINDRICAL_SURFACE('',#12363,1.00000001490116);
#1327=CYLINDRICAL_SURFACE('',#12365,1.00000001490116);
#1328=CYLINDRICAL_SURFACE('',#12367,1.00000001490116);
#1329=CYLINDRICAL_SURFACE('',#12369,1.00000001490116);
#1330=CYLINDRICAL_SURFACE('',#12371,1.00000001490116);
#1331=CYLINDRICAL_SURFACE('',#12373,1.00000001490116);
#1332=CYLINDRICAL_SURFACE('',#12375,1.00000001490116);
#1333=CYLINDRICAL_SURFACE('',#12377,1.00000001490116);
#1334=CYLINDRICAL_SURFACE('',#12379,1.00000001490116);
#1335=CYLINDRICAL_SURFACE('',#12381,1.00000001490116);
#1336=CYLINDRICAL_SURFACE('',#12383,1.00000001490116);
#1337=CYLINDRICAL_SURFACE('',#12385,1.00000001490116);
#1338=CYLINDRICAL_SURFACE('',#12387,1.00000001490116);
#1339=CYLINDRICAL_SURFACE('',#12389,1.00000001490116);
#1340=CYLINDRICAL_SURFACE('',#12391,1.00000001490116);
#1341=CYLINDRICAL_SURFACE('',#12393,1.00000001490116);
#1342=CYLINDRICAL_SURFACE('',#12395,1.00000001490116);
#1343=CYLINDRICAL_SURFACE('',#12397,1.00000001490116);
#1344=CYLINDRICAL_SURFACE('',#12399,1.00000001490116);
#1345=CYLINDRICAL_SURFACE('',#12401,1.00000001490116);
#1346=CYLINDRICAL_SURFACE('',#12403,1.00000001490116);
#1347=CYLINDRICAL_SURFACE('',#12405,1.00000001490116);
#1348=CYLINDRICAL_SURFACE('',#12407,1.00000001490116);
#1349=CYLINDRICAL_SURFACE('',#12409,1.00000001490116);
#1350=CYLINDRICAL_SURFACE('',#12411,1.00000001490116);
#1351=CYLINDRICAL_SURFACE('',#12413,1.00000001490116);
#1352=CYLINDRICAL_SURFACE('',#12415,1.00000001490116);
#1353=CYLINDRICAL_SURFACE('',#12417,1.00000001490116);
#1354=CYLINDRICAL_SURFACE('',#12419,1.00000001490116);
#1355=CYLINDRICAL_SURFACE('',#12421,1.00000001490116);
#1356=CYLINDRICAL_SURFACE('',#12423,1.00000001490116);
#1357=CYLINDRICAL_SURFACE('',#12425,1.00000001490116);
#1358=CYLINDRICAL_SURFACE('',#12427,1.00000001490116);
#1359=CYLINDRICAL_SURFACE('',#12429,1.00000001490116);
#1360=CYLINDRICAL_SURFACE('',#12431,1.00000001490116);
#1361=CYLINDRICAL_SURFACE('',#12433,1.00000001490116);
#1362=CYLINDRICAL_SURFACE('',#12435,1.00000001490116);
#1363=CYLINDRICAL_SURFACE('',#12437,1.00000001490116);
#1364=CYLINDRICAL_SURFACE('',#12439,1.00000001490116);
#1365=CYLINDRICAL_SURFACE('',#12441,1.00000001490116);
#1366=CYLINDRICAL_SURFACE('',#12443,1.00000001490116);
#1367=CYLINDRICAL_SURFACE('',#12445,1.00000001490116);
#1368=CYLINDRICAL_SURFACE('',#12447,1.00000001490116);
#1369=CYLINDRICAL_SURFACE('',#12449,1.00000001490116);
#1370=CYLINDRICAL_SURFACE('',#12451,1.00000001490116);
#1371=CYLINDRICAL_SURFACE('',#12453,1.00000001490116);
#1372=CYLINDRICAL_SURFACE('',#12455,1.00000001490116);
#1373=CYLINDRICAL_SURFACE('',#12457,1.00000001490116);
#1374=CYLINDRICAL_SURFACE('',#12459,1.00000001490116);
#1375=CYLINDRICAL_SURFACE('',#12461,1.00000001490116);
#1376=CYLINDRICAL_SURFACE('',#12467,12.);
#1377=CYLINDRICAL_SURFACE('',#12469,12.);
#1378=CYLINDRICAL_SURFACE('',#12471,12.);
#1379=CYLINDRICAL_SURFACE('',#12473,12.);
#1380=FACE_OUTER_BOUND('',#1909,.T.);
#1381=FACE_OUTER_BOUND('',#1910,.T.);
#1382=FACE_OUTER_BOUND('',#1911,.T.);
#1383=FACE_OUTER_BOUND('',#1912,.T.);
#1384=FACE_OUTER_BOUND('',#1913,.T.);
#1385=FACE_OUTER_BOUND('',#1914,.T.);
#1386=FACE_OUTER_BOUND('',#1915,.T.);
#1387=FACE_OUTER_BOUND('',#1916,.T.);
#1388=FACE_OUTER_BOUND('',#1917,.T.);
#1389=FACE_OUTER_BOUND('',#1918,.T.);
#1390=FACE_OUTER_BOUND('',#1919,.T.);
#1391=FACE_OUTER_BOUND('',#1920,.T.);
#1392=FACE_OUTER_BOUND('',#1921,.T.);
#1393=FACE_OUTER_BOUND('',#1922,.T.);
#1394=FACE_OUTER_BOUND('',#1923,.T.);
#1395=FACE_OUTER_BOUND('',#1924,.T.);
#1396=FACE_OUTER_BOUND('',#1925,.T.);
#1397=FACE_OUTER_BOUND('',#1926,.T.);
#1398=FACE_OUTER_BOUND('',#1927,.T.);
#1399=FACE_OUTER_BOUND('',#1928,.T.);
#1400=FACE_OUTER_BOUND('',#1929,.T.);
#1401=FACE_OUTER_BOUND('',#1930,.T.);
#1402=FACE_OUTER_BOUND('',#1931,.T.);
#1403=FACE_OUTER_BOUND('',#2083,.T.);
#1404=FACE_OUTER_BOUND('',#2085,.T.);
#1405=FACE_OUTER_BOUND('',#2237,.T.);
#1406=FACE_OUTER_BOUND('',#2246,.T.);
#1407=FACE_OUTER_BOUND('',#2247,.T.);
#1408=FACE_OUTER_BOUND('',#2248,.T.);
#1409=FACE_OUTER_BOUND('',#2249,.T.);
#1410=FACE_OUTER_BOUND('',#2250,.T.);
#1411=FACE_OUTER_BOUND('',#2251,.T.);
#1412=FACE_OUTER_BOUND('',#2252,.T.);
#1413=FACE_OUTER_BOUND('',#2253,.T.);
#1414=FACE_OUTER_BOUND('',#2254,.T.);
#1415=FACE_OUTER_BOUND('',#2255,.T.);
#1416=FACE_OUTER_BOUND('',#2256,.T.);
#1417=FACE_OUTER_BOUND('',#2257,.T.);
#1418=FACE_OUTER_BOUND('',#2258,.T.);
#1419=FACE_OUTER_BOUND('',#2259,.T.);
#1420=FACE_OUTER_BOUND('',#2260,.T.);
#1421=FACE_OUTER_BOUND('',#2261,.T.);
#1422=FACE_OUTER_BOUND('',#2262,.T.);
#1423=FACE_OUTER_BOUND('',#2263,.T.);
#1424=FACE_OUTER_BOUND('',#2264,.T.);
#1425=FACE_OUTER_BOUND('',#2265,.T.);
#1426=FACE_OUTER_BOUND('',#2266,.T.);
#1427=FACE_OUTER_BOUND('',#2267,.T.);
#1428=FACE_OUTER_BOUND('',#2268,.T.);
#1429=FACE_OUTER_BOUND('',#2269,.T.);
#1430=FACE_OUTER_BOUND('',#2270,.T.);
#1431=FACE_OUTER_BOUND('',#2271,.T.);
#1432=FACE_OUTER_BOUND('',#2272,.T.);
#1433=FACE_OUTER_BOUND('',#2273,.T.);
#1434=FACE_OUTER_BOUND('',#2274,.T.);
#1435=FACE_OUTER_BOUND('',#2275,.T.);
#1436=FACE_OUTER_BOUND('',#2276,.T.);
#1437=FACE_OUTER_BOUND('',#2277,.T.);
#1438=FACE_OUTER_BOUND('',#2278,.T.);
#1439=FACE_OUTER_BOUND('',#2279,.T.);
#1440=FACE_OUTER_BOUND('',#2280,.T.);
#1441=FACE_OUTER_BOUND('',#2281,.T.);
#1442=FACE_OUTER_BOUND('',#2282,.T.);
#1443=FACE_OUTER_BOUND('',#2283,.T.);
#1444=FACE_OUTER_BOUND('',#2284,.T.);
#1445=FACE_OUTER_BOUND('',#2285,.T.);
#1446=FACE_OUTER_BOUND('',#2286,.T.);
#1447=FACE_OUTER_BOUND('',#2287,.T.);
#1448=FACE_OUTER_BOUND('',#2288,.T.);
#1449=FACE_OUTER_BOUND('',#2289,.T.);
#1450=FACE_OUTER_BOUND('',#2290,.T.);
#1451=FACE_OUTER_BOUND('',#2291,.T.);
#1452=FACE_OUTER_BOUND('',#2292,.T.);
#1453=FACE_OUTER_BOUND('',#2293,.T.);
#1454=FACE_OUTER_BOUND('',#2294,.T.);
#1455=FACE_OUTER_BOUND('',#2295,.T.);
#1456=FACE_OUTER_BOUND('',#2296,.T.);
#1457=FACE_OUTER_BOUND('',#2297,.T.);
#1458=FACE_OUTER_BOUND('',#2298,.T.);
#1459=FACE_OUTER_BOUND('',#2299,.T.);
#1460=FACE_OUTER_BOUND('',#2300,.T.);
#1461=FACE_OUTER_BOUND('',#2301,.T.);
#1462=FACE_OUTER_BOUND('',#2302,.T.);
#1463=FACE_OUTER_BOUND('',#2303,.T.);
#1464=FACE_OUTER_BOUND('',#2304,.T.);
#1465=FACE_OUTER_BOUND('',#2305,.T.);
#1466=FACE_OUTER_BOUND('',#2306,.T.);
#1467=FACE_OUTER_BOUND('',#2307,.T.);
#1468=FACE_OUTER_BOUND('',#2308,.T.);
#1469=FACE_OUTER_BOUND('',#2309,.T.);
#1470=FACE_OUTER_BOUND('',#2310,.T.);
#1471=FACE_OUTER_BOUND('',#2311,.T.);
#1472=FACE_OUTER_BOUND('',#2312,.T.);
#1473=FACE_OUTER_BOUND('',#2313,.T.);
#1474=FACE_OUTER_BOUND('',#2314,.T.);
#1475=FACE_OUTER_BOUND('',#2315,.T.);
#1476=FACE_OUTER_BOUND('',#2316,.T.);
#1477=FACE_OUTER_BOUND('',#2317,.T.);
#1478=FACE_OUTER_BOUND('',#2318,.T.);
#1479=FACE_OUTER_BOUND('',#2319,.T.);
#1480=FACE_OUTER_BOUND('',#2320,.T.);
#1481=FACE_OUTER_BOUND('',#2321,.T.);
#1482=FACE_OUTER_BOUND('',#2322,.T.);
#1483=FACE_OUTER_BOUND('',#2323,.T.);
#1484=FACE_OUTER_BOUND('',#2324,.T.);
#1485=FACE_OUTER_BOUND('',#2325,.T.);
#1486=FACE_OUTER_BOUND('',#2326,.T.);
#1487=FACE_OUTER_BOUND('',#2327,.T.);
#1488=FACE_OUTER_BOUND('',#2328,.T.);
#1489=FACE_OUTER_BOUND('',#2329,.T.);
#1490=FACE_OUTER_BOUND('',#2330,.T.);
#1491=FACE_OUTER_BOUND('',#2331,.T.);
#1492=FACE_OUTER_BOUND('',#2332,.T.);
#1493=FACE_OUTER_BOUND('',#2333,.T.);
#1494=FACE_OUTER_BOUND('',#2334,.T.);
#1495=FACE_OUTER_BOUND('',#2335,.T.);
#1496=FACE_OUTER_BOUND('',#2336,.T.);
#1497=FACE_OUTER_BOUND('',#2337,.T.);
#1498=FACE_OUTER_BOUND('',#2338,.T.);
#1499=FACE_OUTER_BOUND('',#2339,.T.);
#1500=FACE_OUTER_BOUND('',#2340,.T.);
#1501=FACE_OUTER_BOUND('',#2341,.T.);
#1502=FACE_OUTER_BOUND('',#2342,.T.);
#1503=FACE_OUTER_BOUND('',#2343,.T.);
#1504=FACE_OUTER_BOUND('',#2344,.T.);
#1505=FACE_OUTER_BOUND('',#2345,.T.);
#1506=FACE_OUTER_BOUND('',#2346,.T.);
#1507=FACE_OUTER_BOUND('',#2347,.T.);
#1508=FACE_OUTER_BOUND('',#2348,.T.);
#1509=FACE_OUTER_BOUND('',#2349,.T.);
#1510=FACE_OUTER_BOUND('',#2350,.T.);
#1511=FACE_OUTER_BOUND('',#2351,.T.);
#1512=FACE_OUTER_BOUND('',#2352,.T.);
#1513=FACE_OUTER_BOUND('',#2353,.T.);
#1514=FACE_OUTER_BOUND('',#2354,.T.);
#1515=FACE_OUTER_BOUND('',#2355,.T.);
#1516=FACE_OUTER_BOUND('',#2356,.T.);
#1517=FACE_OUTER_BOUND('',#2357,.T.);
#1518=FACE_OUTER_BOUND('',#2358,.T.);
#1519=FACE_OUTER_BOUND('',#2359,.T.);
#1520=FACE_OUTER_BOUND('',#2360,.T.);
#1521=FACE_OUTER_BOUND('',#2361,.T.);
#1522=FACE_OUTER_BOUND('',#2362,.T.);
#1523=FACE_OUTER_BOUND('',#2363,.T.);
#1524=FACE_OUTER_BOUND('',#2364,.T.);
#1525=FACE_OUTER_BOUND('',#2365,.T.);
#1526=FACE_OUTER_BOUND('',#2366,.T.);
#1527=FACE_OUTER_BOUND('',#2367,.T.);
#1528=FACE_OUTER_BOUND('',#2368,.T.);
#1529=FACE_OUTER_BOUND('',#2369,.T.);
#1530=FACE_OUTER_BOUND('',#2370,.T.);
#1531=FACE_OUTER_BOUND('',#2371,.T.);
#1532=FACE_OUTER_BOUND('',#2372,.T.);
#1533=FACE_OUTER_BOUND('',#2373,.T.);
#1534=FACE_OUTER_BOUND('',#2374,.T.);
#1535=FACE_OUTER_BOUND('',#2375,.T.);
#1536=FACE_OUTER_BOUND('',#2376,.T.);
#1537=FACE_OUTER_BOUND('',#2377,.T.);
#1538=FACE_OUTER_BOUND('',#2378,.T.);
#1539=FACE_OUTER_BOUND('',#2379,.T.);
#1540=FACE_OUTER_BOUND('',#2380,.T.);
#1541=FACE_OUTER_BOUND('',#2381,.T.);
#1542=FACE_OUTER_BOUND('',#2382,.T.);
#1543=FACE_OUTER_BOUND('',#2383,.T.);
#1544=FACE_OUTER_BOUND('',#2384,.T.);
#1545=FACE_OUTER_BOUND('',#2385,.T.);
#1546=FACE_OUTER_BOUND('',#2386,.T.);
#1547=FACE_OUTER_BOUND('',#2387,.T.);
#1548=FACE_OUTER_BOUND('',#2388,.T.);
#1549=FACE_OUTER_BOUND('',#2389,.T.);
#1550=FACE_OUTER_BOUND('',#2390,.T.);
#1551=FACE_OUTER_BOUND('',#2391,.T.);
#1552=FACE_OUTER_BOUND('',#2392,.T.);
#1553=FACE_OUTER_BOUND('',#2393,.T.);
#1554=FACE_OUTER_BOUND('',#2394,.T.);
#1555=FACE_OUTER_BOUND('',#2395,.T.);
#1556=FACE_OUTER_BOUND('',#2396,.T.);
#1557=FACE_OUTER_BOUND('',#2397,.T.);
#1558=FACE_OUTER_BOUND('',#2398,.T.);
#1559=FACE_OUTER_BOUND('',#2399,.T.);
#1560=FACE_OUTER_BOUND('',#2400,.T.);
#1561=FACE_OUTER_BOUND('',#2401,.T.);
#1562=FACE_OUTER_BOUND('',#2402,.T.);
#1563=FACE_OUTER_BOUND('',#2403,.T.);
#1564=FACE_OUTER_BOUND('',#2404,.T.);
#1565=FACE_OUTER_BOUND('',#2405,.T.);
#1566=FACE_OUTER_BOUND('',#2406,.T.);
#1567=FACE_OUTER_BOUND('',#2407,.T.);
#1568=FACE_OUTER_BOUND('',#2408,.T.);
#1569=FACE_OUTER_BOUND('',#2409,.T.);
#1570=FACE_OUTER_BOUND('',#2410,.T.);
#1571=FACE_OUTER_BOUND('',#2411,.T.);
#1572=FACE_OUTER_BOUND('',#2412,.T.);
#1573=FACE_OUTER_BOUND('',#2413,.T.);
#1574=FACE_OUTER_BOUND('',#2414,.T.);
#1575=FACE_OUTER_BOUND('',#2415,.T.);
#1576=FACE_OUTER_BOUND('',#2416,.T.);
#1577=FACE_OUTER_BOUND('',#2417,.T.);
#1578=FACE_OUTER_BOUND('',#2418,.T.);
#1579=FACE_OUTER_BOUND('',#2423,.T.);
#1580=FACE_OUTER_BOUND('',#2424,.T.);
#1581=FACE_OUTER_BOUND('',#2425,.T.);
#1582=FACE_OUTER_BOUND('',#2426,.T.);
#1583=FACE_OUTER_BOUND('',#2427,.T.);
#1584=FACE_OUTER_BOUND('',#2428,.T.);
#1585=FACE_OUTER_BOUND('',#2429,.T.);
#1586=FACE_OUTER_BOUND('',#2430,.T.);
#1587=FACE_OUTER_BOUND('',#2431,.T.);
#1588=FACE_OUTER_BOUND('',#2432,.T.);
#1589=FACE_OUTER_BOUND('',#2433,.T.);
#1590=FACE_OUTER_BOUND('',#2434,.T.);
#1591=FACE_OUTER_BOUND('',#2435,.T.);
#1592=FACE_OUTER_BOUND('',#2436,.T.);
#1593=FACE_OUTER_BOUND('',#2437,.T.);
#1594=FACE_OUTER_BOUND('',#2438,.T.);
#1595=FACE_OUTER_BOUND('',#2439,.T.);
#1596=FACE_OUTER_BOUND('',#2440,.T.);
#1597=FACE_OUTER_BOUND('',#2441,.T.);
#1598=FACE_OUTER_BOUND('',#2442,.T.);
#1599=FACE_OUTER_BOUND('',#2443,.T.);
#1600=FACE_OUTER_BOUND('',#2444,.T.);
#1601=FACE_OUTER_BOUND('',#2445,.T.);
#1602=FACE_OUTER_BOUND('',#2446,.T.);
#1603=FACE_OUTER_BOUND('',#2447,.T.);
#1604=FACE_OUTER_BOUND('',#2448,.T.);
#1605=FACE_OUTER_BOUND('',#2449,.T.);
#1606=FACE_OUTER_BOUND('',#2450,.T.);
#1607=FACE_OUTER_BOUND('',#2451,.T.);
#1608=FACE_OUTER_BOUND('',#2452,.T.);
#1609=FACE_OUTER_BOUND('',#2453,.T.);
#1610=FACE_OUTER_BOUND('',#2454,.T.);
#1611=FACE_OUTER_BOUND('',#2455,.T.);
#1612=FACE_OUTER_BOUND('',#2456,.T.);
#1613=FACE_OUTER_BOUND('',#2457,.T.);
#1614=FACE_OUTER_BOUND('',#2458,.T.);
#1615=FACE_OUTER_BOUND('',#2459,.T.);
#1616=FACE_OUTER_BOUND('',#2460,.T.);
#1617=FACE_OUTER_BOUND('',#2461,.T.);
#1618=FACE_OUTER_BOUND('',#2462,.T.);
#1619=FACE_OUTER_BOUND('',#2463,.T.);
#1620=FACE_OUTER_BOUND('',#2464,.T.);
#1621=FACE_OUTER_BOUND('',#2465,.T.);
#1622=FACE_OUTER_BOUND('',#2466,.T.);
#1623=FACE_OUTER_BOUND('',#2467,.T.);
#1624=FACE_OUTER_BOUND('',#2468,.T.);
#1625=FACE_OUTER_BOUND('',#2469,.T.);
#1626=FACE_OUTER_BOUND('',#2470,.T.);
#1627=FACE_OUTER_BOUND('',#2471,.T.);
#1628=FACE_OUTER_BOUND('',#2472,.T.);
#1629=FACE_OUTER_BOUND('',#2473,.T.);
#1630=FACE_OUTER_BOUND('',#2474,.T.);
#1631=FACE_OUTER_BOUND('',#2475,.T.);
#1632=FACE_OUTER_BOUND('',#2476,.T.);
#1633=FACE_OUTER_BOUND('',#2477,.T.);
#1634=FACE_OUTER_BOUND('',#2478,.T.);
#1635=FACE_OUTER_BOUND('',#2479,.T.);
#1636=FACE_OUTER_BOUND('',#2480,.T.);
#1637=FACE_OUTER_BOUND('',#2481,.T.);
#1638=FACE_OUTER_BOUND('',#2482,.T.);
#1639=FACE_OUTER_BOUND('',#2483,.T.);
#1640=FACE_OUTER_BOUND('',#2484,.T.);
#1641=FACE_OUTER_BOUND('',#2485,.T.);
#1642=FACE_OUTER_BOUND('',#2486,.T.);
#1643=FACE_OUTER_BOUND('',#2487,.T.);
#1644=FACE_OUTER_BOUND('',#2488,.T.);
#1645=FACE_OUTER_BOUND('',#2489,.T.);
#1646=FACE_OUTER_BOUND('',#2490,.T.);
#1647=FACE_OUTER_BOUND('',#2491,.T.);
#1648=FACE_OUTER_BOUND('',#2492,.T.);
#1649=FACE_OUTER_BOUND('',#2493,.T.);
#1650=FACE_OUTER_BOUND('',#2494,.T.);
#1651=FACE_OUTER_BOUND('',#2495,.T.);
#1652=FACE_OUTER_BOUND('',#2496,.T.);
#1653=FACE_OUTER_BOUND('',#2497,.T.);
#1654=FACE_OUTER_BOUND('',#2498,.T.);
#1655=FACE_OUTER_BOUND('',#2499,.T.);
#1656=FACE_OUTER_BOUND('',#2500,.T.);
#1657=FACE_OUTER_BOUND('',#2501,.T.);
#1658=FACE_OUTER_BOUND('',#2502,.T.);
#1659=FACE_OUTER_BOUND('',#2503,.T.);
#1660=FACE_OUTER_BOUND('',#2504,.T.);
#1661=FACE_OUTER_BOUND('',#2505,.T.);
#1662=FACE_OUTER_BOUND('',#2506,.T.);
#1663=FACE_OUTER_BOUND('',#2507,.T.);
#1664=FACE_OUTER_BOUND('',#2508,.T.);
#1665=FACE_OUTER_BOUND('',#2509,.T.);
#1666=FACE_OUTER_BOUND('',#2510,.T.);
#1667=FACE_OUTER_BOUND('',#2511,.T.);
#1668=FACE_OUTER_BOUND('',#2512,.T.);
#1669=FACE_OUTER_BOUND('',#2513,.T.);
#1670=FACE_OUTER_BOUND('',#2514,.T.);
#1671=FACE_OUTER_BOUND('',#2515,.T.);
#1672=FACE_OUTER_BOUND('',#2516,.T.);
#1673=FACE_OUTER_BOUND('',#2517,.T.);
#1674=FACE_OUTER_BOUND('',#2518,.T.);
#1675=FACE_OUTER_BOUND('',#2519,.T.);
#1676=FACE_OUTER_BOUND('',#2520,.T.);
#1677=FACE_OUTER_BOUND('',#2521,.T.);
#1678=FACE_OUTER_BOUND('',#2522,.T.);
#1679=FACE_OUTER_BOUND('',#2523,.T.);
#1680=FACE_OUTER_BOUND('',#2524,.T.);
#1681=FACE_OUTER_BOUND('',#2525,.T.);
#1682=FACE_OUTER_BOUND('',#2526,.T.);
#1683=FACE_OUTER_BOUND('',#2527,.T.);
#1684=FACE_OUTER_BOUND('',#2528,.T.);
#1685=FACE_OUTER_BOUND('',#2529,.T.);
#1686=FACE_OUTER_BOUND('',#2530,.T.);
#1687=FACE_OUTER_BOUND('',#2531,.T.);
#1688=FACE_OUTER_BOUND('',#2532,.T.);
#1689=FACE_OUTER_BOUND('',#2533,.T.);
#1690=FACE_OUTER_BOUND('',#2534,.T.);
#1691=FACE_OUTER_BOUND('',#2535,.T.);
#1692=FACE_OUTER_BOUND('',#2536,.T.);
#1693=FACE_OUTER_BOUND('',#2537,.T.);
#1694=FACE_OUTER_BOUND('',#2538,.T.);
#1695=FACE_OUTER_BOUND('',#2539,.T.);
#1696=FACE_OUTER_BOUND('',#2540,.T.);
#1697=FACE_OUTER_BOUND('',#2541,.T.);
#1698=FACE_OUTER_BOUND('',#2542,.T.);
#1699=FACE_OUTER_BOUND('',#2543,.T.);
#1700=FACE_OUTER_BOUND('',#2544,.T.);
#1701=FACE_OUTER_BOUND('',#2545,.T.);
#1702=FACE_OUTER_BOUND('',#2546,.T.);
#1703=FACE_OUTER_BOUND('',#2547,.T.);
#1704=FACE_OUTER_BOUND('',#2548,.T.);
#1705=FACE_OUTER_BOUND('',#2549,.T.);
#1706=FACE_OUTER_BOUND('',#2550,.T.);
#1707=FACE_OUTER_BOUND('',#2551,.T.);
#1708=FACE_OUTER_BOUND('',#2552,.T.);
#1709=FACE_OUTER_BOUND('',#2553,.T.);
#1710=FACE_OUTER_BOUND('',#2554,.T.);
#1711=FACE_OUTER_BOUND('',#2555,.T.);
#1712=FACE_OUTER_BOUND('',#2556,.T.);
#1713=FACE_OUTER_BOUND('',#2557,.T.);
#1714=FACE_OUTER_BOUND('',#2558,.T.);
#1715=FACE_OUTER_BOUND('',#2559,.T.);
#1716=FACE_OUTER_BOUND('',#2560,.T.);
#1717=FACE_OUTER_BOUND('',#2561,.T.);
#1718=FACE_OUTER_BOUND('',#2562,.T.);
#1719=FACE_OUTER_BOUND('',#2563,.T.);
#1720=FACE_OUTER_BOUND('',#2564,.T.);
#1721=FACE_OUTER_BOUND('',#2565,.T.);
#1722=FACE_OUTER_BOUND('',#2566,.T.);
#1723=FACE_OUTER_BOUND('',#2567,.T.);
#1724=FACE_OUTER_BOUND('',#2568,.T.);
#1725=FACE_OUTER_BOUND('',#2569,.T.);
#1726=FACE_OUTER_BOUND('',#2570,.T.);
#1727=FACE_OUTER_BOUND('',#2571,.T.);
#1728=FACE_OUTER_BOUND('',#2572,.T.);
#1729=FACE_OUTER_BOUND('',#2573,.T.);
#1730=FACE_OUTER_BOUND('',#2574,.T.);
#1731=FACE_OUTER_BOUND('',#2575,.T.);
#1732=FACE_OUTER_BOUND('',#2576,.T.);
#1733=FACE_OUTER_BOUND('',#2577,.T.);
#1734=FACE_OUTER_BOUND('',#2578,.T.);
#1735=FACE_OUTER_BOUND('',#2579,.T.);
#1736=FACE_OUTER_BOUND('',#2580,.T.);
#1737=FACE_OUTER_BOUND('',#2581,.T.);
#1738=FACE_OUTER_BOUND('',#2582,.T.);
#1739=FACE_OUTER_BOUND('',#2583,.T.);
#1740=FACE_OUTER_BOUND('',#2584,.T.);
#1741=FACE_OUTER_BOUND('',#2585,.T.);
#1742=FACE_OUTER_BOUND('',#2586,.T.);
#1743=FACE_OUTER_BOUND('',#2587,.T.);
#1744=FACE_OUTER_BOUND('',#2588,.T.);
#1745=FACE_OUTER_BOUND('',#2589,.T.);
#1746=FACE_OUTER_BOUND('',#2590,.T.);
#1747=FACE_OUTER_BOUND('',#2591,.T.);
#1748=FACE_OUTER_BOUND('',#2592,.T.);
#1749=FACE_OUTER_BOUND('',#2593,.T.);
#1750=FACE_OUTER_BOUND('',#2594,.T.);
#1751=FACE_OUTER_BOUND('',#2595,.T.);
#1752=FACE_OUTER_BOUND('',#2596,.T.);
#1753=FACE_OUTER_BOUND('',#2597,.T.);
#1754=FACE_OUTER_BOUND('',#2598,.T.);
#1755=FACE_OUTER_BOUND('',#2599,.T.);
#1756=FACE_OUTER_BOUND('',#2600,.T.);
#1757=FACE_OUTER_BOUND('',#2601,.T.);
#1758=FACE_OUTER_BOUND('',#2602,.T.);
#1759=FACE_OUTER_BOUND('',#2603,.T.);
#1760=FACE_OUTER_BOUND('',#2604,.T.);
#1761=FACE_OUTER_BOUND('',#2605,.T.);
#1762=FACE_OUTER_BOUND('',#2606,.T.);
#1763=FACE_OUTER_BOUND('',#2607,.T.);
#1764=FACE_OUTER_BOUND('',#2608,.T.);
#1765=FACE_OUTER_BOUND('',#2609,.T.);
#1766=FACE_OUTER_BOUND('',#2610,.T.);
#1767=FACE_OUTER_BOUND('',#2611,.T.);
#1768=FACE_OUTER_BOUND('',#2612,.T.);
#1769=FACE_OUTER_BOUND('',#2613,.T.);
#1770=FACE_OUTER_BOUND('',#2614,.T.);
#1771=FACE_OUTER_BOUND('',#2615,.T.);
#1772=FACE_OUTER_BOUND('',#2616,.T.);
#1773=FACE_OUTER_BOUND('',#2617,.T.);
#1774=FACE_OUTER_BOUND('',#2618,.T.);
#1775=FACE_OUTER_BOUND('',#2619,.T.);
#1776=FACE_OUTER_BOUND('',#2620,.T.);
#1777=FACE_OUTER_BOUND('',#2621,.T.);
#1778=FACE_OUTER_BOUND('',#2622,.T.);
#1779=FACE_OUTER_BOUND('',#2623,.T.);
#1780=FACE_OUTER_BOUND('',#2624,.T.);
#1781=FACE_OUTER_BOUND('',#2625,.T.);
#1782=FACE_OUTER_BOUND('',#2626,.T.);
#1783=FACE_OUTER_BOUND('',#2627,.T.);
#1784=FACE_OUTER_BOUND('',#2628,.T.);
#1785=FACE_OUTER_BOUND('',#2629,.T.);
#1786=FACE_OUTER_BOUND('',#2630,.T.);
#1787=FACE_OUTER_BOUND('',#2631,.T.);
#1788=FACE_OUTER_BOUND('',#2632,.T.);
#1789=FACE_OUTER_BOUND('',#2633,.T.);
#1790=FACE_OUTER_BOUND('',#2634,.T.);
#1791=FACE_OUTER_BOUND('',#2635,.T.);
#1792=FACE_OUTER_BOUND('',#2636,.T.);
#1793=FACE_OUTER_BOUND('',#2637,.T.);
#1794=FACE_OUTER_BOUND('',#2638,.T.);
#1795=FACE_OUTER_BOUND('',#2639,.T.);
#1796=FACE_OUTER_BOUND('',#2640,.T.);
#1797=FACE_OUTER_BOUND('',#2641,.T.);
#1798=FACE_OUTER_BOUND('',#2642,.T.);
#1799=FACE_OUTER_BOUND('',#2643,.T.);
#1800=FACE_OUTER_BOUND('',#2644,.T.);
#1801=FACE_OUTER_BOUND('',#2645,.T.);
#1802=FACE_OUTER_BOUND('',#2646,.T.);
#1803=FACE_OUTER_BOUND('',#2647,.T.);
#1804=FACE_OUTER_BOUND('',#2648,.T.);
#1805=FACE_OUTER_BOUND('',#2649,.T.);
#1806=FACE_OUTER_BOUND('',#2650,.T.);
#1807=FACE_OUTER_BOUND('',#2651,.T.);
#1808=FACE_OUTER_BOUND('',#2652,.T.);
#1809=FACE_OUTER_BOUND('',#2653,.T.);
#1810=FACE_OUTER_BOUND('',#2654,.T.);
#1811=FACE_OUTER_BOUND('',#2655,.T.);
#1812=FACE_OUTER_BOUND('',#2656,.T.);
#1813=FACE_OUTER_BOUND('',#2657,.T.);
#1814=FACE_OUTER_BOUND('',#2658,.T.);
#1815=FACE_OUTER_BOUND('',#2659,.T.);
#1816=FACE_OUTER_BOUND('',#2660,.T.);
#1817=FACE_OUTER_BOUND('',#2661,.T.);
#1818=FACE_OUTER_BOUND('',#2662,.T.);
#1819=FACE_OUTER_BOUND('',#2663,.T.);
#1820=FACE_OUTER_BOUND('',#2664,.T.);
#1821=FACE_OUTER_BOUND('',#2665,.T.);
#1822=FACE_OUTER_BOUND('',#2666,.T.);
#1823=FACE_OUTER_BOUND('',#2667,.T.);
#1824=FACE_OUTER_BOUND('',#2668,.T.);
#1825=FACE_OUTER_BOUND('',#2669,.T.);
#1826=FACE_OUTER_BOUND('',#2670,.T.);
#1827=FACE_OUTER_BOUND('',#2671,.T.);
#1828=FACE_OUTER_BOUND('',#2672,.T.);
#1829=FACE_OUTER_BOUND('',#2673,.T.);
#1830=FACE_OUTER_BOUND('',#2674,.T.);
#1831=FACE_OUTER_BOUND('',#2675,.T.);
#1832=FACE_OUTER_BOUND('',#2676,.T.);
#1833=FACE_OUTER_BOUND('',#2677,.T.);
#1834=FACE_OUTER_BOUND('',#2678,.T.);
#1835=FACE_OUTER_BOUND('',#2679,.T.);
#1836=FACE_OUTER_BOUND('',#2680,.T.);
#1837=FACE_OUTER_BOUND('',#2681,.T.);
#1838=FACE_OUTER_BOUND('',#2682,.T.);
#1839=FACE_OUTER_BOUND('',#2683,.T.);
#1840=FACE_OUTER_BOUND('',#2684,.T.);
#1841=FACE_OUTER_BOUND('',#2685,.T.);
#1842=FACE_OUTER_BOUND('',#2686,.T.);
#1843=FACE_OUTER_BOUND('',#2687,.T.);
#1844=FACE_OUTER_BOUND('',#2688,.T.);
#1845=FACE_OUTER_BOUND('',#2689,.T.);
#1846=FACE_OUTER_BOUND('',#2690,.T.);
#1847=FACE_OUTER_BOUND('',#2691,.T.);
#1848=FACE_OUTER_BOUND('',#2692,.T.);
#1849=FACE_OUTER_BOUND('',#2693,.T.);
#1850=FACE_OUTER_BOUND('',#2694,.T.);
#1851=FACE_OUTER_BOUND('',#2695,.T.);
#1852=FACE_OUTER_BOUND('',#2696,.T.);
#1853=FACE_OUTER_BOUND('',#2697,.T.);
#1854=FACE_OUTER_BOUND('',#2698,.T.);
#1855=FACE_OUTER_BOUND('',#2699,.T.);
#1856=FACE_OUTER_BOUND('',#2700,.T.);
#1857=FACE_OUTER_BOUND('',#2701,.T.);
#1858=FACE_OUTER_BOUND('',#2702,.T.);
#1859=FACE_OUTER_BOUND('',#2703,.T.);
#1860=FACE_OUTER_BOUND('',#2704,.T.);
#1861=FACE_OUTER_BOUND('',#2705,.T.);
#1862=FACE_OUTER_BOUND('',#2706,.T.);
#1863=FACE_OUTER_BOUND('',#2707,.T.);
#1864=FACE_OUTER_BOUND('',#2708,.T.);
#1865=FACE_OUTER_BOUND('',#2709,.T.);
#1866=FACE_OUTER_BOUND('',#2710,.T.);
#1867=FACE_OUTER_BOUND('',#2711,.T.);
#1868=FACE_OUTER_BOUND('',#2712,.T.);
#1869=FACE_OUTER_BOUND('',#2713,.T.);
#1870=FACE_OUTER_BOUND('',#2714,.T.);
#1871=FACE_OUTER_BOUND('',#2715,.T.);
#1872=FACE_OUTER_BOUND('',#2716,.T.);
#1873=FACE_OUTER_BOUND('',#2717,.T.);
#1874=FACE_OUTER_BOUND('',#2718,.T.);
#1875=FACE_OUTER_BOUND('',#2719,.T.);
#1876=FACE_OUTER_BOUND('',#2720,.T.);
#1877=FACE_OUTER_BOUND('',#2721,.T.);
#1878=FACE_OUTER_BOUND('',#2722,.T.);
#1879=FACE_OUTER_BOUND('',#2723,.T.);
#1880=FACE_OUTER_BOUND('',#2724,.T.);
#1881=FACE_OUTER_BOUND('',#2725,.T.);
#1882=FACE_OUTER_BOUND('',#2726,.T.);
#1883=FACE_OUTER_BOUND('',#2727,.T.);
#1884=FACE_OUTER_BOUND('',#2728,.T.);
#1885=FACE_OUTER_BOUND('',#2729,.T.);
#1886=FACE_OUTER_BOUND('',#2730,.T.);
#1887=FACE_OUTER_BOUND('',#2731,.T.);
#1888=FACE_OUTER_BOUND('',#2740,.T.);
#1889=FACE_OUTER_BOUND('',#2892,.T.);
#1890=FACE_OUTER_BOUND('',#3044,.T.);
#1891=FACE_OUTER_BOUND('',#3046,.T.);
#1892=FACE_OUTER_BOUND('',#3055,.T.);
#1893=FACE_OUTER_BOUND('',#3056,.T.);
#1894=FACE_OUTER_BOUND('',#3057,.T.);
#1895=FACE_OUTER_BOUND('',#3058,.T.);
#1896=FACE_OUTER_BOUND('',#3059,.T.);
#1897=FACE_OUTER_BOUND('',#3060,.T.);
#1898=FACE_OUTER_BOUND('',#3061,.T.);
#1899=FACE_OUTER_BOUND('',#3062,.T.);
#1900=FACE_OUTER_BOUND('',#3063,.T.);
#1901=FACE_OUTER_BOUND('',#3064,.T.);
#1902=FACE_OUTER_BOUND('',#3065,.T.);
#1903=FACE_OUTER_BOUND('',#3066,.T.);
#1904=FACE_OUTER_BOUND('',#3067,.T.);
#1905=FACE_OUTER_BOUND('',#3068,.T.);
#1906=FACE_OUTER_BOUND('',#3069,.T.);
#1907=FACE_OUTER_BOUND('',#3070,.T.);
#1908=FACE_OUTER_BOUND('',#3071,.T.);
#1909=EDGE_LOOP('',(#7753,#7754,#7755,#7756));
#1910=EDGE_LOOP('',(#7757,#7758,#7759,#7760));
#1911=EDGE_LOOP('',(#7761,#7762,#7763,#7764));
#1912=EDGE_LOOP('',(#7765,#7766,#7767,#7768));
#1913=EDGE_LOOP('',(#7769,#7770,#7771));
#1914=EDGE_LOOP('',(#7772,#7773,#7774));
#1915=EDGE_LOOP('',(#7775,#7776,#7777,#7778));
#1916=EDGE_LOOP('',(#7779,#7780,#7781,#7782));
#1917=EDGE_LOOP('',(#7783,#7784,#7785));
#1918=EDGE_LOOP('',(#7786,#7787,#7788));
#1919=EDGE_LOOP('',(#7789,#7790,#7791,#7792));
#1920=EDGE_LOOP('',(#7793,#7794,#7795,#7796));
#1921=EDGE_LOOP('',(#7797,#7798,#7799));
#1922=EDGE_LOOP('',(#7800,#7801,#7802,#7803));
#1923=EDGE_LOOP('',(#7804,#7805,#7806,#7807));
#1924=EDGE_LOOP('',(#7808,#7809,#7810));
#1925=EDGE_LOOP('',(#7811,#7812,#7813,#7814));
#1926=EDGE_LOOP('',(#7815,#7816,#7817,#7818));
#1927=EDGE_LOOP('',(#7819,#7820,#7821,#7822));
#1928=EDGE_LOOP('',(#7823,#7824,#7825,#7826));
#1929=EDGE_LOOP('',(#7827,#7828,#7829,#7830));
#1930=EDGE_LOOP('',(#7831,#7832,#7833,#7834));
#1931=EDGE_LOOP('',(#7835,#7836,#7837,#7838));
#1932=EDGE_LOOP('',(#7839));
#1933=EDGE_LOOP('',(#7840));
#1934=EDGE_LOOP('',(#7841));
#1935=EDGE_LOOP('',(#7842));
#1936=EDGE_LOOP('',(#7843));
#1937=EDGE_LOOP('',(#7844));
#1938=EDGE_LOOP('',(#7845));
#1939=EDGE_LOOP('',(#7846));
#1940=EDGE_LOOP('',(#7847));
#1941=EDGE_LOOP('',(#7848));
#1942=EDGE_LOOP('',(#7849));
#1943=EDGE_LOOP('',(#7850));
#1944=EDGE_LOOP('',(#7851));
#1945=EDGE_LOOP('',(#7852));
#1946=EDGE_LOOP('',(#7853));
#1947=EDGE_LOOP('',(#7854));
#1948=EDGE_LOOP('',(#7855));
#1949=EDGE_LOOP('',(#7856));
#1950=EDGE_LOOP('',(#7857));
#1951=EDGE_LOOP('',(#7858));
#1952=EDGE_LOOP('',(#7859));
#1953=EDGE_LOOP('',(#7860));
#1954=EDGE_LOOP('',(#7861));
#1955=EDGE_LOOP('',(#7862));
#1956=EDGE_LOOP('',(#7863));
#1957=EDGE_LOOP('',(#7864));
#1958=EDGE_LOOP('',(#7865));
#1959=EDGE_LOOP('',(#7866));
#1960=EDGE_LOOP('',(#7867));
#1961=EDGE_LOOP('',(#7868));
#1962=EDGE_LOOP('',(#7869));
#1963=EDGE_LOOP('',(#7870));
#1964=EDGE_LOOP('',(#7871));
#1965=EDGE_LOOP('',(#7872));
#1966=EDGE_LOOP('',(#7873));
#1967=EDGE_LOOP('',(#7874));
#1968=EDGE_LOOP('',(#7875));
#1969=EDGE_LOOP('',(#7876));
#1970=EDGE_LOOP('',(#7877));
#1971=EDGE_LOOP('',(#7878));
#1972=EDGE_LOOP('',(#7879));
#1973=EDGE_LOOP('',(#7880));
#1974=EDGE_LOOP('',(#7881));
#1975=EDGE_LOOP('',(#7882));
#1976=EDGE_LOOP('',(#7883));
#1977=EDGE_LOOP('',(#7884));
#1978=EDGE_LOOP('',(#7885));
#1979=EDGE_LOOP('',(#7886));
#1980=EDGE_LOOP('',(#7887));
#1981=EDGE_LOOP('',(#7888));
#1982=EDGE_LOOP('',(#7889));
#1983=EDGE_LOOP('',(#7890));
#1984=EDGE_LOOP('',(#7891));
#1985=EDGE_LOOP('',(#7892));
#1986=EDGE_LOOP('',(#7893));
#1987=EDGE_LOOP('',(#7894));
#1988=EDGE_LOOP('',(#7895));
#1989=EDGE_LOOP('',(#7896));
#1990=EDGE_LOOP('',(#7897));
#1991=EDGE_LOOP('',(#7898));
#1992=EDGE_LOOP('',(#7899));
#1993=EDGE_LOOP('',(#7900));
#1994=EDGE_LOOP('',(#7901));
#1995=EDGE_LOOP('',(#7902));
#1996=EDGE_LOOP('',(#7903));
#1997=EDGE_LOOP('',(#7904));
#1998=EDGE_LOOP('',(#7905));
#1999=EDGE_LOOP('',(#7906));
#2000=EDGE_LOOP('',(#7907));
#2001=EDGE_LOOP('',(#7908));
#2002=EDGE_LOOP('',(#7909));
#2003=EDGE_LOOP('',(#7910));
#2004=EDGE_LOOP('',(#7911));
#2005=EDGE_LOOP('',(#7912));
#2006=EDGE_LOOP('',(#7913));
#2007=EDGE_LOOP('',(#7914));
#2008=EDGE_LOOP('',(#7915));
#2009=EDGE_LOOP('',(#7916));
#2010=EDGE_LOOP('',(#7917));
#2011=EDGE_LOOP('',(#7918));
#2012=EDGE_LOOP('',(#7919));
#2013=EDGE_LOOP('',(#7920));
#2014=EDGE_LOOP('',(#7921));
#2015=EDGE_LOOP('',(#7922));
#2016=EDGE_LOOP('',(#7923));
#2017=EDGE_LOOP('',(#7924));
#2018=EDGE_LOOP('',(#7925));
#2019=EDGE_LOOP('',(#7926));
#2020=EDGE_LOOP('',(#7927));
#2021=EDGE_LOOP('',(#7928));
#2022=EDGE_LOOP('',(#7929));
#2023=EDGE_LOOP('',(#7930));
#2024=EDGE_LOOP('',(#7931));
#2025=EDGE_LOOP('',(#7932));
#2026=EDGE_LOOP('',(#7933));
#2027=EDGE_LOOP('',(#7934));
#2028=EDGE_LOOP('',(#7935));
#2029=EDGE_LOOP('',(#7936));
#2030=EDGE_LOOP('',(#7937));
#2031=EDGE_LOOP('',(#7938));
#2032=EDGE_LOOP('',(#7939));
#2033=EDGE_LOOP('',(#7940));
#2034=EDGE_LOOP('',(#7941));
#2035=EDGE_LOOP('',(#7942));
#2036=EDGE_LOOP('',(#7943));
#2037=EDGE_LOOP('',(#7944));
#2038=EDGE_LOOP('',(#7945));
#2039=EDGE_LOOP('',(#7946));
#2040=EDGE_LOOP('',(#7947));
#2041=EDGE_LOOP('',(#7948));
#2042=EDGE_LOOP('',(#7949));
#2043=EDGE_LOOP('',(#7950));
#2044=EDGE_LOOP('',(#7951));
#2045=EDGE_LOOP('',(#7952));
#2046=EDGE_LOOP('',(#7953));
#2047=EDGE_LOOP('',(#7954));
#2048=EDGE_LOOP('',(#7955));
#2049=EDGE_LOOP('',(#7956));
#2050=EDGE_LOOP('',(#7957));
#2051=EDGE_LOOP('',(#7958));
#2052=EDGE_LOOP('',(#7959));
#2053=EDGE_LOOP('',(#7960));
#2054=EDGE_LOOP('',(#7961));
#2055=EDGE_LOOP('',(#7962));
#2056=EDGE_LOOP('',(#7963));
#2057=EDGE_LOOP('',(#7964));
#2058=EDGE_LOOP('',(#7965));
#2059=EDGE_LOOP('',(#7966));
#2060=EDGE_LOOP('',(#7967));
#2061=EDGE_LOOP('',(#7968));
#2062=EDGE_LOOP('',(#7969));
#2063=EDGE_LOOP('',(#7970));
#2064=EDGE_LOOP('',(#7971));
#2065=EDGE_LOOP('',(#7972));
#2066=EDGE_LOOP('',(#7973));
#2067=EDGE_LOOP('',(#7974));
#2068=EDGE_LOOP('',(#7975));
#2069=EDGE_LOOP('',(#7976));
#2070=EDGE_LOOP('',(#7977));
#2071=EDGE_LOOP('',(#7978));
#2072=EDGE_LOOP('',(#7979));
#2073=EDGE_LOOP('',(#7980));
#2074=EDGE_LOOP('',(#7981));
#2075=EDGE_LOOP('',(#7982));
#2076=EDGE_LOOP('',(#7983));
#2077=EDGE_LOOP('',(#7984));
#2078=EDGE_LOOP('',(#7985));
#2079=EDGE_LOOP('',(#7986));
#2080=EDGE_LOOP('',(#7987));
#2081=EDGE_LOOP('',(#7988));
#2082=EDGE_LOOP('',(#7989));
#2083=EDGE_LOOP('',(#7990,#7991,#7992,#7993));
#2084=EDGE_LOOP('',(#7994,#7995,#7996,#7997));
#2085=EDGE_LOOP('',(#7998,#7999,#8000,#8001));
#2086=EDGE_LOOP('',(#8002));
#2087=EDGE_LOOP('',(#8003));
#2088=EDGE_LOOP('',(#8004));
#2089=EDGE_LOOP('',(#8005));
#2090=EDGE_LOOP('',(#8006));
#2091=EDGE_LOOP('',(#8007));
#2092=EDGE_LOOP('',(#8008));
#2093=EDGE_LOOP('',(#8009));
#2094=EDGE_LOOP('',(#8010));
#2095=EDGE_LOOP('',(#8011));
#2096=EDGE_LOOP('',(#8012));
#2097=EDGE_LOOP('',(#8013));
#2098=EDGE_LOOP('',(#8014));
#2099=EDGE_LOOP('',(#8015));
#2100=EDGE_LOOP('',(#8016));
#2101=EDGE_LOOP('',(#8017));
#2102=EDGE_LOOP('',(#8018));
#2103=EDGE_LOOP('',(#8019));
#2104=EDGE_LOOP('',(#8020));
#2105=EDGE_LOOP('',(#8021));
#2106=EDGE_LOOP('',(#8022));
#2107=EDGE_LOOP('',(#8023));
#2108=EDGE_LOOP('',(#8024));
#2109=EDGE_LOOP('',(#8025));
#2110=EDGE_LOOP('',(#8026));
#2111=EDGE_LOOP('',(#8027));
#2112=EDGE_LOOP('',(#8028));
#2113=EDGE_LOOP('',(#8029));
#2114=EDGE_LOOP('',(#8030));
#2115=EDGE_LOOP('',(#8031));
#2116=EDGE_LOOP('',(#8032));
#2117=EDGE_LOOP('',(#8033));
#2118=EDGE_LOOP('',(#8034));
#2119=EDGE_LOOP('',(#8035));
#2120=EDGE_LOOP('',(#8036));
#2121=EDGE_LOOP('',(#8037));
#2122=EDGE_LOOP('',(#8038));
#2123=EDGE_LOOP('',(#8039));
#2124=EDGE_LOOP('',(#8040));
#2125=EDGE_LOOP('',(#8041));
#2126=EDGE_LOOP('',(#8042));
#2127=EDGE_LOOP('',(#8043));
#2128=EDGE_LOOP('',(#8044));
#2129=EDGE_LOOP('',(#8045));
#2130=EDGE_LOOP('',(#8046));
#2131=EDGE_LOOP('',(#8047));
#2132=EDGE_LOOP('',(#8048));
#2133=EDGE_LOOP('',(#8049));
#2134=EDGE_LOOP('',(#8050));
#2135=EDGE_LOOP('',(#8051));
#2136=EDGE_LOOP('',(#8052));
#2137=EDGE_LOOP('',(#8053));
#2138=EDGE_LOOP('',(#8054));
#2139=EDGE_LOOP('',(#8055));
#2140=EDGE_LOOP('',(#8056));
#2141=EDGE_LOOP('',(#8057));
#2142=EDGE_LOOP('',(#8058));
#2143=EDGE_LOOP('',(#8059));
#2144=EDGE_LOOP('',(#8060));
#2145=EDGE_LOOP('',(#8061));
#2146=EDGE_LOOP('',(#8062));
#2147=EDGE_LOOP('',(#8063));
#2148=EDGE_LOOP('',(#8064));
#2149=EDGE_LOOP('',(#8065));
#2150=EDGE_LOOP('',(#8066));
#2151=EDGE_LOOP('',(#8067));
#2152=EDGE_LOOP('',(#8068));
#2153=EDGE_LOOP('',(#8069));
#2154=EDGE_LOOP('',(#8070));
#2155=EDGE_LOOP('',(#8071));
#2156=EDGE_LOOP('',(#8072));
#2157=EDGE_LOOP('',(#8073));
#2158=EDGE_LOOP('',(#8074));
#2159=EDGE_LOOP('',(#8075));
#2160=EDGE_LOOP('',(#8076));
#2161=EDGE_LOOP('',(#8077));
#2162=EDGE_LOOP('',(#8078));
#2163=EDGE_LOOP('',(#8079));
#2164=EDGE_LOOP('',(#8080));
#2165=EDGE_LOOP('',(#8081));
#2166=EDGE_LOOP('',(#8082));
#2167=EDGE_LOOP('',(#8083));
#2168=EDGE_LOOP('',(#8084));
#2169=EDGE_LOOP('',(#8085));
#2170=EDGE_LOOP('',(#8086));
#2171=EDGE_LOOP('',(#8087));
#2172=EDGE_LOOP('',(#8088));
#2173=EDGE_LOOP('',(#8089));
#2174=EDGE_LOOP('',(#8090));
#2175=EDGE_LOOP('',(#8091));
#2176=EDGE_LOOP('',(#8092));
#2177=EDGE_LOOP('',(#8093));
#2178=EDGE_LOOP('',(#8094));
#2179=EDGE_LOOP('',(#8095));
#2180=EDGE_LOOP('',(#8096));
#2181=EDGE_LOOP('',(#8097));
#2182=EDGE_LOOP('',(#8098));
#2183=EDGE_LOOP('',(#8099));
#2184=EDGE_LOOP('',(#8100));
#2185=EDGE_LOOP('',(#8101));
#2186=EDGE_LOOP('',(#8102));
#2187=EDGE_LOOP('',(#8103));
#2188=EDGE_LOOP('',(#8104));
#2189=EDGE_LOOP('',(#8105));
#2190=EDGE_LOOP('',(#8106));
#2191=EDGE_LOOP('',(#8107));
#2192=EDGE_LOOP('',(#8108));
#2193=EDGE_LOOP('',(#8109));
#2194=EDGE_LOOP('',(#8110));
#2195=EDGE_LOOP('',(#8111));
#2196=EDGE_LOOP('',(#8112));
#2197=EDGE_LOOP('',(#8113));
#2198=EDGE_LOOP('',(#8114));
#2199=EDGE_LOOP('',(#8115));
#2200=EDGE_LOOP('',(#8116));
#2201=EDGE_LOOP('',(#8117));
#2202=EDGE_LOOP('',(#8118));
#2203=EDGE_LOOP('',(#8119));
#2204=EDGE_LOOP('',(#8120));
#2205=EDGE_LOOP('',(#8121));
#2206=EDGE_LOOP('',(#8122));
#2207=EDGE_LOOP('',(#8123));
#2208=EDGE_LOOP('',(#8124));
#2209=EDGE_LOOP('',(#8125));
#2210=EDGE_LOOP('',(#8126));
#2211=EDGE_LOOP('',(#8127));
#2212=EDGE_LOOP('',(#8128));
#2213=EDGE_LOOP('',(#8129));
#2214=EDGE_LOOP('',(#8130));
#2215=EDGE_LOOP('',(#8131));
#2216=EDGE_LOOP('',(#8132));
#2217=EDGE_LOOP('',(#8133));
#2218=EDGE_LOOP('',(#8134));
#2219=EDGE_LOOP('',(#8135));
#2220=EDGE_LOOP('',(#8136));
#2221=EDGE_LOOP('',(#8137));
#2222=EDGE_LOOP('',(#8138));
#2223=EDGE_LOOP('',(#8139));
#2224=EDGE_LOOP('',(#8140));
#2225=EDGE_LOOP('',(#8141));
#2226=EDGE_LOOP('',(#8142));
#2227=EDGE_LOOP('',(#8143));
#2228=EDGE_LOOP('',(#8144));
#2229=EDGE_LOOP('',(#8145));
#2230=EDGE_LOOP('',(#8146));
#2231=EDGE_LOOP('',(#8147));
#2232=EDGE_LOOP('',(#8148));
#2233=EDGE_LOOP('',(#8149));
#2234=EDGE_LOOP('',(#8150));
#2235=EDGE_LOOP('',(#8151));
#2236=EDGE_LOOP('',(#8152));
#2237=EDGE_LOOP('',(#8153,#8154,#8155,#8156));
#2238=EDGE_LOOP('',(#8157,#8158,#8159,#8160));
#2239=EDGE_LOOP('',(#8161,#8162,#8163,#8164));
#2240=EDGE_LOOP('',(#8165,#8166,#8167,#8168,#8169,#8170,#8171,#8172));
#2241=EDGE_LOOP('',(#8173,#8174,#8175,#8176,#8177,#8178,#8179,#8180,#8181,
#8182,#8183,#8184,#8185,#8186,#8187,#8188,#8189,#8190,#8191));
#2242=EDGE_LOOP('',(#8192,#8193,#8194,#8195,#8196,#8197,#8198,#8199,#8200,
#8201));
#2243=EDGE_LOOP('',(#8202,#8203,#8204,#8205,#8206,#8207,#8208,#8209,#8210,
#8211,#8212,#8213,#8214,#8215,#8216,#8217,#8218));
#2244=EDGE_LOOP('',(#8219,#8220,#8221,#8222,#8223,#8224,#8225,#8226,#8227,
#8228,#8229,#8230,#8231,#8232,#8233,#8234,#8235,#8236,#8237));
#2245=EDGE_LOOP('',(#8238,#8239,#8240,#8241,#8242,#8243,#8244,#8245,#8246,
#8247,#8248,#8249));
#2246=EDGE_LOOP('',(#8250,#8251,#8252,#8253));
#2247=EDGE_LOOP('',(#8254,#8255,#8256,#8257));
#2248=EDGE_LOOP('',(#8258,#8259,#8260,#8261));
#2249=EDGE_LOOP('',(#8262,#8263,#8264,#8265));
#2250=EDGE_LOOP('',(#8266,#8267,#8268,#8269));
#2251=EDGE_LOOP('',(#8270,#8271,#8272,#8273));
#2252=EDGE_LOOP('',(#8274,#8275,#8276,#8277));
#2253=EDGE_LOOP('',(#8278,#8279,#8280,#8281));
#2254=EDGE_LOOP('',(#8282,#8283,#8284,#8285));
#2255=EDGE_LOOP('',(#8286,#8287,#8288,#8289));
#2256=EDGE_LOOP('',(#8290,#8291,#8292,#8293));
#2257=EDGE_LOOP('',(#8294,#8295,#8296,#8297));
#2258=EDGE_LOOP('',(#8298,#8299,#8300,#8301));
#2259=EDGE_LOOP('',(#8302,#8303,#8304,#8305));
#2260=EDGE_LOOP('',(#8306,#8307,#8308,#8309));
#2261=EDGE_LOOP('',(#8310,#8311,#8312,#8313));
#2262=EDGE_LOOP('',(#8314,#8315,#8316,#8317));
#2263=EDGE_LOOP('',(#8318,#8319,#8320,#8321));
#2264=EDGE_LOOP('',(#8322,#8323,#8324,#8325));
#2265=EDGE_LOOP('',(#8326,#8327,#8328,#8329));
#2266=EDGE_LOOP('',(#8330,#8331,#8332,#8333));
#2267=EDGE_LOOP('',(#8334,#8335,#8336,#8337));
#2268=EDGE_LOOP('',(#8338,#8339,#8340,#8341));
#2269=EDGE_LOOP('',(#8342,#8343,#8344,#8345));
#2270=EDGE_LOOP('',(#8346,#8347,#8348,#8349));
#2271=EDGE_LOOP('',(#8350,#8351,#8352,#8353));
#2272=EDGE_LOOP('',(#8354,#8355,#8356,#8357));
#2273=EDGE_LOOP('',(#8358,#8359,#8360,#8361));
#2274=EDGE_LOOP('',(#8362,#8363,#8364,#8365));
#2275=EDGE_LOOP('',(#8366,#8367,#8368,#8369));
#2276=EDGE_LOOP('',(#8370,#8371,#8372,#8373));
#2277=EDGE_LOOP('',(#8374,#8375,#8376,#8377));
#2278=EDGE_LOOP('',(#8378,#8379,#8380,#8381));
#2279=EDGE_LOOP('',(#8382,#8383,#8384,#8385));
#2280=EDGE_LOOP('',(#8386,#8387,#8388,#8389));
#2281=EDGE_LOOP('',(#8390,#8391,#8392,#8393));
#2282=EDGE_LOOP('',(#8394,#8395,#8396,#8397));
#2283=EDGE_LOOP('',(#8398,#8399,#8400,#8401));
#2284=EDGE_LOOP('',(#8402,#8403,#8404,#8405));
#2285=EDGE_LOOP('',(#8406,#8407,#8408,#8409));
#2286=EDGE_LOOP('',(#8410,#8411,#8412,#8413));
#2287=EDGE_LOOP('',(#8414,#8415,#8416,#8417));
#2288=EDGE_LOOP('',(#8418,#8419,#8420,#8421));
#2289=EDGE_LOOP('',(#8422,#8423,#8424,#8425));
#2290=EDGE_LOOP('',(#8426,#8427,#8428,#8429));
#2291=EDGE_LOOP('',(#8430,#8431,#8432,#8433));
#2292=EDGE_LOOP('',(#8434,#8435,#8436,#8437));
#2293=EDGE_LOOP('',(#8438,#8439,#8440,#8441));
#2294=EDGE_LOOP('',(#8442,#8443,#8444,#8445));
#2295=EDGE_LOOP('',(#8446,#8447,#8448,#8449));
#2296=EDGE_LOOP('',(#8450,#8451,#8452,#8453));
#2297=EDGE_LOOP('',(#8454,#8455,#8456,#8457));
#2298=EDGE_LOOP('',(#8458,#8459,#8460,#8461));
#2299=EDGE_LOOP('',(#8462,#8463,#8464,#8465));
#2300=EDGE_LOOP('',(#8466,#8467,#8468,#8469));
#2301=EDGE_LOOP('',(#8470,#8471,#8472,#8473));
#2302=EDGE_LOOP('',(#8474,#8475,#8476,#8477));
#2303=EDGE_LOOP('',(#8478,#8479,#8480,#8481));
#2304=EDGE_LOOP('',(#8482,#8483,#8484,#8485));
#2305=EDGE_LOOP('',(#8486,#8487,#8488,#8489));
#2306=EDGE_LOOP('',(#8490,#8491,#8492,#8493));
#2307=EDGE_LOOP('',(#8494,#8495,#8496,#8497));
#2308=EDGE_LOOP('',(#8498,#8499,#8500,#8501));
#2309=EDGE_LOOP('',(#8502,#8503,#8504,#8505));
#2310=EDGE_LOOP('',(#8506,#8507,#8508,#8509));
#2311=EDGE_LOOP('',(#8510,#8511,#8512,#8513));
#2312=EDGE_LOOP('',(#8514,#8515,#8516,#8517));
#2313=EDGE_LOOP('',(#8518,#8519,#8520,#8521));
#2314=EDGE_LOOP('',(#8522,#8523,#8524,#8525));
#2315=EDGE_LOOP('',(#8526,#8527,#8528,#8529));
#2316=EDGE_LOOP('',(#8530,#8531,#8532,#8533));
#2317=EDGE_LOOP('',(#8534,#8535,#8536,#8537));
#2318=EDGE_LOOP('',(#8538,#8539,#8540,#8541));
#2319=EDGE_LOOP('',(#8542,#8543,#8544,#8545));
#2320=EDGE_LOOP('',(#8546,#8547,#8548,#8549));
#2321=EDGE_LOOP('',(#8550,#8551,#8552,#8553));
#2322=EDGE_LOOP('',(#8554,#8555,#8556,#8557));
#2323=EDGE_LOOP('',(#8558,#8559,#8560,#8561));
#2324=EDGE_LOOP('',(#8562,#8563,#8564,#8565));
#2325=EDGE_LOOP('',(#8566,#8567,#8568,#8569));
#2326=EDGE_LOOP('',(#8570,#8571,#8572,#8573));
#2327=EDGE_LOOP('',(#8574,#8575,#8576,#8577));
#2328=EDGE_LOOP('',(#8578,#8579,#8580,#8581));
#2329=EDGE_LOOP('',(#8582,#8583,#8584,#8585));
#2330=EDGE_LOOP('',(#8586,#8587,#8588,#8589));
#2331=EDGE_LOOP('',(#8590,#8591,#8592,#8593));
#2332=EDGE_LOOP('',(#8594,#8595,#8596,#8597));
#2333=EDGE_LOOP('',(#8598,#8599,#8600,#8601));
#2334=EDGE_LOOP('',(#8602,#8603,#8604,#8605));
#2335=EDGE_LOOP('',(#8606,#8607,#8608,#8609));
#2336=EDGE_LOOP('',(#8610,#8611,#8612,#8613));
#2337=EDGE_LOOP('',(#8614,#8615,#8616,#8617));
#2338=EDGE_LOOP('',(#8618,#8619,#8620,#8621));
#2339=EDGE_LOOP('',(#8622,#8623,#8624,#8625));
#2340=EDGE_LOOP('',(#8626,#8627,#8628,#8629));
#2341=EDGE_LOOP('',(#8630,#8631,#8632,#8633));
#2342=EDGE_LOOP('',(#8634,#8635,#8636,#8637));
#2343=EDGE_LOOP('',(#8638,#8639,#8640,#8641));
#2344=EDGE_LOOP('',(#8642,#8643,#8644,#8645));
#2345=EDGE_LOOP('',(#8646,#8647,#8648,#8649));
#2346=EDGE_LOOP('',(#8650,#8651,#8652,#8653));
#2347=EDGE_LOOP('',(#8654,#8655,#8656,#8657));
#2348=EDGE_LOOP('',(#8658,#8659,#8660,#8661));
#2349=EDGE_LOOP('',(#8662,#8663,#8664,#8665,#8666,#8667));
#2350=EDGE_LOOP('',(#8668,#8669,#8670,#8671,#8672,#8673));
#2351=EDGE_LOOP('',(#8674,#8675,#8676,#8677,#8678,#8679,#8680,#8681,#8682,
#8683));
#2352=EDGE_LOOP('',(#8684,#8685,#8686,#8687,#8688,#8689));
#2353=EDGE_LOOP('',(#8690,#8691,#8692,#8693));
#2354=EDGE_LOOP('',(#8694,#8695,#8696,#8697));
#2355=EDGE_LOOP('',(#8698,#8699,#8700,#8701));
#2356=EDGE_LOOP('',(#8702,#8703,#8704,#8705));
#2357=EDGE_LOOP('',(#8706,#8707,#8708,#8709));
#2358=EDGE_LOOP('',(#8710,#8711,#8712,#8713));
#2359=EDGE_LOOP('',(#8714,#8715,#8716,#8717));
#2360=EDGE_LOOP('',(#8718,#8719,#8720,#8721));
#2361=EDGE_LOOP('',(#8722,#8723,#8724,#8725));
#2362=EDGE_LOOP('',(#8726,#8727,#8728,#8729));
#2363=EDGE_LOOP('',(#8730,#8731,#8732,#8733));
#2364=EDGE_LOOP('',(#8734,#8735,#8736,#8737));
#2365=EDGE_LOOP('',(#8738,#8739,#8740,#8741));
#2366=EDGE_LOOP('',(#8742,#8743,#8744,#8745));
#2367=EDGE_LOOP('',(#8746,#8747,#8748,#8749));
#2368=EDGE_LOOP('',(#8750,#8751,#8752,#8753));
#2369=EDGE_LOOP('',(#8754,#8755,#8756,#8757));
#2370=EDGE_LOOP('',(#8758,#8759,#8760,#8761));
#2371=EDGE_LOOP('',(#8762,#8763,#8764,#8765,#8766,#8767));
#2372=EDGE_LOOP('',(#8768,#8769,#8770,#8771));
#2373=EDGE_LOOP('',(#8772,#8773,#8774,#8775,#8776,#8777));
#2374=EDGE_LOOP('',(#8778,#8779,#8780,#8781,#8782));
#2375=EDGE_LOOP('',(#8783,#8784,#8785,#8786,#8787,#8788));
#2376=EDGE_LOOP('',(#8789,#8790,#8791,#8792));
#2377=EDGE_LOOP('',(#8793,#8794,#8795,#8796));
#2378=EDGE_LOOP('',(#8797,#8798,#8799,#8800));
#2379=EDGE_LOOP('',(#8801,#8802,#8803,#8804));
#2380=EDGE_LOOP('',(#8805,#8806,#8807,#8808));
#2381=EDGE_LOOP('',(#8809,#8810,#8811,#8812));
#2382=EDGE_LOOP('',(#8813,#8814,#8815,#8816,#8817,#8818));
#2383=EDGE_LOOP('',(#8819,#8820,#8821,#8822,#8823,#8824));
#2384=EDGE_LOOP('',(#8825,#8826,#8827,#8828));
#2385=EDGE_LOOP('',(#8829,#8830,#8831,#8832));
#2386=EDGE_LOOP('',(#8833,#8834,#8835,#8836));
#2387=EDGE_LOOP('',(#8837,#8838,#8839,#8840));
#2388=EDGE_LOOP('',(#8841,#8842,#8843,#8844,#8845,#8846));
#2389=EDGE_LOOP('',(#8847,#8848,#8849,#8850,#8851,#8852,#8853,#8854,#8855,
#8856));
#2390=EDGE_LOOP('',(#8857,#8858,#8859,#8860,#8861,#8862));
#2391=EDGE_LOOP('',(#8863,#8864,#8865,#8866));
#2392=EDGE_LOOP('',(#8867,#8868,#8869,#8870));
#2393=EDGE_LOOP('',(#8871,#8872,#8873,#8874));
#2394=EDGE_LOOP('',(#8875,#8876,#8877,#8878));
#2395=EDGE_LOOP('',(#8879,#8880,#8881,#8882));
#2396=EDGE_LOOP('',(#8883,#8884,#8885,#8886));
#2397=EDGE_LOOP('',(#8887,#8888,#8889,#8890));
#2398=EDGE_LOOP('',(#8891,#8892,#8893,#8894));
#2399=EDGE_LOOP('',(#8895,#8896,#8897,#8898));
#2400=EDGE_LOOP('',(#8899,#8900,#8901,#8902));
#2401=EDGE_LOOP('',(#8903,#8904,#8905,#8906));
#2402=EDGE_LOOP('',(#8907,#8908,#8909,#8910));
#2403=EDGE_LOOP('',(#8911,#8912,#8913,#8914));
#2404=EDGE_LOOP('',(#8915,#8916,#8917,#8918));
#2405=EDGE_LOOP('',(#8919,#8920,#8921,#8922));
#2406=EDGE_LOOP('',(#8923,#8924,#8925,#8926));
#2407=EDGE_LOOP('',(#8927,#8928,#8929,#8930,#8931,#8932));
#2408=EDGE_LOOP('',(#8933,#8934,#8935,#8936));
#2409=EDGE_LOOP('',(#8937,#8938,#8939,#8940,#8941,#8942));
#2410=EDGE_LOOP('',(#8943,#8944,#8945,#8946));
#2411=EDGE_LOOP('',(#8947,#8948,#8949,#8950));
#2412=EDGE_LOOP('',(#8951,#8952,#8953,#8954));
#2413=EDGE_LOOP('',(#8955,#8956,#8957,#8958));
#2414=EDGE_LOOP('',(#8959,#8960,#8961,#8962));
#2415=EDGE_LOOP('',(#8963,#8964,#8965,#8966));
#2416=EDGE_LOOP('',(#8967,#8968,#8969,#8970));
#2417=EDGE_LOOP('',(#8971,#8972,#8973,#8974,#8975,#8976,#8977,#8978,#8979,
#8980,#8981,#8982,#8983,#8984,#8985,#8986,#8987,#8988,#8989,#8990,#8991,
#8992,#8993,#8994,#8995,#8996,#8997,#8998));
#2418=EDGE_LOOP('',(#8999,#9000,#9001,#9002,#9003,#9004,#9005,#9006,#9007,
#9008,#9009,#9010,#9011,#9012,#9013,#9014,#9015,#9016,#9017,#9018,#9019,
#9020,#9021,#9022,#9023,#9024,#9025,#9026,#9027,#9028,#9029,#9030,#9031,
#9032,#9033,#9034,#9035,#9036,#9037,#9038,#9039,#9040,#9041,#9042,#9043,
#9044,#9045,#9046,#9047,#9048,#9049,#9050,#9051,#9052,#9053,#9054,#9055,
#9056,#9057,#9058,#9059,#9060,#9061,#9062,#9063,#9064,#9065,#9066,#9067,
#9068,#9069,#9070,#9071));
#2419=EDGE_LOOP('',(#9072));
#2420=EDGE_LOOP('',(#9073));
#2421=EDGE_LOOP('',(#9074));
#2422=EDGE_LOOP('',(#9075));
#2423=EDGE_LOOP('',(#9076,#9077,#9078,#9079));
#2424=EDGE_LOOP('',(#9080,#9081,#9082,#9083));
#2425=EDGE_LOOP('',(#9084,#9085,#9086,#9087));
#2426=EDGE_LOOP('',(#9088,#9089,#9090,#9091));
#2427=EDGE_LOOP('',(#9092,#9093,#9094,#9095));
#2428=EDGE_LOOP('',(#9096,#9097,#9098,#9099));
#2429=EDGE_LOOP('',(#9100,#9101,#9102,#9103));
#2430=EDGE_LOOP('',(#9104,#9105,#9106,#9107));
#2431=EDGE_LOOP('',(#9108,#9109,#9110,#9111));
#2432=EDGE_LOOP('',(#9112,#9113,#9114,#9115));
#2433=EDGE_LOOP('',(#9116,#9117,#9118,#9119));
#2434=EDGE_LOOP('',(#9120,#9121,#9122,#9123));
#2435=EDGE_LOOP('',(#9124,#9125,#9126,#9127));
#2436=EDGE_LOOP('',(#9128,#9129,#9130,#9131));
#2437=EDGE_LOOP('',(#9132,#9133,#9134,#9135));
#2438=EDGE_LOOP('',(#9136,#9137,#9138,#9139));
#2439=EDGE_LOOP('',(#9140,#9141,#9142,#9143));
#2440=EDGE_LOOP('',(#9144,#9145,#9146,#9147));
#2441=EDGE_LOOP('',(#9148,#9149,#9150,#9151));
#2442=EDGE_LOOP('',(#9152,#9153,#9154,#9155));
#2443=EDGE_LOOP('',(#9156,#9157,#9158,#9159));
#2444=EDGE_LOOP('',(#9160,#9161,#9162,#9163));
#2445=EDGE_LOOP('',(#9164,#9165,#9166,#9167));
#2446=EDGE_LOOP('',(#9168,#9169,#9170,#9171));
#2447=EDGE_LOOP('',(#9172,#9173,#9174,#9175));
#2448=EDGE_LOOP('',(#9176,#9177,#9178,#9179));
#2449=EDGE_LOOP('',(#9180,#9181,#9182,#9183));
#2450=EDGE_LOOP('',(#9184,#9185,#9186,#9187));
#2451=EDGE_LOOP('',(#9188,#9189,#9190,#9191));
#2452=EDGE_LOOP('',(#9192,#9193,#9194,#9195));
#2453=EDGE_LOOP('',(#9196,#9197,#9198,#9199));
#2454=EDGE_LOOP('',(#9200,#9201,#9202,#9203));
#2455=EDGE_LOOP('',(#9204,#9205,#9206,#9207));
#2456=EDGE_LOOP('',(#9208,#9209,#9210,#9211));
#2457=EDGE_LOOP('',(#9212,#9213,#9214,#9215));
#2458=EDGE_LOOP('',(#9216,#9217,#9218,#9219));
#2459=EDGE_LOOP('',(#9220,#9221,#9222,#9223));
#2460=EDGE_LOOP('',(#9224,#9225,#9226,#9227));
#2461=EDGE_LOOP('',(#9228,#9229,#9230,#9231));
#2462=EDGE_LOOP('',(#9232,#9233,#9234,#9235));
#2463=EDGE_LOOP('',(#9236,#9237,#9238,#9239));
#2464=EDGE_LOOP('',(#9240,#9241,#9242,#9243));
#2465=EDGE_LOOP('',(#9244,#9245,#9246,#9247));
#2466=EDGE_LOOP('',(#9248,#9249,#9250,#9251));
#2467=EDGE_LOOP('',(#9252,#9253,#9254,#9255));
#2468=EDGE_LOOP('',(#9256,#9257,#9258,#9259));
#2469=EDGE_LOOP('',(#9260,#9261,#9262,#9263));
#2470=EDGE_LOOP('',(#9264,#9265,#9266,#9267));
#2471=EDGE_LOOP('',(#9268,#9269,#9270,#9271));
#2472=EDGE_LOOP('',(#9272,#9273,#9274,#9275));
#2473=EDGE_LOOP('',(#9276,#9277,#9278,#9279));
#2474=EDGE_LOOP('',(#9280,#9281,#9282,#9283));
#2475=EDGE_LOOP('',(#9284,#9285,#9286,#9287));
#2476=EDGE_LOOP('',(#9288,#9289,#9290,#9291));
#2477=EDGE_LOOP('',(#9292,#9293,#9294,#9295));
#2478=EDGE_LOOP('',(#9296,#9297,#9298,#9299));
#2479=EDGE_LOOP('',(#9300,#9301,#9302,#9303));
#2480=EDGE_LOOP('',(#9304,#9305,#9306,#9307));
#2481=EDGE_LOOP('',(#9308,#9309,#9310,#9311));
#2482=EDGE_LOOP('',(#9312,#9313,#9314,#9315));
#2483=EDGE_LOOP('',(#9316,#9317,#9318,#9319));
#2484=EDGE_LOOP('',(#9320,#9321,#9322,#9323));
#2485=EDGE_LOOP('',(#9324,#9325,#9326,#9327));
#2486=EDGE_LOOP('',(#9328,#9329,#9330,#9331));
#2487=EDGE_LOOP('',(#9332,#9333,#9334,#9335));
#2488=EDGE_LOOP('',(#9336,#9337,#9338,#9339));
#2489=EDGE_LOOP('',(#9340,#9341,#9342,#9343));
#2490=EDGE_LOOP('',(#9344,#9345,#9346,#9347));
#2491=EDGE_LOOP('',(#9348,#9349,#9350,#9351));
#2492=EDGE_LOOP('',(#9352,#9353,#9354,#9355));
#2493=EDGE_LOOP('',(#9356,#9357,#9358,#9359));
#2494=EDGE_LOOP('',(#9360,#9361,#9362,#9363));
#2495=EDGE_LOOP('',(#9364,#9365,#9366,#9367));
#2496=EDGE_LOOP('',(#9368,#9369,#9370,#9371));
#2497=EDGE_LOOP('',(#9372,#9373,#9374,#9375));
#2498=EDGE_LOOP('',(#9376,#9377,#9378,#9379));
#2499=EDGE_LOOP('',(#9380,#9381,#9382,#9383));
#2500=EDGE_LOOP('',(#9384,#9385,#9386,#9387));
#2501=EDGE_LOOP('',(#9388,#9389,#9390,#9391));
#2502=EDGE_LOOP('',(#9392,#9393,#9394,#9395));
#2503=EDGE_LOOP('',(#9396,#9397,#9398,#9399));
#2504=EDGE_LOOP('',(#9400,#9401,#9402,#9403));
#2505=EDGE_LOOP('',(#9404,#9405,#9406,#9407));
#2506=EDGE_LOOP('',(#9408,#9409,#9410,#9411));
#2507=EDGE_LOOP('',(#9412,#9413,#9414,#9415));
#2508=EDGE_LOOP('',(#9416,#9417,#9418,#9419));
#2509=EDGE_LOOP('',(#9420,#9421,#9422,#9423));
#2510=EDGE_LOOP('',(#9424,#9425,#9426,#9427));
#2511=EDGE_LOOP('',(#9428,#9429,#9430,#9431));
#2512=EDGE_LOOP('',(#9432,#9433,#9434,#9435));
#2513=EDGE_LOOP('',(#9436,#9437,#9438,#9439));
#2514=EDGE_LOOP('',(#9440,#9441,#9442,#9443));
#2515=EDGE_LOOP('',(#9444,#9445,#9446,#9447));
#2516=EDGE_LOOP('',(#9448,#9449,#9450,#9451));
#2517=EDGE_LOOP('',(#9452,#9453,#9454,#9455));
#2518=EDGE_LOOP('',(#9456,#9457,#9458,#9459));
#2519=EDGE_LOOP('',(#9460,#9461,#9462,#9463));
#2520=EDGE_LOOP('',(#9464,#9465,#9466,#9467));
#2521=EDGE_LOOP('',(#9468,#9469,#9470,#9471));
#2522=EDGE_LOOP('',(#9472,#9473,#9474,#9475));
#2523=EDGE_LOOP('',(#9476,#9477,#9478,#9479));
#2524=EDGE_LOOP('',(#9480,#9481,#9482,#9483));
#2525=EDGE_LOOP('',(#9484,#9485,#9486,#9487));
#2526=EDGE_LOOP('',(#9488,#9489,#9490,#9491));
#2527=EDGE_LOOP('',(#9492,#9493,#9494,#9495));
#2528=EDGE_LOOP('',(#9496,#9497,#9498,#9499));
#2529=EDGE_LOOP('',(#9500,#9501,#9502,#9503));
#2530=EDGE_LOOP('',(#9504,#9505,#9506,#9507));
#2531=EDGE_LOOP('',(#9508,#9509,#9510,#9511));
#2532=EDGE_LOOP('',(#9512,#9513,#9514,#9515));
#2533=EDGE_LOOP('',(#9516,#9517,#9518,#9519));
#2534=EDGE_LOOP('',(#9520,#9521,#9522,#9523));
#2535=EDGE_LOOP('',(#9524,#9525,#9526,#9527));
#2536=EDGE_LOOP('',(#9528,#9529,#9530,#9531));
#2537=EDGE_LOOP('',(#9532,#9533,#9534,#9535));
#2538=EDGE_LOOP('',(#9536,#9537,#9538,#9539));
#2539=EDGE_LOOP('',(#9540,#9541,#9542,#9543));
#2540=EDGE_LOOP('',(#9544,#9545,#9546,#9547));
#2541=EDGE_LOOP('',(#9548,#9549,#9550,#9551));
#2542=EDGE_LOOP('',(#9552,#9553,#9554,#9555));
#2543=EDGE_LOOP('',(#9556,#9557,#9558,#9559));
#2544=EDGE_LOOP('',(#9560,#9561,#9562,#9563));
#2545=EDGE_LOOP('',(#9564,#9565,#9566,#9567));
#2546=EDGE_LOOP('',(#9568,#9569,#9570,#9571));
#2547=EDGE_LOOP('',(#9572,#9573,#9574,#9575));
#2548=EDGE_LOOP('',(#9576,#9577,#9578,#9579));
#2549=EDGE_LOOP('',(#9580,#9581,#9582,#9583));
#2550=EDGE_LOOP('',(#9584,#9585,#9586,#9587));
#2551=EDGE_LOOP('',(#9588,#9589,#9590,#9591));
#2552=EDGE_LOOP('',(#9592,#9593,#9594,#9595));
#2553=EDGE_LOOP('',(#9596,#9597,#9598,#9599));
#2554=EDGE_LOOP('',(#9600,#9601,#9602,#9603));
#2555=EDGE_LOOP('',(#9604,#9605,#9606,#9607));
#2556=EDGE_LOOP('',(#9608,#9609,#9610,#9611));
#2557=EDGE_LOOP('',(#9612,#9613,#9614,#9615));
#2558=EDGE_LOOP('',(#9616,#9617,#9618,#9619));
#2559=EDGE_LOOP('',(#9620,#9621,#9622,#9623));
#2560=EDGE_LOOP('',(#9624,#9625,#9626,#9627));
#2561=EDGE_LOOP('',(#9628,#9629,#9630,#9631));
#2562=EDGE_LOOP('',(#9632,#9633,#9634,#9635));
#2563=EDGE_LOOP('',(#9636,#9637,#9638,#9639));
#2564=EDGE_LOOP('',(#9640,#9641,#9642,#9643));
#2565=EDGE_LOOP('',(#9644,#9645,#9646,#9647));
#2566=EDGE_LOOP('',(#9648,#9649,#9650,#9651));
#2567=EDGE_LOOP('',(#9652,#9653,#9654,#9655));
#2568=EDGE_LOOP('',(#9656,#9657,#9658,#9659));
#2569=EDGE_LOOP('',(#9660,#9661,#9662,#9663));
#2570=EDGE_LOOP('',(#9664,#9665,#9666,#9667));
#2571=EDGE_LOOP('',(#9668,#9669,#9670,#9671));
#2572=EDGE_LOOP('',(#9672,#9673,#9674,#9675));
#2573=EDGE_LOOP('',(#9676,#9677,#9678,#9679));
#2574=EDGE_LOOP('',(#9680,#9681,#9682,#9683));
#2575=EDGE_LOOP('',(#9684,#9685,#9686,#9687));
#2576=EDGE_LOOP('',(#9688,#9689,#9690,#9691));
#2577=EDGE_LOOP('',(#9692,#9693,#9694,#9695));
#2578=EDGE_LOOP('',(#9696,#9697,#9698,#9699));
#2579=EDGE_LOOP('',(#9700,#9701,#9702,#9703));
#2580=EDGE_LOOP('',(#9704,#9705,#9706,#9707));
#2581=EDGE_LOOP('',(#9708,#9709,#9710,#9711));
#2582=EDGE_LOOP('',(#9712,#9713,#9714,#9715));
#2583=EDGE_LOOP('',(#9716,#9717,#9718,#9719));
#2584=EDGE_LOOP('',(#9720,#9721,#9722,#9723));
#2585=EDGE_LOOP('',(#9724,#9725,#9726,#9727));
#2586=EDGE_LOOP('',(#9728,#9729,#9730,#9731));
#2587=EDGE_LOOP('',(#9732,#9733,#9734,#9735));
#2588=EDGE_LOOP('',(#9736,#9737,#9738,#9739));
#2589=EDGE_LOOP('',(#9740,#9741,#9742,#9743));
#2590=EDGE_LOOP('',(#9744,#9745,#9746,#9747));
#2591=EDGE_LOOP('',(#9748,#9749,#9750,#9751));
#2592=EDGE_LOOP('',(#9752,#9753,#9754,#9755));
#2593=EDGE_LOOP('',(#9756,#9757,#9758,#9759));
#2594=EDGE_LOOP('',(#9760,#9761,#9762,#9763));
#2595=EDGE_LOOP('',(#9764,#9765,#9766,#9767));
#2596=EDGE_LOOP('',(#9768,#9769,#9770,#9771));
#2597=EDGE_LOOP('',(#9772,#9773,#9774,#9775));
#2598=EDGE_LOOP('',(#9776,#9777,#9778,#9779));
#2599=EDGE_LOOP('',(#9780,#9781,#9782,#9783));
#2600=EDGE_LOOP('',(#9784,#9785,#9786,#9787));
#2601=EDGE_LOOP('',(#9788,#9789,#9790,#9791));
#2602=EDGE_LOOP('',(#9792,#9793,#9794,#9795));
#2603=EDGE_LOOP('',(#9796,#9797,#9798,#9799));
#2604=EDGE_LOOP('',(#9800,#9801,#9802,#9803));
#2605=EDGE_LOOP('',(#9804,#9805,#9806,#9807));
#2606=EDGE_LOOP('',(#9808,#9809,#9810,#9811));
#2607=EDGE_LOOP('',(#9812,#9813,#9814,#9815));
#2608=EDGE_LOOP('',(#9816,#9817,#9818,#9819));
#2609=EDGE_LOOP('',(#9820,#9821,#9822,#9823));
#2610=EDGE_LOOP('',(#9824,#9825,#9826,#9827));
#2611=EDGE_LOOP('',(#9828,#9829,#9830,#9831));
#2612=EDGE_LOOP('',(#9832,#9833,#9834,#9835));
#2613=EDGE_LOOP('',(#9836,#9837,#9838,#9839));
#2614=EDGE_LOOP('',(#9840,#9841,#9842,#9843));
#2615=EDGE_LOOP('',(#9844,#9845,#9846,#9847));
#2616=EDGE_LOOP('',(#9848,#9849,#9850,#9851));
#2617=EDGE_LOOP('',(#9852,#9853,#9854,#9855));
#2618=EDGE_LOOP('',(#9856,#9857,#9858,#9859));
#2619=EDGE_LOOP('',(#9860,#9861,#9862,#9863));
#2620=EDGE_LOOP('',(#9864,#9865,#9866,#9867));
#2621=EDGE_LOOP('',(#9868,#9869,#9870,#9871));
#2622=EDGE_LOOP('',(#9872,#9873,#9874,#9875));
#2623=EDGE_LOOP('',(#9876,#9877,#9878,#9879));
#2624=EDGE_LOOP('',(#9880,#9881,#9882,#9883));
#2625=EDGE_LOOP('',(#9884,#9885,#9886,#9887));
#2626=EDGE_LOOP('',(#9888,#9889,#9890,#9891));
#2627=EDGE_LOOP('',(#9892,#9893,#9894,#9895));
#2628=EDGE_LOOP('',(#9896,#9897,#9898,#9899));
#2629=EDGE_LOOP('',(#9900,#9901,#9902,#9903));
#2630=EDGE_LOOP('',(#9904,#9905,#9906,#9907));
#2631=EDGE_LOOP('',(#9908,#9909,#9910,#9911));
#2632=EDGE_LOOP('',(#9912,#9913,#9914,#9915));
#2633=EDGE_LOOP('',(#9916,#9917,#9918,#9919));
#2634=EDGE_LOOP('',(#9920,#9921,#9922,#9923));
#2635=EDGE_LOOP('',(#9924,#9925,#9926,#9927));
#2636=EDGE_LOOP('',(#9928,#9929,#9930,#9931));
#2637=EDGE_LOOP('',(#9932,#9933,#9934,#9935));
#2638=EDGE_LOOP('',(#9936,#9937,#9938,#9939));
#2639=EDGE_LOOP('',(#9940,#9941,#9942,#9943));
#2640=EDGE_LOOP('',(#9944,#9945,#9946,#9947));
#2641=EDGE_LOOP('',(#9948,#9949,#9950,#9951));
#2642=EDGE_LOOP('',(#9952,#9953,#9954,#9955));
#2643=EDGE_LOOP('',(#9956,#9957,#9958,#9959));
#2644=EDGE_LOOP('',(#9960,#9961,#9962,#9963));
#2645=EDGE_LOOP('',(#9964,#9965,#9966,#9967));
#2646=EDGE_LOOP('',(#9968,#9969,#9970,#9971));
#2647=EDGE_LOOP('',(#9972,#9973,#9974,#9975));
#2648=EDGE_LOOP('',(#9976,#9977,#9978,#9979));
#2649=EDGE_LOOP('',(#9980,#9981,#9982,#9983));
#2650=EDGE_LOOP('',(#9984,#9985,#9986,#9987));
#2651=EDGE_LOOP('',(#9988,#9989,#9990,#9991));
#2652=EDGE_LOOP('',(#9992,#9993,#9994,#9995));
#2653=EDGE_LOOP('',(#9996,#9997,#9998,#9999));
#2654=EDGE_LOOP('',(#10000,#10001,#10002,#10003));
#2655=EDGE_LOOP('',(#10004,#10005,#10006,#10007));
#2656=EDGE_LOOP('',(#10008,#10009,#10010,#10011));
#2657=EDGE_LOOP('',(#10012,#10013,#10014,#10015));
#2658=EDGE_LOOP('',(#10016,#10017,#10018,#10019));
#2659=EDGE_LOOP('',(#10020,#10021,#10022,#10023));
#2660=EDGE_LOOP('',(#10024,#10025,#10026,#10027));
#2661=EDGE_LOOP('',(#10028,#10029,#10030,#10031));
#2662=EDGE_LOOP('',(#10032,#10033,#10034,#10035));
#2663=EDGE_LOOP('',(#10036,#10037,#10038,#10039));
#2664=EDGE_LOOP('',(#10040,#10041,#10042,#10043));
#2665=EDGE_LOOP('',(#10044,#10045,#10046,#10047));
#2666=EDGE_LOOP('',(#10048,#10049,#10050,#10051));
#2667=EDGE_LOOP('',(#10052,#10053,#10054,#10055));
#2668=EDGE_LOOP('',(#10056,#10057,#10058,#10059));
#2669=EDGE_LOOP('',(#10060,#10061,#10062,#10063));
#2670=EDGE_LOOP('',(#10064,#10065,#10066,#10067));
#2671=EDGE_LOOP('',(#10068,#10069,#10070,#10071));
#2672=EDGE_LOOP('',(#10072,#10073,#10074,#10075));
#2673=EDGE_LOOP('',(#10076,#10077,#10078,#10079));
#2674=EDGE_LOOP('',(#10080,#10081,#10082,#10083));
#2675=EDGE_LOOP('',(#10084,#10085,#10086,#10087));
#2676=EDGE_LOOP('',(#10088,#10089,#10090,#10091));
#2677=EDGE_LOOP('',(#10092,#10093,#10094,#10095));
#2678=EDGE_LOOP('',(#10096,#10097,#10098,#10099));
#2679=EDGE_LOOP('',(#10100,#10101,#10102,#10103));
#2680=EDGE_LOOP('',(#10104,#10105,#10106,#10107));
#2681=EDGE_LOOP('',(#10108,#10109,#10110,#10111));
#2682=EDGE_LOOP('',(#10112,#10113,#10114,#10115));
#2683=EDGE_LOOP('',(#10116,#10117,#10118,#10119));
#2684=EDGE_LOOP('',(#10120,#10121,#10122,#10123));
#2685=EDGE_LOOP('',(#10124,#10125,#10126,#10127));
#2686=EDGE_LOOP('',(#10128,#10129,#10130,#10131));
#2687=EDGE_LOOP('',(#10132,#10133,#10134,#10135));
#2688=EDGE_LOOP('',(#10136,#10137,#10138,#10139));
#2689=EDGE_LOOP('',(#10140,#10141,#10142,#10143));
#2690=EDGE_LOOP('',(#10144,#10145,#10146,#10147));
#2691=EDGE_LOOP('',(#10148,#10149,#10150,#10151));
#2692=EDGE_LOOP('',(#10152,#10153,#10154,#10155));
#2693=EDGE_LOOP('',(#10156,#10157,#10158,#10159));
#2694=EDGE_LOOP('',(#10160,#10161,#10162,#10163));
#2695=EDGE_LOOP('',(#10164,#10165,#10166,#10167));
#2696=EDGE_LOOP('',(#10168,#10169,#10170,#10171));
#2697=EDGE_LOOP('',(#10172,#10173,#10174,#10175));
#2698=EDGE_LOOP('',(#10176,#10177,#10178,#10179));
#2699=EDGE_LOOP('',(#10180,#10181,#10182,#10183));
#2700=EDGE_LOOP('',(#10184,#10185,#10186,#10187));
#2701=EDGE_LOOP('',(#10188,#10189,#10190,#10191));
#2702=EDGE_LOOP('',(#10192,#10193,#10194,#10195));
#2703=EDGE_LOOP('',(#10196,#10197,#10198,#10199));
#2704=EDGE_LOOP('',(#10200,#10201,#10202,#10203));
#2705=EDGE_LOOP('',(#10204,#10205,#10206,#10207));
#2706=EDGE_LOOP('',(#10208,#10209,#10210,#10211));
#2707=EDGE_LOOP('',(#10212,#10213,#10214,#10215));
#2708=EDGE_LOOP('',(#10216,#10217,#10218,#10219));
#2709=EDGE_LOOP('',(#10220,#10221,#10222,#10223));
#2710=EDGE_LOOP('',(#10224,#10225,#10226,#10227));
#2711=EDGE_LOOP('',(#10228,#10229,#10230,#10231));
#2712=EDGE_LOOP('',(#10232,#10233,#10234,#10235));
#2713=EDGE_LOOP('',(#10236,#10237,#10238,#10239));
#2714=EDGE_LOOP('',(#10240,#10241,#10242,#10243));
#2715=EDGE_LOOP('',(#10244,#10245,#10246,#10247));
#2716=EDGE_LOOP('',(#10248,#10249,#10250,#10251));
#2717=EDGE_LOOP('',(#10252,#10253,#10254,#10255));
#2718=EDGE_LOOP('',(#10256,#10257,#10258,#10259));
#2719=EDGE_LOOP('',(#10260,#10261,#10262,#10263));
#2720=EDGE_LOOP('',(#10264,#10265,#10266,#10267));
#2721=EDGE_LOOP('',(#10268,#10269,#10270,#10271));
#2722=EDGE_LOOP('',(#10272,#10273,#10274,#10275));
#2723=EDGE_LOOP('',(#10276,#10277,#10278,#10279));
#2724=EDGE_LOOP('',(#10280,#10281,#10282,#10283));
#2725=EDGE_LOOP('',(#10284,#10285,#10286,#10287));
#2726=EDGE_LOOP('',(#10288,#10289,#10290,#10291));
#2727=EDGE_LOOP('',(#10292,#10293,#10294,#10295));
#2728=EDGE_LOOP('',(#10296,#10297,#10298,#10299));
#2729=EDGE_LOOP('',(#10300,#10301,#10302,#10303));
#2730=EDGE_LOOP('',(#10304,#10305,#10306,#10307));
#2731=EDGE_LOOP('',(#10308,#10309,#10310,#10311));
#2732=EDGE_LOOP('',(#10312,#10313,#10314,#10315,#10316,#10317,#10318,#10319,
#10320,#10321,#10322,#10323));
#2733=EDGE_LOOP('',(#10324,#10325,#10326,#10327,#10328,#10329,#10330,#10331,
#10332,#10333,#10334,#10335,#10336,#10337,#10338,#10339,#10340,#10341,#10342));
#2734=EDGE_LOOP('',(#10343,#10344,#10345,#10346,#10347,#10348,#10349,#10350,
#10351,#10352,#10353,#10354,#10355,#10356,#10357,#10358,#10359));
#2735=EDGE_LOOP('',(#10360,#10361,#10362,#10363,#10364,#10365,#10366,#10367,
#10368,#10369));
#2736=EDGE_LOOP('',(#10370,#10371,#10372,#10373,#10374,#10375,#10376,#10377,
#10378,#10379,#10380,#10381,#10382,#10383,#10384,#10385,#10386,#10387,#10388));
#2737=EDGE_LOOP('',(#10389,#10390,#10391,#10392,#10393,#10394,#10395,#10396));
#2738=EDGE_LOOP('',(#10397,#10398,#10399,#10400));
#2739=EDGE_LOOP('',(#10401,#10402,#10403,#10404));
#2740=EDGE_LOOP('',(#10405,#10406,#10407,#10408));
#2741=EDGE_LOOP('',(#10409));
#2742=EDGE_LOOP('',(#10410));
#2743=EDGE_LOOP('',(#10411));
#2744=EDGE_LOOP('',(#10412));
#2745=EDGE_LOOP('',(#10413));
#2746=EDGE_LOOP('',(#10414));
#2747=EDGE_LOOP('',(#10415));
#2748=EDGE_LOOP('',(#10416));
#2749=EDGE_LOOP('',(#10417));
#2750=EDGE_LOOP('',(#10418));
#2751=EDGE_LOOP('',(#10419));
#2752=EDGE_LOOP('',(#10420));
#2753=EDGE_LOOP('',(#10421));
#2754=EDGE_LOOP('',(#10422));
#2755=EDGE_LOOP('',(#10423));
#2756=EDGE_LOOP('',(#10424));
#2757=EDGE_LOOP('',(#10425));
#2758=EDGE_LOOP('',(#10426));
#2759=EDGE_LOOP('',(#10427));
#2760=EDGE_LOOP('',(#10428));
#2761=EDGE_LOOP('',(#10429));
#2762=EDGE_LOOP('',(#10430));
#2763=EDGE_LOOP('',(#10431));
#2764=EDGE_LOOP('',(#10432));
#2765=EDGE_LOOP('',(#10433));
#2766=EDGE_LOOP('',(#10434));
#2767=EDGE_LOOP('',(#10435));
#2768=EDGE_LOOP('',(#10436));
#2769=EDGE_LOOP('',(#10437));
#2770=EDGE_LOOP('',(#10438));
#2771=EDGE_LOOP('',(#10439));
#2772=EDGE_LOOP('',(#10440));
#2773=EDGE_LOOP('',(#10441));
#2774=EDGE_LOOP('',(#10442));
#2775=EDGE_LOOP('',(#10443));
#2776=EDGE_LOOP('',(#10444));
#2777=EDGE_LOOP('',(#10445));
#2778=EDGE_LOOP('',(#10446));
#2779=EDGE_LOOP('',(#10447));
#2780=EDGE_LOOP('',(#10448));
#2781=EDGE_LOOP('',(#10449));
#2782=EDGE_LOOP('',(#10450));
#2783=EDGE_LOOP('',(#10451));
#2784=EDGE_LOOP('',(#10452));
#2785=EDGE_LOOP('',(#10453));
#2786=EDGE_LOOP('',(#10454));
#2787=EDGE_LOOP('',(#10455));
#2788=EDGE_LOOP('',(#10456));
#2789=EDGE_LOOP('',(#10457));
#2790=EDGE_LOOP('',(#10458));
#2791=EDGE_LOOP('',(#10459));
#2792=EDGE_LOOP('',(#10460));
#2793=EDGE_LOOP('',(#10461));
#2794=EDGE_LOOP('',(#10462));
#2795=EDGE_LOOP('',(#10463));
#2796=EDGE_LOOP('',(#10464));
#2797=EDGE_LOOP('',(#10465));
#2798=EDGE_LOOP('',(#10466));
#2799=EDGE_LOOP('',(#10467));
#2800=EDGE_LOOP('',(#10468));
#2801=EDGE_LOOP('',(#10469));
#2802=EDGE_LOOP('',(#10470));
#2803=EDGE_LOOP('',(#10471));
#2804=EDGE_LOOP('',(#10472));
#2805=EDGE_LOOP('',(#10473));
#2806=EDGE_LOOP('',(#10474));
#2807=EDGE_LOOP('',(#10475));
#2808=EDGE_LOOP('',(#10476));
#2809=EDGE_LOOP('',(#10477));
#2810=EDGE_LOOP('',(#10478));
#2811=EDGE_LOOP('',(#10479));
#2812=EDGE_LOOP('',(#10480));
#2813=EDGE_LOOP('',(#10481));
#2814=EDGE_LOOP('',(#10482));
#2815=EDGE_LOOP('',(#10483));
#2816=EDGE_LOOP('',(#10484));
#2817=EDGE_LOOP('',(#10485));
#2818=EDGE_LOOP('',(#10486));
#2819=EDGE_LOOP('',(#10487));
#2820=EDGE_LOOP('',(#10488));
#2821=EDGE_LOOP('',(#10489));
#2822=EDGE_LOOP('',(#10490));
#2823=EDGE_LOOP('',(#10491));
#2824=EDGE_LOOP('',(#10492));
#2825=EDGE_LOOP('',(#10493));
#2826=EDGE_LOOP('',(#10494));
#2827=EDGE_LOOP('',(#10495));
#2828=EDGE_LOOP('',(#10496));
#2829=EDGE_LOOP('',(#10497));
#2830=EDGE_LOOP('',(#10498));
#2831=EDGE_LOOP('',(#10499));
#2832=EDGE_LOOP('',(#10500));
#2833=EDGE_LOOP('',(#10501));
#2834=EDGE_LOOP('',(#10502));
#2835=EDGE_LOOP('',(#10503));
#2836=EDGE_LOOP('',(#10504));
#2837=EDGE_LOOP('',(#10505));
#2838=EDGE_LOOP('',(#10506));
#2839=EDGE_LOOP('',(#10507));
#2840=EDGE_LOOP('',(#10508));
#2841=EDGE_LOOP('',(#10509));
#2842=EDGE_LOOP('',(#10510));
#2843=EDGE_LOOP('',(#10511));
#2844=EDGE_LOOP('',(#10512));
#2845=EDGE_LOOP('',(#10513));
#2846=EDGE_LOOP('',(#10514));
#2847=EDGE_LOOP('',(#10515));
#2848=EDGE_LOOP('',(#10516));
#2849=EDGE_LOOP('',(#10517));
#2850=EDGE_LOOP('',(#10518));
#2851=EDGE_LOOP('',(#10519));
#2852=EDGE_LOOP('',(#10520));
#2853=EDGE_LOOP('',(#10521));
#2854=EDGE_LOOP('',(#10522));
#2855=EDGE_LOOP('',(#10523));
#2856=EDGE_LOOP('',(#10524));
#2857=EDGE_LOOP('',(#10525));
#2858=EDGE_LOOP('',(#10526));
#2859=EDGE_LOOP('',(#10527));
#2860=EDGE_LOOP('',(#10528));
#2861=EDGE_LOOP('',(#10529));
#2862=EDGE_LOOP('',(#10530));
#2863=EDGE_LOOP('',(#10531));
#2864=EDGE_LOOP('',(#10532));
#2865=EDGE_LOOP('',(#10533));
#2866=EDGE_LOOP('',(#10534));
#2867=EDGE_LOOP('',(#10535));
#2868=EDGE_LOOP('',(#10536));
#2869=EDGE_LOOP('',(#10537));
#2870=EDGE_LOOP('',(#10538));
#2871=EDGE_LOOP('',(#10539));
#2872=EDGE_LOOP('',(#10540));
#2873=EDGE_LOOP('',(#10541));
#2874=EDGE_LOOP('',(#10542));
#2875=EDGE_LOOP('',(#10543));
#2876=EDGE_LOOP('',(#10544));
#2877=EDGE_LOOP('',(#10545));
#2878=EDGE_LOOP('',(#10546));
#2879=EDGE_LOOP('',(#10547));
#2880=EDGE_LOOP('',(#10548));
#2881=EDGE_LOOP('',(#10549));
#2882=EDGE_LOOP('',(#10550));
#2883=EDGE_LOOP('',(#10551));
#2884=EDGE_LOOP('',(#10552));
#2885=EDGE_LOOP('',(#10553));
#2886=EDGE_LOOP('',(#10554));
#2887=EDGE_LOOP('',(#10555));
#2888=EDGE_LOOP('',(#10556));
#2889=EDGE_LOOP('',(#10557));
#2890=EDGE_LOOP('',(#10558));
#2891=EDGE_LOOP('',(#10559));
#2892=EDGE_LOOP('',(#10560,#10561,#10562,#10563));
#2893=EDGE_LOOP('',(#10564));
#2894=EDGE_LOOP('',(#10565));
#2895=EDGE_LOOP('',(#10566));
#2896=EDGE_LOOP('',(#10567));
#2897=EDGE_LOOP('',(#10568));
#2898=EDGE_LOOP('',(#10569));
#2899=EDGE_LOOP('',(#10570));
#2900=EDGE_LOOP('',(#10571));
#2901=EDGE_LOOP('',(#10572));
#2902=EDGE_LOOP('',(#10573));
#2903=EDGE_LOOP('',(#10574));
#2904=EDGE_LOOP('',(#10575));
#2905=EDGE_LOOP('',(#10576));
#2906=EDGE_LOOP('',(#10577));
#2907=EDGE_LOOP('',(#10578));
#2908=EDGE_LOOP('',(#10579));
#2909=EDGE_LOOP('',(#10580));
#2910=EDGE_LOOP('',(#10581));
#2911=EDGE_LOOP('',(#10582));
#2912=EDGE_LOOP('',(#10583));
#2913=EDGE_LOOP('',(#10584));
#2914=EDGE_LOOP('',(#10585));
#2915=EDGE_LOOP('',(#10586));
#2916=EDGE_LOOP('',(#10587));
#2917=EDGE_LOOP('',(#10588));
#2918=EDGE_LOOP('',(#10589));
#2919=EDGE_LOOP('',(#10590));
#2920=EDGE_LOOP('',(#10591));
#2921=EDGE_LOOP('',(#10592));
#2922=EDGE_LOOP('',(#10593));
#2923=EDGE_LOOP('',(#10594));
#2924=EDGE_LOOP('',(#10595));
#2925=EDGE_LOOP('',(#10596));
#2926=EDGE_LOOP('',(#10597));
#2927=EDGE_LOOP('',(#10598));
#2928=EDGE_LOOP('',(#10599));
#2929=EDGE_LOOP('',(#10600));
#2930=EDGE_LOOP('',(#10601));
#2931=EDGE_LOOP('',(#10602));
#2932=EDGE_LOOP('',(#10603));
#2933=EDGE_LOOP('',(#10604));
#2934=EDGE_LOOP('',(#10605));
#2935=EDGE_LOOP('',(#10606));
#2936=EDGE_LOOP('',(#10607));
#2937=EDGE_LOOP('',(#10608));
#2938=EDGE_LOOP('',(#10609));
#2939=EDGE_LOOP('',(#10610));
#2940=EDGE_LOOP('',(#10611));
#2941=EDGE_LOOP('',(#10612));
#2942=EDGE_LOOP('',(#10613));
#2943=EDGE_LOOP('',(#10614));
#2944=EDGE_LOOP('',(#10615));
#2945=EDGE_LOOP('',(#10616));
#2946=EDGE_LOOP('',(#10617));
#2947=EDGE_LOOP('',(#10618));
#2948=EDGE_LOOP('',(#10619));
#2949=EDGE_LOOP('',(#10620));
#2950=EDGE_LOOP('',(#10621));
#2951=EDGE_LOOP('',(#10622));
#2952=EDGE_LOOP('',(#10623));
#2953=EDGE_LOOP('',(#10624));
#2954=EDGE_LOOP('',(#10625));
#2955=EDGE_LOOP('',(#10626));
#2956=EDGE_LOOP('',(#10627));
#2957=EDGE_LOOP('',(#10628));
#2958=EDGE_LOOP('',(#10629));
#2959=EDGE_LOOP('',(#10630));
#2960=EDGE_LOOP('',(#10631));
#2961=EDGE_LOOP('',(#10632));
#2962=EDGE_LOOP('',(#10633));
#2963=EDGE_LOOP('',(#10634));
#2964=EDGE_LOOP('',(#10635));
#2965=EDGE_LOOP('',(#10636));
#2966=EDGE_LOOP('',(#10637));
#2967=EDGE_LOOP('',(#10638));
#2968=EDGE_LOOP('',(#10639));
#2969=EDGE_LOOP('',(#10640));
#2970=EDGE_LOOP('',(#10641));
#2971=EDGE_LOOP('',(#10642));
#2972=EDGE_LOOP('',(#10643));
#2973=EDGE_LOOP('',(#10644));
#2974=EDGE_LOOP('',(#10645));
#2975=EDGE_LOOP('',(#10646));
#2976=EDGE_LOOP('',(#10647));
#2977=EDGE_LOOP('',(#10648));
#2978=EDGE_LOOP('',(#10649));
#2979=EDGE_LOOP('',(#10650));
#2980=EDGE_LOOP('',(#10651));
#2981=EDGE_LOOP('',(#10652));
#2982=EDGE_LOOP('',(#10653));
#2983=EDGE_LOOP('',(#10654));
#2984=EDGE_LOOP('',(#10655));
#2985=EDGE_LOOP('',(#10656));
#2986=EDGE_LOOP('',(#10657));
#2987=EDGE_LOOP('',(#10658));
#2988=EDGE_LOOP('',(#10659));
#2989=EDGE_LOOP('',(#10660));
#2990=EDGE_LOOP('',(#10661));
#2991=EDGE_LOOP('',(#10662));
#2992=EDGE_LOOP('',(#10663));
#2993=EDGE_LOOP('',(#10664));
#2994=EDGE_LOOP('',(#10665));
#2995=EDGE_LOOP('',(#10666));
#2996=EDGE_LOOP('',(#10667));
#2997=EDGE_LOOP('',(#10668));
#2998=EDGE_LOOP('',(#10669));
#2999=EDGE_LOOP('',(#10670));
#3000=EDGE_LOOP('',(#10671));
#3001=EDGE_LOOP('',(#10672));
#3002=EDGE_LOOP('',(#10673));
#3003=EDGE_LOOP('',(#10674));
#3004=EDGE_LOOP('',(#10675));
#3005=EDGE_LOOP('',(#10676));
#3006=EDGE_LOOP('',(#10677));
#3007=EDGE_LOOP('',(#10678));
#3008=EDGE_LOOP('',(#10679));
#3009=EDGE_LOOP('',(#10680));
#3010=EDGE_LOOP('',(#10681));
#3011=EDGE_LOOP('',(#10682));
#3012=EDGE_LOOP('',(#10683));
#3013=EDGE_LOOP('',(#10684));
#3014=EDGE_LOOP('',(#10685));
#3015=EDGE_LOOP('',(#10686));
#3016=EDGE_LOOP('',(#10687));
#3017=EDGE_LOOP('',(#10688));
#3018=EDGE_LOOP('',(#10689));
#3019=EDGE_LOOP('',(#10690));
#3020=EDGE_LOOP('',(#10691));
#3021=EDGE_LOOP('',(#10692));
#3022=EDGE_LOOP('',(#10693));
#3023=EDGE_LOOP('',(#10694));
#3024=EDGE_LOOP('',(#10695));
#3025=EDGE_LOOP('',(#10696));
#3026=EDGE_LOOP('',(#10697));
#3027=EDGE_LOOP('',(#10698));
#3028=EDGE_LOOP('',(#10699));
#3029=EDGE_LOOP('',(#10700));
#3030=EDGE_LOOP('',(#10701));
#3031=EDGE_LOOP('',(#10702));
#3032=EDGE_LOOP('',(#10703));
#3033=EDGE_LOOP('',(#10704));
#3034=EDGE_LOOP('',(#10705));
#3035=EDGE_LOOP('',(#10706));
#3036=EDGE_LOOP('',(#10707));
#3037=EDGE_LOOP('',(#10708));
#3038=EDGE_LOOP('',(#10709));
#3039=EDGE_LOOP('',(#10710));
#3040=EDGE_LOOP('',(#10711));
#3041=EDGE_LOOP('',(#10712));
#3042=EDGE_LOOP('',(#10713));
#3043=EDGE_LOOP('',(#10714));
#3044=EDGE_LOOP('',(#10715,#10716,#10717,#10718));
#3045=EDGE_LOOP('',(#10719,#10720,#10721,#10722));
#3046=EDGE_LOOP('',(#10723,#10724,#10725,#10726));
#3047=EDGE_LOOP('',(#10727));
#3048=EDGE_LOOP('',(#10728));
#3049=EDGE_LOOP('',(#10729));
#3050=EDGE_LOOP('',(#10730));
#3051=EDGE_LOOP('',(#10731,#10732,#10733,#10734,#10735,#10736,#10737,#10738,
#10739,#10740,#10741));
#3052=EDGE_LOOP('',(#10742,#10743,#10744,#10745,#10746,#10747,#10748,#10749,
#10750,#10751,#10752,#10753,#10754,#10755,#10756,#10757,#10758,#10759,#10760,
#10761,#10762,#10763));
#3053=EDGE_LOOP('',(#10764,#10765,#10766,#10767,#10768,#10769,#10770,#10771,
#10772));
#3054=EDGE_LOOP('',(#10773,#10774,#10775,#10776,#10777,#10778,#10779,#10780,
#10781,#10782,#10783,#10784,#10785,#10786,#10787,#10788,#10789,#10790,#10791,
#10792,#10793,#10794,#10795,#10796,#10797,#10798,#10799,#10800,#10801,#10802,
#10803,#10804));
#3055=EDGE_LOOP('',(#10805,#10806,#10807));
#3056=EDGE_LOOP('',(#10808,#10809,#10810));
#3057=EDGE_LOOP('',(#10811,#10812,#10813,#10814));
#3058=EDGE_LOOP('',(#10815,#10816,#10817,#10818));
#3059=EDGE_LOOP('',(#10819,#10820,#10821,#10822));
#3060=EDGE_LOOP('',(#10823,#10824,#10825,#10826));
#3061=EDGE_LOOP('',(#10827,#10828,#10829,#10830));
#3062=EDGE_LOOP('',(#10831,#10832,#10833,#10834));
#3063=EDGE_LOOP('',(#10835,#10836,#10837));
#3064=EDGE_LOOP('',(#10838,#10839,#10840));
#3065=EDGE_LOOP('',(#10841,#10842,#10843,#10844,#10845));
#3066=EDGE_LOOP('',(#10846,#10847,#10848,#10849,#10850));
#3067=EDGE_LOOP('',(#10851,#10852,#10853,#10854));
#3068=EDGE_LOOP('',(#10855,#10856,#10857,#10858));
#3069=EDGE_LOOP('',(#10859,#10860,#10861,#10862));
#3070=EDGE_LOOP('',(#10863,#10864,#10865,#10866));
#3071=EDGE_LOOP('',(#10867,#10868,#10869,#10870));
#3072=LINE('',#15377,#3801);
#3073=LINE('',#15381,#3802);
#3074=LINE('',#15387,#3803);
#3075=LINE('',#15391,#3804);
#3076=LINE('',#15408,#3805);
#3077=LINE('',#15409,#3806);
#3078=LINE('',#15412,#3807);
#3079=LINE('',#15414,#3808);
#3080=LINE('',#15431,#3809);
#3081=LINE('',#15432,#3810);
#3082=LINE('',#15434,#3811);
#3083=LINE('',#15435,#3812);
#3084=LINE('',#15444,#3813);
#3085=LINE('',#15445,#3814);
#3086=LINE('',#15447,#3815);
#3087=LINE('',#15448,#3816);
#3088=LINE('',#15457,#3817);
#3089=LINE('',#15458,#3818);
#3090=LINE('',#15460,#3819);
#3091=LINE('',#15461,#3820);
#3092=LINE('',#15464,#3821);
#3093=LINE('',#15466,#3822);
#3094=LINE('',#15469,#3823);
#3095=LINE('',#15470,#3824);
#3096=LINE('',#15472,#3825);
#3097=LINE('',#15473,#3826);
#3098=LINE('',#15475,#3827);
#3099=LINE('',#15780,#3828);
#3100=LINE('',#15782,#3829);
#3101=LINE('',#15784,#3830);
#3102=LINE('',#15785,#3831);
#3103=LINE('',#16090,#3832);
#3104=LINE('',#16092,#3833);
#3105=LINE('',#16094,#3834);
#3106=LINE('',#16095,#3835);
#3107=LINE('',#16098,#3836);
#3108=LINE('',#16100,#3837);
#3109=LINE('',#16102,#3838);
#3110=LINE('',#16103,#3839);
#3111=LINE('',#16106,#3840);
#3112=LINE('',#16108,#3841);
#3113=LINE('',#16110,#3842);
#3114=LINE('',#16112,#3843);
#3115=LINE('',#16114,#3844);
#3116=LINE('',#16116,#3845);
#3117=LINE('',#16118,#3846);
#3118=LINE('',#16119,#3847);
#3119=LINE('',#16122,#3848);
#3120=LINE('',#16124,#3849);
#3121=LINE('',#16126,#3850);
#3122=LINE('',#16128,#3851);
#3123=LINE('',#16130,#3852);
#3124=LINE('',#16132,#3853);
#3125=LINE('',#16134,#3854);
#3126=LINE('',#16154,#3855);
#3127=LINE('',#16180,#3856);
#3128=LINE('',#16182,#3857);
#3129=LINE('',#16184,#3858);
#3130=LINE('',#16185,#3859);
#3131=LINE('',#16188,#3860);
#3132=LINE('',#16190,#3861);
#3133=LINE('',#16192,#3862);
#3134=LINE('',#16194,#3863);
#3135=LINE('',#16196,#3864);
#3136=LINE('',#16198,#3865);
#3137=LINE('',#16200,#3866);
#3138=LINE('',#16202,#3867);
#3139=LINE('',#16204,#3868);
#3140=LINE('',#16205,#3869);
#3141=LINE('',#16214,#3870);
#3142=LINE('',#16216,#3871);
#3143=LINE('',#16242,#3872);
#3144=LINE('',#16298,#3873);
#3145=LINE('',#16300,#3874);
#3146=LINE('',#16302,#3875);
#3147=LINE('',#16304,#3876);
#3148=LINE('',#16306,#3877);
#3149=LINE('',#16308,#3878);
#3150=LINE('',#16310,#3879);
#3151=LINE('',#16330,#3880);
#3152=LINE('',#16356,#3881);
#3153=LINE('',#16358,#3882);
#3154=LINE('',#16360,#3883);
#3155=LINE('',#16361,#3884);
#3156=LINE('',#16364,#3885);
#3157=LINE('',#16366,#3886);
#3158=LINE('',#16368,#3887);
#3159=LINE('',#16370,#3888);
#3160=LINE('',#16390,#3889);
#3161=LINE('',#16409,#3890);
#3162=LINE('',#16413,#3891);
#3163=LINE('',#16414,#3892);
#3164=LINE('',#16415,#3893);
#3165=LINE('',#16418,#3894);
#3166=LINE('',#16419,#3895);
#3167=LINE('',#16422,#3896);
#3168=LINE('',#16423,#3897);
#3169=LINE('',#16425,#3898);
#3170=LINE('',#16429,#3899);
#3171=LINE('',#16430,#3900);
#3172=LINE('',#16431,#3901);
#3173=LINE('',#16434,#3902);
#3174=LINE('',#16435,#3903);
#3175=LINE('',#16438,#3904);
#3176=LINE('',#16439,#3905);
#3177=LINE('',#16441,#3906);
#3178=LINE('',#16461,#3907);
#3179=LINE('',#16462,#3908);
#3180=LINE('',#16481,#3909);
#3181=LINE('',#16500,#3910);
#3182=LINE('',#16503,#3911);
#3183=LINE('',#16504,#3912);
#3184=LINE('',#16507,#3913);
#3185=LINE('',#16508,#3914);
#3186=LINE('',#16511,#3915);
#3187=LINE('',#16512,#3916);
#3188=LINE('',#16515,#3917);
#3189=LINE('',#16516,#3918);
#3190=LINE('',#16519,#3919);
#3191=LINE('',#16520,#3920);
#3192=LINE('',#16539,#3921);
#3193=LINE('',#16558,#3922);
#3194=LINE('',#16577,#3923);
#3195=LINE('',#16579,#3924);
#3196=LINE('',#16599,#3925);
#3197=LINE('',#16600,#3926);
#3198=LINE('',#16619,#3927);
#3199=LINE('',#16638,#3928);
#3200=LINE('',#16641,#3929);
#3201=LINE('',#16642,#3930);
#3202=LINE('',#16645,#3931);
#3203=LINE('',#16646,#3932);
#3204=LINE('',#16649,#3933);
#3205=LINE('',#16650,#3934);
#3206=LINE('',#16653,#3935);
#3207=LINE('',#16654,#3936);
#3208=LINE('',#16657,#3937);
#3209=LINE('',#16658,#3938);
#3210=LINE('',#16661,#3939);
#3211=LINE('',#16662,#3940);
#3212=LINE('',#16665,#3941);
#3213=LINE('',#16666,#3942);
#3214=LINE('',#16669,#3943);
#3215=LINE('',#16670,#3944);
#3216=LINE('',#16673,#3945);
#3217=LINE('',#16674,#3946);
#3218=LINE('',#16677,#3947);
#3219=LINE('',#16678,#3948);
#3220=LINE('',#16681,#3949);
#3221=LINE('',#16682,#3950);
#3222=LINE('',#16701,#3951);
#3223=LINE('',#16720,#3952);
#3224=LINE('',#16739,#3953);
#3225=LINE('',#16758,#3954);
#3226=LINE('',#16760,#3955);
#3227=LINE('',#16780,#3956);
#3228=LINE('',#16781,#3957);
#3229=LINE('',#16784,#3958);
#3230=LINE('',#16785,#3959);
#3231=LINE('',#16804,#3960);
#3232=LINE('',#16823,#3961);
#3233=LINE('',#16842,#3962);
#3234=LINE('',#16861,#3963);
#3235=LINE('',#16864,#3964);
#3236=LINE('',#16865,#3965);
#3237=LINE('',#16868,#3966);
#3238=LINE('',#16869,#3967);
#3239=LINE('',#16888,#3968);
#3240=LINE('',#16907,#3969);
#3241=LINE('',#16926,#3970);
#3242=LINE('',#16945,#3971);
#3243=LINE('',#16964,#3972);
#3244=LINE('',#16983,#3973);
#3245=LINE('',#17002,#3974);
#3246=LINE('',#17021,#3975);
#3247=LINE('',#17042,#3976);
#3248=LINE('',#17043,#3977);
#3249=LINE('',#17044,#3978);
#3250=LINE('',#17047,#3979);
#3251=LINE('',#17048,#3980);
#3252=LINE('',#17051,#3981);
#3253=LINE('',#17052,#3982);
#3254=LINE('',#17055,#3983);
#3255=LINE('',#17056,#3984);
#3256=LINE('',#17059,#3985);
#3257=LINE('',#17060,#3986);
#3258=LINE('',#17063,#3987);
#3259=LINE('',#17064,#3988);
#3260=LINE('',#17067,#3989);
#3261=LINE('',#17068,#3990);
#3262=LINE('',#17071,#3991);
#3263=LINE('',#17072,#3992);
#3264=LINE('',#17075,#3993);
#3265=LINE('',#17076,#3994);
#3266=LINE('',#17078,#3995);
#3267=LINE('',#17098,#3996);
#3268=LINE('',#17099,#3997);
#3269=LINE('',#17118,#3998);
#3270=LINE('',#17137,#3999);
#3271=LINE('',#17140,#4000);
#3272=LINE('',#17141,#4001);
#3273=LINE('',#17144,#4002);
#3274=LINE('',#17145,#4003);
#3275=LINE('',#17148,#4004);
#3276=LINE('',#17149,#4005);
#3277=LINE('',#17152,#4006);
#3278=LINE('',#17153,#4007);
#3279=LINE('',#17156,#4008);
#3280=LINE('',#17157,#4009);
#3281=LINE('',#17160,#4010);
#3282=LINE('',#17161,#4011);
#3283=LINE('',#17164,#4012);
#3284=LINE('',#17165,#4013);
#3285=LINE('',#17168,#4014);
#3286=LINE('',#17169,#4015);
#3287=LINE('',#17172,#4016);
#3288=LINE('',#17173,#4017);
#3289=LINE('',#17176,#4018);
#3290=LINE('',#17177,#4019);
#3291=LINE('',#17180,#4020);
#3292=LINE('',#17181,#4021);
#3293=LINE('',#17200,#4022);
#3294=LINE('',#17219,#4023);
#3295=LINE('',#17238,#4024);
#3296=LINE('',#17257,#4025);
#3297=LINE('',#17259,#4026);
#3298=LINE('',#17263,#4027);
#3299=LINE('',#17264,#4028);
#3300=LINE('',#17265,#4029);
#3301=LINE('',#17268,#4030);
#3302=LINE('',#17269,#4031);
#3303=LINE('',#17272,#4032);
#3304=LINE('',#17273,#4033);
#3305=LINE('',#17276,#4034);
#3306=LINE('',#17277,#4035);
#3307=LINE('',#17280,#4036);
#3308=LINE('',#17281,#4037);
#3309=LINE('',#17284,#4038);
#3310=LINE('',#17285,#4039);
#3311=LINE('',#17288,#4040);
#3312=LINE('',#17289,#4041);
#3313=LINE('',#17291,#4042);
#3314=LINE('',#17312,#4043);
#3315=LINE('',#17319,#4044);
#3316=LINE('',#17344,#4045);
#3317=LINE('',#17369,#4046);
#3318=LINE('',#17394,#4047);
#3319=LINE('',#17419,#4048);
#3320=LINE('',#17444,#4049);
#3321=LINE('',#17469,#4050);
#3322=LINE('',#17494,#4051);
#3323=LINE('',#17519,#4052);
#3324=LINE('',#17544,#4053);
#3325=LINE('',#17567,#4054);
#3326=LINE('',#17600,#4055);
#3327=LINE('',#17608,#4056);
#3328=LINE('',#17616,#4057);
#3329=LINE('',#17636,#4058);
#3330=LINE('',#17669,#4059);
#3331=LINE('',#17677,#4060);
#3332=LINE('',#17699,#4061);
#3333=LINE('',#17700,#4062);
#3334=LINE('',#17740,#4063);
#3335=LINE('',#17765,#4064);
#3336=LINE('',#17790,#4065);
#3337=LINE('',#17793,#4066);
#3338=LINE('',#17795,#4067);
#3339=LINE('',#17796,#4068);
#3340=LINE('',#17821,#4069);
#3341=LINE('',#17846,#4070);
#3342=LINE('',#17871,#4071);
#3343=LINE('',#17896,#4072);
#3344=LINE('',#17921,#4073);
#3345=LINE('',#17946,#4074);
#3346=LINE('',#17971,#4075);
#3347=LINE('',#17974,#4076);
#3348=LINE('',#17976,#4077);
#3349=LINE('',#17977,#4078);
#3350=LINE('',#18016,#4079);
#3351=LINE('',#18034,#4080);
#3352=LINE('',#18036,#4081);
#3353=LINE('',#18037,#4082);
#3354=LINE('',#18068,#4083);
#3355=LINE('',#18070,#4084);
#3356=LINE('',#18072,#4085);
#3357=LINE('',#18073,#4086);
#3358=LINE('',#18076,#4087);
#3359=LINE('',#18078,#4088);
#3360=LINE('',#18080,#4089);
#3361=LINE('',#18082,#4090);
#3362=LINE('',#18083,#4091);
#3363=LINE('',#18086,#4092);
#3364=LINE('',#18088,#4093);
#3365=LINE('',#18115,#4094);
#3366=LINE('',#18123,#4095);
#3367=LINE('',#18147,#4096);
#3368=LINE('',#18150,#4097);
#3369=LINE('',#18152,#4098);
#3370=LINE('',#18153,#4099);
#3371=LINE('',#18178,#4100);
#3372=LINE('',#18203,#4101);
#3373=LINE('',#18205,#4102);
#3374=LINE('',#18206,#4103);
#3375=LINE('',#18208,#4104);
#3376=LINE('',#18226,#4105);
#3377=LINE('',#18234,#4106);
#3378=LINE('',#18268,#4107);
#3379=LINE('',#18276,#4108);
#3380=LINE('',#18301,#4109);
#3381=LINE('',#18308,#4110);
#3382=LINE('',#18333,#4111);
#3383=LINE('',#18358,#4112);
#3384=LINE('',#18383,#4113);
#3385=LINE('',#18406,#4114);
#3386=LINE('',#18418,#4115);
#3387=LINE('',#18425,#4116);
#3388=LINE('',#18471,#4117);
#3389=LINE('',#18478,#4118);
#3390=LINE('',#18480,#4119);
#3391=LINE('',#18481,#4120);
#3392=LINE('',#18498,#4121);
#3393=LINE('',#18515,#4122);
#3394=LINE('',#18532,#4123);
#3395=LINE('',#18550,#4124);
#3396=LINE('',#18552,#4125);
#3397=LINE('',#18553,#4126);
#3398=LINE('',#18600,#4127);
#3399=LINE('',#18625,#4128);
#3400=LINE('',#18650,#4129);
#3401=LINE('',#18675,#4130);
#3402=LINE('',#18700,#4131);
#3403=LINE('',#18703,#4132);
#3404=LINE('',#18705,#4133);
#3405=LINE('',#18706,#4134);
#3406=LINE('',#18708,#4135);
#3407=LINE('',#18709,#4136);
#3408=LINE('',#18713,#4137);
#3409=LINE('',#18715,#4138);
#3410=LINE('',#18717,#4139);
#3411=LINE('',#18718,#4140);
#3412=LINE('',#18721,#4141);
#3413=LINE('',#18723,#4142);
#3414=LINE('',#18724,#4143);
#3415=LINE('',#18727,#4144);
#3416=LINE('',#18729,#4145);
#3417=LINE('',#18731,#4146);
#3418=LINE('',#18733,#4147);
#3419=LINE('',#18734,#4148);
#3420=LINE('',#18737,#4149);
#3421=LINE('',#18739,#4150);
#3422=LINE('',#18740,#4151);
#3423=LINE('',#18743,#4152);
#3424=LINE('',#18745,#4153);
#3425=LINE('',#18747,#4154);
#3426=LINE('',#18749,#4155);
#3427=LINE('',#18750,#4156);
#3428=LINE('',#18754,#4157);
#3429=LINE('',#18756,#4158);
#3430=LINE('',#18758,#4159);
#3431=LINE('',#18759,#4160);
#3432=LINE('',#18762,#4161);
#3433=LINE('',#18764,#4162);
#3434=LINE('',#18765,#4163);
#3435=LINE('',#18767,#4164);
#3436=LINE('',#18768,#4165);
#3437=LINE('',#18770,#4166);
#3438=LINE('',#18773,#4167);
#3439=LINE('',#18775,#4168);
#3440=LINE('',#18776,#4169);
#3441=LINE('',#18779,#4170);
#3442=LINE('',#18781,#4171);
#3443=LINE('',#18782,#4172);
#3444=LINE('',#18784,#4173);
#3445=LINE('',#18785,#4174);
#3446=LINE('',#18787,#4175);
#3447=LINE('',#18788,#4176);
#3448=LINE('',#18789,#4177);
#3449=LINE('',#18790,#4178);
#3450=LINE('',#18792,#4179);
#3451=LINE('',#18794,#4180);
#3452=LINE('',#18796,#4181);
#3453=LINE('',#18798,#4182);
#3454=LINE('',#18799,#4183);
#3455=LINE('',#18800,#4184);
#3456=LINE('',#18803,#4185);
#3457=LINE('',#18805,#4186);
#3458=LINE('',#18806,#4187);
#3459=LINE('',#18818,#4188);
#3460=LINE('',#18821,#4189);
#3461=LINE('',#18826,#4190);
#3462=LINE('',#18829,#4191);
#3463=LINE('',#18834,#4192);
#3464=LINE('',#18837,#4193);
#3465=LINE('',#18842,#4194);
#3466=LINE('',#18845,#4195);
#3467=LINE('',#18850,#4196);
#3468=LINE('',#18853,#4197);
#3469=LINE('',#18858,#4198);
#3470=LINE('',#18861,#4199);
#3471=LINE('',#18866,#4200);
#3472=LINE('',#18869,#4201);
#3473=LINE('',#18874,#4202);
#3474=LINE('',#18877,#4203);
#3475=LINE('',#18882,#4204);
#3476=LINE('',#18885,#4205);
#3477=LINE('',#18890,#4206);
#3478=LINE('',#18893,#4207);
#3479=LINE('',#18898,#4208);
#3480=LINE('',#18901,#4209);
#3481=LINE('',#18906,#4210);
#3482=LINE('',#18909,#4211);
#3483=LINE('',#18914,#4212);
#3484=LINE('',#18917,#4213);
#3485=LINE('',#18922,#4214);
#3486=LINE('',#18925,#4215);
#3487=LINE('',#18930,#4216);
#3488=LINE('',#18933,#4217);
#3489=LINE('',#18938,#4218);
#3490=LINE('',#18941,#4219);
#3491=LINE('',#18946,#4220);
#3492=LINE('',#18949,#4221);
#3493=LINE('',#18954,#4222);
#3494=LINE('',#18957,#4223);
#3495=LINE('',#18962,#4224);
#3496=LINE('',#18965,#4225);
#3497=LINE('',#18970,#4226);
#3498=LINE('',#18973,#4227);
#3499=LINE('',#18978,#4228);
#3500=LINE('',#18981,#4229);
#3501=LINE('',#18986,#4230);
#3502=LINE('',#18989,#4231);
#3503=LINE('',#18994,#4232);
#3504=LINE('',#18997,#4233);
#3505=LINE('',#19002,#4234);
#3506=LINE('',#19005,#4235);
#3507=LINE('',#19010,#4236);
#3508=LINE('',#19013,#4237);
#3509=LINE('',#19018,#4238);
#3510=LINE('',#19021,#4239);
#3511=LINE('',#19026,#4240);
#3512=LINE('',#19029,#4241);
#3513=LINE('',#19034,#4242);
#3514=LINE('',#19037,#4243);
#3515=LINE('',#19042,#4244);
#3516=LINE('',#19045,#4245);
#3517=LINE('',#19050,#4246);
#3518=LINE('',#19053,#4247);
#3519=LINE('',#19058,#4248);
#3520=LINE('',#19061,#4249);
#3521=LINE('',#19066,#4250);
#3522=LINE('',#19069,#4251);
#3523=LINE('',#19074,#4252);
#3524=LINE('',#19077,#4253);
#3525=LINE('',#19082,#4254);
#3526=LINE('',#19085,#4255);
#3527=LINE('',#19090,#4256);
#3528=LINE('',#19093,#4257);
#3529=LINE('',#19098,#4258);
#3530=LINE('',#19101,#4259);
#3531=LINE('',#19106,#4260);
#3532=LINE('',#19109,#4261);
#3533=LINE('',#19114,#4262);
#3534=LINE('',#19117,#4263);
#3535=LINE('',#19122,#4264);
#3536=LINE('',#19125,#4265);
#3537=LINE('',#19130,#4266);
#3538=LINE('',#19133,#4267);
#3539=LINE('',#19138,#4268);
#3540=LINE('',#19141,#4269);
#3541=LINE('',#19146,#4270);
#3542=LINE('',#19149,#4271);
#3543=LINE('',#19154,#4272);
#3544=LINE('',#19157,#4273);
#3545=LINE('',#19162,#4274);
#3546=LINE('',#19165,#4275);
#3547=LINE('',#19170,#4276);
#3548=LINE('',#19173,#4277);
#3549=LINE('',#19178,#4278);
#3550=LINE('',#19181,#4279);
#3551=LINE('',#19186,#4280);
#3552=LINE('',#19189,#4281);
#3553=LINE('',#19194,#4282);
#3554=LINE('',#19197,#4283);
#3555=LINE('',#19202,#4284);
#3556=LINE('',#19205,#4285);
#3557=LINE('',#19210,#4286);
#3558=LINE('',#19213,#4287);
#3559=LINE('',#19218,#4288);
#3560=LINE('',#19221,#4289);
#3561=LINE('',#19226,#4290);
#3562=LINE('',#19229,#4291);
#3563=LINE('',#19234,#4292);
#3564=LINE('',#19237,#4293);
#3565=LINE('',#19242,#4294);
#3566=LINE('',#19245,#4295);
#3567=LINE('',#19250,#4296);
#3568=LINE('',#19253,#4297);
#3569=LINE('',#19258,#4298);
#3570=LINE('',#19261,#4299);
#3571=LINE('',#19266,#4300);
#3572=LINE('',#19269,#4301);
#3573=LINE('',#19274,#4302);
#3574=LINE('',#19277,#4303);
#3575=LINE('',#19282,#4304);
#3576=LINE('',#19285,#4305);
#3577=LINE('',#19290,#4306);
#3578=LINE('',#19293,#4307);
#3579=LINE('',#19298,#4308);
#3580=LINE('',#19301,#4309);
#3581=LINE('',#19306,#4310);
#3582=LINE('',#19309,#4311);
#3583=LINE('',#19314,#4312);
#3584=LINE('',#19317,#4313);
#3585=LINE('',#19322,#4314);
#3586=LINE('',#19325,#4315);
#3587=LINE('',#19330,#4316);
#3588=LINE('',#19333,#4317);
#3589=LINE('',#19338,#4318);
#3590=LINE('',#19341,#4319);
#3591=LINE('',#19346,#4320);
#3592=LINE('',#19349,#4321);
#3593=LINE('',#19354,#4322);
#3594=LINE('',#19357,#4323);
#3595=LINE('',#19362,#4324);
#3596=LINE('',#19365,#4325);
#3597=LINE('',#19370,#4326);
#3598=LINE('',#19373,#4327);
#3599=LINE('',#19378,#4328);
#3600=LINE('',#19381,#4329);
#3601=LINE('',#19386,#4330);
#3602=LINE('',#19389,#4331);
#3603=LINE('',#19394,#4332);
#3604=LINE('',#19397,#4333);
#3605=LINE('',#19402,#4334);
#3606=LINE('',#19405,#4335);
#3607=LINE('',#19410,#4336);
#3608=LINE('',#19413,#4337);
#3609=LINE('',#19418,#4338);
#3610=LINE('',#19421,#4339);
#3611=LINE('',#19426,#4340);
#3612=LINE('',#19429,#4341);
#3613=LINE('',#19434,#4342);
#3614=LINE('',#19437,#4343);
#3615=LINE('',#19442,#4344);
#3616=LINE('',#19445,#4345);
#3617=LINE('',#19450,#4346);
#3618=LINE('',#19453,#4347);
#3619=LINE('',#19458,#4348);
#3620=LINE('',#19461,#4349);
#3621=LINE('',#19466,#4350);
#3622=LINE('',#19469,#4351);
#3623=LINE('',#19474,#4352);
#3624=LINE('',#19477,#4353);
#3625=LINE('',#19482,#4354);
#3626=LINE('',#19485,#4355);
#3627=LINE('',#19490,#4356);
#3628=LINE('',#19493,#4357);
#3629=LINE('',#19498,#4358);
#3630=LINE('',#19501,#4359);
#3631=LINE('',#19506,#4360);
#3632=LINE('',#19509,#4361);
#3633=LINE('',#19514,#4362);
#3634=LINE('',#19517,#4363);
#3635=LINE('',#19522,#4364);
#3636=LINE('',#19525,#4365);
#3637=LINE('',#19530,#4366);
#3638=LINE('',#19533,#4367);
#3639=LINE('',#19538,#4368);
#3640=LINE('',#19541,#4369);
#3641=LINE('',#19546,#4370);
#3642=LINE('',#19549,#4371);
#3643=LINE('',#19554,#4372);
#3644=LINE('',#19557,#4373);
#3645=LINE('',#19562,#4374);
#3646=LINE('',#19565,#4375);
#3647=LINE('',#19570,#4376);
#3648=LINE('',#19573,#4377);
#3649=LINE('',#19578,#4378);
#3650=LINE('',#19581,#4379);
#3651=LINE('',#19586,#4380);
#3652=LINE('',#19589,#4381);
#3653=LINE('',#19594,#4382);
#3654=LINE('',#19597,#4383);
#3655=LINE('',#19602,#4384);
#3656=LINE('',#19605,#4385);
#3657=LINE('',#19610,#4386);
#3658=LINE('',#19613,#4387);
#3659=LINE('',#19618,#4388);
#3660=LINE('',#19621,#4389);
#3661=LINE('',#19626,#4390);
#3662=LINE('',#19629,#4391);
#3663=LINE('',#19634,#4392);
#3664=LINE('',#19637,#4393);
#3665=LINE('',#19642,#4394);
#3666=LINE('',#19645,#4395);
#3667=LINE('',#19650,#4396);
#3668=LINE('',#19653,#4397);
#3669=LINE('',#19658,#4398);
#3670=LINE('',#19661,#4399);
#3671=LINE('',#19666,#4400);
#3672=LINE('',#19669,#4401);
#3673=LINE('',#19674,#4402);
#3674=LINE('',#19677,#4403);
#3675=LINE('',#19682,#4404);
#3676=LINE('',#19685,#4405);
#3677=LINE('',#19690,#4406);
#3678=LINE('',#19693,#4407);
#3679=LINE('',#19698,#4408);
#3680=LINE('',#19701,#4409);
#3681=LINE('',#19706,#4410);
#3682=LINE('',#19709,#4411);
#3683=LINE('',#19714,#4412);
#3684=LINE('',#19717,#4413);
#3685=LINE('',#19722,#4414);
#3686=LINE('',#19725,#4415);
#3687=LINE('',#19730,#4416);
#3688=LINE('',#19733,#4417);
#3689=LINE('',#19738,#4418);
#3690=LINE('',#19741,#4419);
#3691=LINE('',#19746,#4420);
#3692=LINE('',#19749,#4421);
#3693=LINE('',#19754,#4422);
#3694=LINE('',#19757,#4423);
#3695=LINE('',#19762,#4424);
#3696=LINE('',#19765,#4425);
#3697=LINE('',#19770,#4426);
#3698=LINE('',#19773,#4427);
#3699=LINE('',#19778,#4428);
#3700=LINE('',#19781,#4429);
#3701=LINE('',#19786,#4430);
#3702=LINE('',#19789,#4431);
#3703=LINE('',#19794,#4432);
#3704=LINE('',#19797,#4433);
#3705=LINE('',#19802,#4434);
#3706=LINE('',#19805,#4435);
#3707=LINE('',#19810,#4436);
#3708=LINE('',#19813,#4437);
#3709=LINE('',#19818,#4438);
#3710=LINE('',#19821,#4439);
#3711=LINE('',#19826,#4440);
#3712=LINE('',#19829,#4441);
#3713=LINE('',#19834,#4442);
#3714=LINE('',#19837,#4443);
#3715=LINE('',#19842,#4444);
#3716=LINE('',#19845,#4445);
#3717=LINE('',#19850,#4446);
#3718=LINE('',#19853,#4447);
#3719=LINE('',#19858,#4448);
#3720=LINE('',#19861,#4449);
#3721=LINE('',#19866,#4450);
#3722=LINE('',#19869,#4451);
#3723=LINE('',#19874,#4452);
#3724=LINE('',#19877,#4453);
#3725=LINE('',#19882,#4454);
#3726=LINE('',#19885,#4455);
#3727=LINE('',#19890,#4456);
#3728=LINE('',#19893,#4457);
#3729=LINE('',#19898,#4458);
#3730=LINE('',#19901,#4459);
#3731=LINE('',#19906,#4460);
#3732=LINE('',#19909,#4461);
#3733=LINE('',#19914,#4462);
#3734=LINE('',#19917,#4463);
#3735=LINE('',#19922,#4464);
#3736=LINE('',#19925,#4465);
#3737=LINE('',#19930,#4466);
#3738=LINE('',#19933,#4467);
#3739=LINE('',#19938,#4468);
#3740=LINE('',#19941,#4469);
#3741=LINE('',#19946,#4470);
#3742=LINE('',#19949,#4471);
#3743=LINE('',#19954,#4472);
#3744=LINE('',#19957,#4473);
#3745=LINE('',#19962,#4474);
#3746=LINE('',#19965,#4475);
#3747=LINE('',#19970,#4476);
#3748=LINE('',#19973,#4477);
#3749=LINE('',#19978,#4478);
#3750=LINE('',#19981,#4479);
#3751=LINE('',#19986,#4480);
#3752=LINE('',#19989,#4481);
#3753=LINE('',#19994,#4482);
#3754=LINE('',#19997,#4483);
#3755=LINE('',#20002,#4484);
#3756=LINE('',#20005,#4485);
#3757=LINE('',#20010,#4486);
#3758=LINE('',#20013,#4487);
#3759=LINE('',#20018,#4488);
#3760=LINE('',#20019,#4489);
#3761=LINE('',#20020,#4490);
#3762=LINE('',#20023,#4491);
#3763=LINE('',#20024,#4492);
#3764=LINE('',#20027,#4493);
#3765=LINE('',#20028,#4494);
#3766=LINE('',#20030,#4495);
#3767=LINE('',#20034,#4496);
#3768=LINE('',#20038,#4497);
#3769=LINE('',#20042,#4498);
#3770=LINE('',#20046,#4499);
#3771=LINE('',#20050,#4500);
#3772=LINE('',#20051,#4501);
#3773=LINE('',#20052,#4502);
#3774=LINE('',#20054,#4503);
#3775=LINE('',#20056,#4504);
#3776=LINE('',#20062,#4505);
#3777=LINE('',#20064,#4506);
#3778=LINE('',#20065,#4507);
#3779=LINE('',#20069,#4508);
#3780=LINE('',#20071,#4509);
#3781=LINE('',#20072,#4510);
#3782=LINE('',#20074,#4511);
#3783=LINE('',#20075,#4512);
#3784=LINE('',#20077,#4513);
#3785=LINE('',#20082,#4514);
#3786=LINE('',#20084,#4515);
#3787=LINE('',#20086,#4516);
#3788=LINE('',#20087,#4517);
#3789=LINE('',#20090,#4518);
#3790=LINE('',#20092,#4519);
#3791=LINE('',#20093,#4520);
#3792=LINE('',#20095,#4521);
#3793=LINE('',#20096,#4522);
#3794=LINE('',#20108,#4523);
#3795=LINE('',#20160,#4524);
#3796=LINE('',#20171,#4525);
#3797=LINE('',#20172,#4526);
#3798=LINE('',#20183,#4527);
#3799=LINE('',#20194,#4528);
#3800=LINE('',#20196,#4529);
#3801=VECTOR('',#12499,2.5585);
#3802=VECTOR('',#12504,2.117);
#3803=VECTOR('',#12511,2.5585);
#3804=VECTOR('',#12516,2.117);
#3805=VECTOR('',#12537,10.);
#3806=VECTOR('',#12538,10.);
#3807=VECTOR('',#12541,10.);
#3808=VECTOR('',#12542,10.);
#3809=VECTOR('',#12563,10.);
#3810=VECTOR('',#12564,10.);
#3811=VECTOR('',#12567,10.);
#3812=VECTOR('',#12568,10.);
#3813=VECTOR('',#12579,10.);
#3814=VECTOR('',#12580,10.);
#3815=VECTOR('',#12583,10.);
#3816=VECTOR('',#12584,10.);
#3817=VECTOR('',#12595,10.);
#3818=VECTOR('',#12596,10.);
#3819=VECTOR('',#12599,10.);
#3820=VECTOR('',#12600,10.);
#3821=VECTOR('',#12603,10.);
#3822=VECTOR('',#12604,10.);
#3823=VECTOR('',#12609,10.);
#3824=VECTOR('',#12610,10.);
#3825=VECTOR('',#12613,10.);
#3826=VECTOR('',#12614,10.);
#3827=VECTOR('',#12617,10.);
#3828=VECTOR('',#12922,10.);
#3829=VECTOR('',#12923,10.);
#3830=VECTOR('',#12924,10.);
#3831=VECTOR('',#12925,10.);
#3832=VECTOR('',#13230,10.);
#3833=VECTOR('',#13231,10.);
#3834=VECTOR('',#13232,10.);
#3835=VECTOR('',#13233,10.);
#3836=VECTOR('',#13234,10.);
#3837=VECTOR('',#13235,10.);
#3838=VECTOR('',#13236,10.);
#3839=VECTOR('',#13237,10.);
#3840=VECTOR('',#13238,10.);
#3841=VECTOR('',#13239,10.);
#3842=VECTOR('',#13240,10.);
#3843=VECTOR('',#13241,10.);
#3844=VECTOR('',#13242,10.);
#3845=VECTOR('',#13243,10.);
#3846=VECTOR('',#13244,10.);
#3847=VECTOR('',#13245,10.);
#3848=VECTOR('',#13246,10.);
#3849=VECTOR('',#13247,10.);
#3850=VECTOR('',#13248,10.);
#3851=VECTOR('',#13249,10.);
#3852=VECTOR('',#13250,10.);
#3853=VECTOR('',#13251,10.);
#3854=VECTOR('',#13252,10.);
#3855=VECTOR('',#13253,10.);
#3856=VECTOR('',#13254,10.);
#3857=VECTOR('',#13255,10.);
#3858=VECTOR('',#13256,10.);
#3859=VECTOR('',#13257,10.);
#3860=VECTOR('',#13258,10.);
#3861=VECTOR('',#13259,10.);
#3862=VECTOR('',#13260,10.);
#3863=VECTOR('',#13261,10.);
#3864=VECTOR('',#13262,10.);
#3865=VECTOR('',#13263,10.);
#3866=VECTOR('',#13264,10.);
#3867=VECTOR('',#13265,10.);
#3868=VECTOR('',#13266,10.);
#3869=VECTOR('',#13267,10.);
#3870=VECTOR('',#13268,10.);
#3871=VECTOR('',#13269,10.);
#3872=VECTOR('',#13270,10.);
#3873=VECTOR('',#13271,10.);
#3874=VECTOR('',#13272,10.);
#3875=VECTOR('',#13273,10.);
#3876=VECTOR('',#13274,10.);
#3877=VECTOR('',#13275,10.);
#3878=VECTOR('',#13276,10.);
#3879=VECTOR('',#13277,10.);
#3880=VECTOR('',#13278,10.);
#3881=VECTOR('',#13279,10.);
#3882=VECTOR('',#13280,10.);
#3883=VECTOR('',#13281,10.);
#3884=VECTOR('',#13282,10.);
#3885=VECTOR('',#13283,10.);
#3886=VECTOR('',#13284,10.);
#3887=VECTOR('',#13285,10.);
#3888=VECTOR('',#13286,10.);
#3889=VECTOR('',#13287,10.);
#3890=VECTOR('',#13288,10.);
#3891=VECTOR('',#13291,10.);
#3892=VECTOR('',#13292,10.);
#3893=VECTOR('',#13293,10.);
#3894=VECTOR('',#13296,10.);
#3895=VECTOR('',#13297,10.);
#3896=VECTOR('',#13300,10.);
#3897=VECTOR('',#13301,10.);
#3898=VECTOR('',#13304,10.);
#3899=VECTOR('',#13307,10.);
#3900=VECTOR('',#13308,10.);
#3901=VECTOR('',#13309,10.);
#3902=VECTOR('',#13312,10.);
#3903=VECTOR('',#13313,10.);
#3904=VECTOR('',#13316,10.);
#3905=VECTOR('',#13317,10.);
#3906=VECTOR('',#13320,10.);
#3907=VECTOR('',#13321,10.);
#3908=VECTOR('',#13322,10.);
#3909=VECTOR('',#13323,10.);
#3910=VECTOR('',#13324,10.);
#3911=VECTOR('',#13327,10.);
#3912=VECTOR('',#13328,10.);
#3913=VECTOR('',#13331,10.);
#3914=VECTOR('',#13332,10.);
#3915=VECTOR('',#13335,10.);
#3916=VECTOR('',#13336,10.);
#3917=VECTOR('',#13339,10.);
#3918=VECTOR('',#13340,10.);
#3919=VECTOR('',#13343,10.);
#3920=VECTOR('',#13344,10.);
#3921=VECTOR('',#13345,10.);
#3922=VECTOR('',#13346,10.);
#3923=VECTOR('',#13347,10.);
#3924=VECTOR('',#13350,10.);
#3925=VECTOR('',#13351,10.);
#3926=VECTOR('',#13352,10.);
#3927=VECTOR('',#13353,10.);
#3928=VECTOR('',#13354,10.);
#3929=VECTOR('',#13357,10.);
#3930=VECTOR('',#13358,10.);
#3931=VECTOR('',#13361,10.);
#3932=VECTOR('',#13362,10.);
#3933=VECTOR('',#13365,10.);
#3934=VECTOR('',#13366,10.);
#3935=VECTOR('',#13369,10.);
#3936=VECTOR('',#13370,10.);
#3937=VECTOR('',#13373,10.);
#3938=VECTOR('',#13374,10.);
#3939=VECTOR('',#13377,10.);
#3940=VECTOR('',#13378,10.);
#3941=VECTOR('',#13381,10.);
#3942=VECTOR('',#13382,10.);
#3943=VECTOR('',#13385,10.);
#3944=VECTOR('',#13386,10.);
#3945=VECTOR('',#13389,10.);
#3946=VECTOR('',#13390,10.);
#3947=VECTOR('',#13393,10.);
#3948=VECTOR('',#13394,10.);
#3949=VECTOR('',#13397,10.);
#3950=VECTOR('',#13398,10.);
#3951=VECTOR('',#13399,10.);
#3952=VECTOR('',#13400,10.);
#3953=VECTOR('',#13401,10.);
#3954=VECTOR('',#13402,10.);
#3955=VECTOR('',#13405,10.);
#3956=VECTOR('',#13406,10.);
#3957=VECTOR('',#13407,10.);
#3958=VECTOR('',#13410,10.);
#3959=VECTOR('',#13411,10.);
#3960=VECTOR('',#13412,10.);
#3961=VECTOR('',#13413,10.);
#3962=VECTOR('',#13414,10.);
#3963=VECTOR('',#13415,10.);
#3964=VECTOR('',#13418,10.);
#3965=VECTOR('',#13419,10.);
#3966=VECTOR('',#13422,10.);
#3967=VECTOR('',#13423,10.);
#3968=VECTOR('',#13424,10.);
#3969=VECTOR('',#13425,10.);
#3970=VECTOR('',#13426,10.);
#3971=VECTOR('',#13427,10.);
#3972=VECTOR('',#13428,10.);
#3973=VECTOR('',#13429,10.);
#3974=VECTOR('',#13430,10.);
#3975=VECTOR('',#13431,10.);
#3976=VECTOR('',#13434,10.);
#3977=VECTOR('',#13435,10.);
#3978=VECTOR('',#13436,10.);
#3979=VECTOR('',#13439,10.);
#3980=VECTOR('',#13440,10.);
#3981=VECTOR('',#13443,10.);
#3982=VECTOR('',#13444,10.);
#3983=VECTOR('',#13447,10.);
#3984=VECTOR('',#13448,10.);
#3985=VECTOR('',#13451,10.);
#3986=VECTOR('',#13452,10.);
#3987=VECTOR('',#13455,10.);
#3988=VECTOR('',#13456,10.);
#3989=VECTOR('',#13459,10.);
#3990=VECTOR('',#13460,10.);
#3991=VECTOR('',#13463,10.);
#3992=VECTOR('',#13464,10.);
#3993=VECTOR('',#13467,10.);
#3994=VECTOR('',#13468,10.);
#3995=VECTOR('',#13471,10.);
#3996=VECTOR('',#13472,10.);
#3997=VECTOR('',#13473,10.);
#3998=VECTOR('',#13474,10.);
#3999=VECTOR('',#13475,10.);
#4000=VECTOR('',#13478,10.);
#4001=VECTOR('',#13479,10.);
#4002=VECTOR('',#13482,10.);
#4003=VECTOR('',#13483,10.);
#4004=VECTOR('',#13486,10.);
#4005=VECTOR('',#13487,10.);
#4006=VECTOR('',#13490,10.);
#4007=VECTOR('',#13491,10.);
#4008=VECTOR('',#13494,10.);
#4009=VECTOR('',#13495,10.);
#4010=VECTOR('',#13498,10.);
#4011=VECTOR('',#13499,10.);
#4012=VECTOR('',#13502,10.);
#4013=VECTOR('',#13503,10.);
#4014=VECTOR('',#13506,10.);
#4015=VECTOR('',#13507,10.);
#4016=VECTOR('',#13510,10.);
#4017=VECTOR('',#13511,10.);
#4018=VECTOR('',#13514,10.);
#4019=VECTOR('',#13515,10.);
#4020=VECTOR('',#13518,10.);
#4021=VECTOR('',#13519,10.);
#4022=VECTOR('',#13520,10.);
#4023=VECTOR('',#13521,10.);
#4024=VECTOR('',#13522,10.);
#4025=VECTOR('',#13523,10.);
#4026=VECTOR('',#13526,10.);
#4027=VECTOR('',#13529,10.);
#4028=VECTOR('',#13530,10.);
#4029=VECTOR('',#13531,10.);
#4030=VECTOR('',#13534,10.);
#4031=VECTOR('',#13535,10.);
#4032=VECTOR('',#13538,10.);
#4033=VECTOR('',#13539,10.);
#4034=VECTOR('',#13542,10.);
#4035=VECTOR('',#13543,10.);
#4036=VECTOR('',#13546,10.);
#4037=VECTOR('',#13547,10.);
#4038=VECTOR('',#13550,10.);
#4039=VECTOR('',#13551,10.);
#4040=VECTOR('',#13554,10.);
#4041=VECTOR('',#13555,10.);
#4042=VECTOR('',#13558,10.);
#4043=VECTOR('',#13559,10.);
#4044=VECTOR('',#13560,10.);
#4045=VECTOR('',#13561,10.);
#4046=VECTOR('',#13562,10.);
#4047=VECTOR('',#13563,10.);
#4048=VECTOR('',#13564,10.);
#4049=VECTOR('',#13565,10.);
#4050=VECTOR('',#13566,10.);
#4051=VECTOR('',#13567,10.);
#4052=VECTOR('',#13568,10.);
#4053=VECTOR('',#13569,10.);
#4054=VECTOR('',#13570,10.);
#4055=VECTOR('',#13571,10.);
#4056=VECTOR('',#13572,10.);
#4057=VECTOR('',#13575,10.);
#4058=VECTOR('',#13576,10.);
#4059=VECTOR('',#13577,10.);
#4060=VECTOR('',#13578,10.);
#4061=VECTOR('',#13579,10.);
#4062=VECTOR('',#13580,10.);
#4063=VECTOR('',#13581,10.);
#4064=VECTOR('',#13582,10.);
#4065=VECTOR('',#13583,10.);
#4066=VECTOR('',#13586,10.);
#4067=VECTOR('',#13587,10.);
#4068=VECTOR('',#13588,10.);
#4069=VECTOR('',#13589,10.);
#4070=VECTOR('',#13590,10.);
#4071=VECTOR('',#13591,10.);
#4072=VECTOR('',#13592,10.);
#4073=VECTOR('',#13593,10.);
#4074=VECTOR('',#13594,10.);
#4075=VECTOR('',#13595,10.);
#4076=VECTOR('',#13598,10.);
#4077=VECTOR('',#13599,10.);
#4078=VECTOR('',#13600,10.);
#4079=VECTOR('',#13601,10.);
#4080=VECTOR('',#13604,10.);
#4081=VECTOR('',#13605,10.);
#4082=VECTOR('',#13606,10.);
#4083=VECTOR('',#13609,10.);
#4084=VECTOR('',#13610,10.);
#4085=VECTOR('',#13611,10.);
#4086=VECTOR('',#13612,10.);
#4087=VECTOR('',#13615,10.);
#4088=VECTOR('',#13616,10.);
#4089=VECTOR('',#13617,10.);
#4090=VECTOR('',#13618,10.);
#4091=VECTOR('',#13619,10.);
#4092=VECTOR('',#13622,10.);
#4093=VECTOR('',#13623,10.);
#4094=VECTOR('',#13624,10.);
#4095=VECTOR('',#13625,10.);
#4096=VECTOR('',#13626,10.);
#4097=VECTOR('',#13629,10.);
#4098=VECTOR('',#13630,10.);
#4099=VECTOR('',#13631,10.);
#4100=VECTOR('',#13632,10.);
#4101=VECTOR('',#13633,10.);
#4102=VECTOR('',#13636,10.);
#4103=VECTOR('',#13637,10.);
#4104=VECTOR('',#13640,10.);
#4105=VECTOR('',#13641,10.);
#4106=VECTOR('',#13642,10.);
#4107=VECTOR('',#13643,10.);
#4108=VECTOR('',#13644,10.);
#4109=VECTOR('',#13645,10.);
#4110=VECTOR('',#13646,10.);
#4111=VECTOR('',#13647,10.);
#4112=VECTOR('',#13648,10.);
#4113=VECTOR('',#13649,10.);
#4114=VECTOR('',#13650,10.);
#4115=VECTOR('',#13653,10.);
#4116=VECTOR('',#13654,10.);
#4117=VECTOR('',#13655,10.);
#4118=VECTOR('',#13658,10.);
#4119=VECTOR('',#13659,10.);
#4120=VECTOR('',#13660,10.);
#4121=VECTOR('',#13661,10.);
#4122=VECTOR('',#13662,10.);
#4123=VECTOR('',#13663,10.);
#4124=VECTOR('',#13666,10.);
#4125=VECTOR('',#13667,10.);
#4126=VECTOR('',#13668,10.);
#4127=VECTOR('',#13669,10.);
#4128=VECTOR('',#13670,10.);
#4129=VECTOR('',#13671,10.);
#4130=VECTOR('',#13672,10.);
#4131=VECTOR('',#13673,10.);
#4132=VECTOR('',#13676,10.);
#4133=VECTOR('',#13677,10.);
#4134=VECTOR('',#13678,10.);
#4135=VECTOR('',#13681,10.);
#4136=VECTOR('',#13682,10.);
#4137=VECTOR('',#13685,10.);
#4138=VECTOR('',#13686,10.);
#4139=VECTOR('',#13687,10.);
#4140=VECTOR('',#13688,10.);
#4141=VECTOR('',#13691,10.);
#4142=VECTOR('',#13692,10.);
#4143=VECTOR('',#13693,10.);
#4144=VECTOR('',#13696,10.);
#4145=VECTOR('',#13697,10.);
#4146=VECTOR('',#13698,10.);
#4147=VECTOR('',#13699,10.);
#4148=VECTOR('',#13700,10.);
#4149=VECTOR('',#13703,10.);
#4150=VECTOR('',#13704,10.);
#4151=VECTOR('',#13705,10.);
#4152=VECTOR('',#13708,10.);
#4153=VECTOR('',#13709,10.);
#4154=VECTOR('',#13710,10.);
#4155=VECTOR('',#13711,10.);
#4156=VECTOR('',#13712,10.);
#4157=VECTOR('',#13715,10.);
#4158=VECTOR('',#13716,10.);
#4159=VECTOR('',#13717,10.);
#4160=VECTOR('',#13718,10.);
#4161=VECTOR('',#13721,10.);
#4162=VECTOR('',#13722,10.);
#4163=VECTOR('',#13723,10.);
#4164=VECTOR('',#13726,10.);
#4165=VECTOR('',#13727,10.);
#4166=VECTOR('',#13730,10.);
#4167=VECTOR('',#13733,10.);
#4168=VECTOR('',#13734,10.);
#4169=VECTOR('',#13735,10.);
#4170=VECTOR('',#13738,10.);
#4171=VECTOR('',#13739,10.);
#4172=VECTOR('',#13740,10.);
#4173=VECTOR('',#13743,10.);
#4174=VECTOR('',#13744,10.);
#4175=VECTOR('',#13747,10.);
#4176=VECTOR('',#13748,10.);
#4177=VECTOR('',#13749,10.);
#4178=VECTOR('',#13750,10.);
#4179=VECTOR('',#13751,10.);
#4180=VECTOR('',#13752,10.);
#4181=VECTOR('',#13753,10.);
#4182=VECTOR('',#13754,10.);
#4183=VECTOR('',#13755,10.);
#4184=VECTOR('',#13756,10.);
#4185=VECTOR('',#13759,10.);
#4186=VECTOR('',#13760,10.);
#4187=VECTOR('',#13761,10.);
#4188=VECTOR('',#13774,1.00000001490116);
#4189=VECTOR('',#13777,1.00000001490116);
#4190=VECTOR('',#13784,1.00000001490116);
#4191=VECTOR('',#13787,1.00000001490116);
#4192=VECTOR('',#13794,1.00000001490116);
#4193=VECTOR('',#13797,1.00000001490116);
#4194=VECTOR('',#13804,1.00000001490116);
#4195=VECTOR('',#13807,1.00000001490116);
#4196=VECTOR('',#13814,1.00000001490116);
#4197=VECTOR('',#13817,1.00000001490116);
#4198=VECTOR('',#13824,1.00000001490116);
#4199=VECTOR('',#13827,1.00000001490116);
#4200=VECTOR('',#13834,1.00000001490116);
#4201=VECTOR('',#13837,1.00000001490116);
#4202=VECTOR('',#13844,1.00000001490116);
#4203=VECTOR('',#13847,1.00000001490116);
#4204=VECTOR('',#13854,1.00000001490116);
#4205=VECTOR('',#13857,1.00000001490116);
#4206=VECTOR('',#13864,1.00000001490116);
#4207=VECTOR('',#13867,1.00000001490116);
#4208=VECTOR('',#13874,1.00000001490116);
#4209=VECTOR('',#13877,1.00000001490116);
#4210=VECTOR('',#13884,1.00000001490116);
#4211=VECTOR('',#13887,1.00000001490116);
#4212=VECTOR('',#13894,1.00000001490116);
#4213=VECTOR('',#13897,1.00000001490116);
#4214=VECTOR('',#13904,1.00000001490116);
#4215=VECTOR('',#13907,1.00000001490116);
#4216=VECTOR('',#13914,1.00000001490116);
#4217=VECTOR('',#13917,1.00000001490116);
#4218=VECTOR('',#13924,1.00000001490116);
#4219=VECTOR('',#13927,1.00000001490116);
#4220=VECTOR('',#13934,1.00000001490116);
#4221=VECTOR('',#13937,1.00000001490116);
#4222=VECTOR('',#13944,1.00000001490116);
#4223=VECTOR('',#13947,1.00000001490116);
#4224=VECTOR('',#13954,1.00000001490116);
#4225=VECTOR('',#13957,1.00000001490116);
#4226=VECTOR('',#13964,1.00000001490116);
#4227=VECTOR('',#13967,1.00000001490116);
#4228=VECTOR('',#13974,1.00000001490116);
#4229=VECTOR('',#13977,1.00000001490116);
#4230=VECTOR('',#13984,1.00000001490116);
#4231=VECTOR('',#13987,1.00000001490116);
#4232=VECTOR('',#13994,1.00000001490116);
#4233=VECTOR('',#13997,1.00000001490116);
#4234=VECTOR('',#14004,1.00000001490116);
#4235=VECTOR('',#14007,1.00000001490116);
#4236=VECTOR('',#14014,1.00000001490116);
#4237=VECTOR('',#14017,1.00000001490116);
#4238=VECTOR('',#14024,1.00000001490116);
#4239=VECTOR('',#14027,1.00000001490116);
#4240=VECTOR('',#14034,1.00000001490116);
#4241=VECTOR('',#14037,1.00000001490116);
#4242=VECTOR('',#14044,1.00000001490116);
#4243=VECTOR('',#14047,1.00000001490116);
#4244=VECTOR('',#14054,1.00000001490116);
#4245=VECTOR('',#14057,1.00000001490116);
#4246=VECTOR('',#14064,1.00000001490116);
#4247=VECTOR('',#14067,1.00000001490116);
#4248=VECTOR('',#14074,1.00000001490116);
#4249=VECTOR('',#14077,1.00000001490116);
#4250=VECTOR('',#14084,1.00000001490116);
#4251=VECTOR('',#14087,1.00000001490116);
#4252=VECTOR('',#14094,1.00000001490116);
#4253=VECTOR('',#14097,1.00000001490116);
#4254=VECTOR('',#14104,1.00000001490116);
#4255=VECTOR('',#14107,1.00000001490116);
#4256=VECTOR('',#14114,1.00000001490116);
#4257=VECTOR('',#14117,1.00000001490116);
#4258=VECTOR('',#14124,1.00000001490116);
#4259=VECTOR('',#14127,1.00000001490116);
#4260=VECTOR('',#14134,1.00000001490116);
#4261=VECTOR('',#14137,1.00000001490116);
#4262=VECTOR('',#14144,1.00000001490116);
#4263=VECTOR('',#14147,1.00000001490116);
#4264=VECTOR('',#14154,1.00000001490116);
#4265=VECTOR('',#14157,1.00000001490116);
#4266=VECTOR('',#14164,1.00000001490116);
#4267=VECTOR('',#14167,1.00000001490116);
#4268=VECTOR('',#14174,1.00000001490116);
#4269=VECTOR('',#14177,1.00000001490116);
#4270=VECTOR('',#14184,1.00000001490116);
#4271=VECTOR('',#14187,1.00000001490116);
#4272=VECTOR('',#14194,1.00000001490116);
#4273=VECTOR('',#14197,1.00000001490116);
#4274=VECTOR('',#14204,1.00000001490116);
#4275=VECTOR('',#14207,1.00000001490116);
#4276=VECTOR('',#14214,1.00000001490116);
#4277=VECTOR('',#14217,1.00000001490116);
#4278=VECTOR('',#14224,1.00000001490116);
#4279=VECTOR('',#14227,1.00000001490116);
#4280=VECTOR('',#14234,1.00000001490116);
#4281=VECTOR('',#14237,1.00000001490116);
#4282=VECTOR('',#14244,1.00000001490116);
#4283=VECTOR('',#14247,1.00000001490116);
#4284=VECTOR('',#14254,1.00000001490116);
#4285=VECTOR('',#14257,1.00000001490116);
#4286=VECTOR('',#14264,1.00000001490116);
#4287=VECTOR('',#14267,1.00000001490116);
#4288=VECTOR('',#14274,1.00000001490116);
#4289=VECTOR('',#14277,1.00000001490116);
#4290=VECTOR('',#14284,1.00000001490116);
#4291=VECTOR('',#14287,1.00000001490116);
#4292=VECTOR('',#14294,1.00000001490116);
#4293=VECTOR('',#14297,1.00000001490116);
#4294=VECTOR('',#14304,1.00000001490116);
#4295=VECTOR('',#14307,1.00000001490116);
#4296=VECTOR('',#14314,1.00000001490116);
#4297=VECTOR('',#14317,1.00000001490116);
#4298=VECTOR('',#14324,1.00000001490116);
#4299=VECTOR('',#14327,1.00000001490116);
#4300=VECTOR('',#14334,1.00000001490116);
#4301=VECTOR('',#14337,1.00000001490116);
#4302=VECTOR('',#14344,1.00000001490116);
#4303=VECTOR('',#14347,1.00000001490116);
#4304=VECTOR('',#14354,1.00000001490116);
#4305=VECTOR('',#14357,1.00000001490116);
#4306=VECTOR('',#14364,1.00000001490116);
#4307=VECTOR('',#14367,1.00000001490116);
#4308=VECTOR('',#14374,1.00000001490116);
#4309=VECTOR('',#14377,1.00000001490116);
#4310=VECTOR('',#14384,1.00000001490116);
#4311=VECTOR('',#14387,1.00000001490116);
#4312=VECTOR('',#14394,1.00000001490116);
#4313=VECTOR('',#14397,1.00000001490116);
#4314=VECTOR('',#14404,1.00000001490116);
#4315=VECTOR('',#14407,1.00000001490116);
#4316=VECTOR('',#14414,1.00000001490116);
#4317=VECTOR('',#14417,1.00000001490116);
#4318=VECTOR('',#14424,1.00000001490116);
#4319=VECTOR('',#14427,1.00000001490116);
#4320=VECTOR('',#14434,1.00000001490116);
#4321=VECTOR('',#14437,1.00000001490116);
#4322=VECTOR('',#14444,1.00000001490116);
#4323=VECTOR('',#14447,1.00000001490116);
#4324=VECTOR('',#14454,1.00000001490116);
#4325=VECTOR('',#14457,1.00000001490116);
#4326=VECTOR('',#14464,1.00000001490116);
#4327=VECTOR('',#14467,1.00000001490116);
#4328=VECTOR('',#14474,1.00000001490116);
#4329=VECTOR('',#14477,1.00000001490116);
#4330=VECTOR('',#14484,1.00000001490116);
#4331=VECTOR('',#14487,1.00000001490116);
#4332=VECTOR('',#14494,1.00000001490116);
#4333=VECTOR('',#14497,1.00000001490116);
#4334=VECTOR('',#14504,1.00000001490116);
#4335=VECTOR('',#14507,1.00000001490116);
#4336=VECTOR('',#14514,1.00000001490116);
#4337=VECTOR('',#14517,1.00000001490116);
#4338=VECTOR('',#14524,1.00000001490116);
#4339=VECTOR('',#14527,1.00000001490116);
#4340=VECTOR('',#14534,1.00000001490116);
#4341=VECTOR('',#14537,1.00000001490116);
#4342=VECTOR('',#14544,1.00000001490116);
#4343=VECTOR('',#14547,1.00000001490116);
#4344=VECTOR('',#14554,1.00000001490116);
#4345=VECTOR('',#14557,1.00000001490116);
#4346=VECTOR('',#14564,1.00000001490116);
#4347=VECTOR('',#14567,1.00000001490116);
#4348=VECTOR('',#14574,1.00000001490116);
#4349=VECTOR('',#14577,1.00000001490116);
#4350=VECTOR('',#14584,1.00000001490116);
#4351=VECTOR('',#14587,1.00000001490116);
#4352=VECTOR('',#14594,1.00000001490116);
#4353=VECTOR('',#14597,1.00000001490116);
#4354=VECTOR('',#14604,1.00000001490116);
#4355=VECTOR('',#14607,1.00000001490116);
#4356=VECTOR('',#14614,1.00000001490116);
#4357=VECTOR('',#14617,1.00000001490116);
#4358=VECTOR('',#14624,1.00000001490116);
#4359=VECTOR('',#14627,1.00000001490116);
#4360=VECTOR('',#14634,1.00000001490116);
#4361=VECTOR('',#14637,1.00000001490116);
#4362=VECTOR('',#14644,1.00000001490116);
#4363=VECTOR('',#14647,1.00000001490116);
#4364=VECTOR('',#14654,1.00000001490116);
#4365=VECTOR('',#14657,1.00000001490116);
#4366=VECTOR('',#14664,1.00000001490116);
#4367=VECTOR('',#14667,1.00000001490116);
#4368=VECTOR('',#14674,1.00000001490116);
#4369=VECTOR('',#14677,1.00000001490116);
#4370=VECTOR('',#14684,1.00000001490116);
#4371=VECTOR('',#14687,1.00000001490116);
#4372=VECTOR('',#14694,1.00000001490116);
#4373=VECTOR('',#14697,1.00000001490116);
#4374=VECTOR('',#14704,1.00000001490116);
#4375=VECTOR('',#14707,1.00000001490116);
#4376=VECTOR('',#14714,1.00000001490116);
#4377=VECTOR('',#14717,1.00000001490116);
#4378=VECTOR('',#14724,1.00000001490116);
#4379=VECTOR('',#14727,1.00000001490116);
#4380=VECTOR('',#14734,1.00000001490116);
#4381=VECTOR('',#14737,1.00000001490116);
#4382=VECTOR('',#14744,1.00000001490116);
#4383=VECTOR('',#14747,1.00000001490116);
#4384=VECTOR('',#14754,1.00000001490116);
#4385=VECTOR('',#14757,1.00000001490116);
#4386=VECTOR('',#14764,1.00000001490116);
#4387=VECTOR('',#14767,1.00000001490116);
#4388=VECTOR('',#14774,1.00000001490116);
#4389=VECTOR('',#14777,1.00000001490116);
#4390=VECTOR('',#14784,1.00000001490116);
#4391=VECTOR('',#14787,1.00000001490116);
#4392=VECTOR('',#14794,1.00000001490116);
#4393=VECTOR('',#14797,1.00000001490116);
#4394=VECTOR('',#14804,1.00000001490116);
#4395=VECTOR('',#14807,1.00000001490116);
#4396=VECTOR('',#14814,1.00000001490116);
#4397=VECTOR('',#14817,1.00000001490116);
#4398=VECTOR('',#14824,1.00000001490116);
#4399=VECTOR('',#14827,1.00000001490116);
#4400=VECTOR('',#14834,1.00000001490116);
#4401=VECTOR('',#14837,1.00000001490116);
#4402=VECTOR('',#14844,1.00000001490116);
#4403=VECTOR('',#14847,1.00000001490116);
#4404=VECTOR('',#14854,1.00000001490116);
#4405=VECTOR('',#14857,1.00000001490116);
#4406=VECTOR('',#14864,1.00000001490116);
#4407=VECTOR('',#14867,1.00000001490116);
#4408=VECTOR('',#14874,1.00000001490116);
#4409=VECTOR('',#14877,1.00000001490116);
#4410=VECTOR('',#14884,1.00000001490116);
#4411=VECTOR('',#14887,1.00000001490116);
#4412=VECTOR('',#14894,1.00000001490116);
#4413=VECTOR('',#14897,1.00000001490116);
#4414=VECTOR('',#14904,1.00000001490116);
#4415=VECTOR('',#14907,1.00000001490116);
#4416=VECTOR('',#14914,1.00000001490116);
#4417=VECTOR('',#14917,1.00000001490116);
#4418=VECTOR('',#14924,1.00000001490116);
#4419=VECTOR('',#14927,1.00000001490116);
#4420=VECTOR('',#14934,1.00000001490116);
#4421=VECTOR('',#14937,1.00000001490116);
#4422=VECTOR('',#14944,1.00000001490116);
#4423=VECTOR('',#14947,1.00000001490116);
#4424=VECTOR('',#14954,1.00000001490116);
#4425=VECTOR('',#14957,1.00000001490116);
#4426=VECTOR('',#14964,1.00000001490116);
#4427=VECTOR('',#14967,1.00000001490116);
#4428=VECTOR('',#14974,1.00000001490116);
#4429=VECTOR('',#14977,1.00000001490116);
#4430=VECTOR('',#14984,1.00000001490116);
#4431=VECTOR('',#14987,1.00000001490116);
#4432=VECTOR('',#14994,1.00000001490116);
#4433=VECTOR('',#14997,1.00000001490116);
#4434=VECTOR('',#15004,1.00000001490116);
#4435=VECTOR('',#15007,1.00000001490116);
#4436=VECTOR('',#15014,1.00000001490116);
#4437=VECTOR('',#15017,1.00000001490116);
#4438=VECTOR('',#15024,1.00000001490116);
#4439=VECTOR('',#15027,1.00000001490116);
#4440=VECTOR('',#15034,1.00000001490116);
#4441=VECTOR('',#15037,1.00000001490116);
#4442=VECTOR('',#15044,1.00000001490116);
#4443=VECTOR('',#15047,1.00000001490116);
#4444=VECTOR('',#15054,1.00000001490116);
#4445=VECTOR('',#15057,1.00000001490116);
#4446=VECTOR('',#15064,1.00000001490116);
#4447=VECTOR('',#15067,1.00000001490116);
#4448=VECTOR('',#15074,1.00000001490116);
#4449=VECTOR('',#15077,1.00000001490116);
#4450=VECTOR('',#15084,1.00000001490116);
#4451=VECTOR('',#15087,1.00000001490116);
#4452=VECTOR('',#15094,1.00000001490116);
#4453=VECTOR('',#15097,1.00000001490116);
#4454=VECTOR('',#15104,1.00000001490116);
#4455=VECTOR('',#15107,1.00000001490116);
#4456=VECTOR('',#15114,1.00000001490116);
#4457=VECTOR('',#15117,1.00000001490116);
#4458=VECTOR('',#15124,1.00000001490116);
#4459=VECTOR('',#15127,1.00000001490116);
#4460=VECTOR('',#15134,1.00000001490116);
#4461=VECTOR('',#15137,1.00000001490116);
#4462=VECTOR('',#15144,1.00000001490116);
#4463=VECTOR('',#15147,1.00000001490116);
#4464=VECTOR('',#15154,1.00000001490116);
#4465=VECTOR('',#15157,1.00000001490116);
#4466=VECTOR('',#15164,1.00000001490116);
#4467=VECTOR('',#15167,1.00000001490116);
#4468=VECTOR('',#15174,1.00000001490116);
#4469=VECTOR('',#15177,1.00000001490116);
#4470=VECTOR('',#15184,1.00000001490116);
#4471=VECTOR('',#15187,1.00000001490116);
#4472=VECTOR('',#15194,1.00000001490116);
#4473=VECTOR('',#15197,1.00000001490116);
#4474=VECTOR('',#15204,1.00000001490116);
#4475=VECTOR('',#15207,1.00000001490116);
#4476=VECTOR('',#15214,1.00000001490116);
#4477=VECTOR('',#15217,1.00000001490116);
#4478=VECTOR('',#15224,1.00000001490116);
#4479=VECTOR('',#15227,1.00000001490116);
#4480=VECTOR('',#15234,1.00000001490116);
#4481=VECTOR('',#15237,1.00000001490116);
#4482=VECTOR('',#15244,1.00000001490116);
#4483=VECTOR('',#15247,1.00000001490116);
#4484=VECTOR('',#15254,1.00000001490116);
#4485=VECTOR('',#15257,1.00000001490116);
#4486=VECTOR('',#15264,1.00000001490116);
#4487=VECTOR('',#15267,1.00000001490116);
#4488=VECTOR('',#15272,10.);
#4489=VECTOR('',#15273,10.);
#4490=VECTOR('',#15274,10.);
#4491=VECTOR('',#15277,10.);
#4492=VECTOR('',#15278,10.);
#4493=VECTOR('',#15281,10.);
#4494=VECTOR('',#15282,10.);
#4495=VECTOR('',#15285,10.);
#4496=VECTOR('',#15290,12.);
#4497=VECTOR('',#15295,12.);
#4498=VECTOR('',#15300,12.);
#4499=VECTOR('',#15305,12.);
#4500=VECTOR('',#15308,10.);
#4501=VECTOR('',#15309,10.);
#4502=VECTOR('',#15310,10.);
#4503=VECTOR('',#15313,10.);
#4504=VECTOR('',#15316,10.);
#4505=VECTOR('',#15323,10.);
#4506=VECTOR('',#15324,10.);
#4507=VECTOR('',#15325,10.);
#4508=VECTOR('',#15328,10.);
#4509=VECTOR('',#15329,10.);
#4510=VECTOR('',#15330,10.);
#4511=VECTOR('',#15333,10.);
#4512=VECTOR('',#15334,10.);
#4513=VECTOR('',#15337,10.);
#4514=VECTOR('',#15342,10.);
#4515=VECTOR('',#15343,10.);
#4516=VECTOR('',#15344,10.);
#4517=VECTOR('',#15345,10.);
#4518=VECTOR('',#15348,10.);
#4519=VECTOR('',#15349,10.);
#4520=VECTOR('',#15350,10.);
#4521=VECTOR('',#15353,10.);
#4522=VECTOR('',#15354,10.);
#4523=VECTOR('',#15361,10.);
#4524=VECTOR('',#15364,10.);
#4525=VECTOR('',#15365,10.);
#4526=VECTOR('',#15366,10.);
#4527=VECTOR('',#15367,10.);
#4528=VECTOR('',#15368,10.);
#4529=VECTOR('',#15371,10.);
#4530=CIRCLE('',#11420,3.);
#4531=CIRCLE('',#11421,2.117);
#4532=CIRCLE('',#11423,2.117);
#4533=CIRCLE('',#11425,3.);
#4534=CIRCLE('',#11426,2.117);
#4535=CIRCLE('',#11428,2.117);
#4536=CIRCLE('',#11430,2.5);
#4537=CIRCLE('',#11431,2.5);
#4538=CIRCLE('',#11432,2.5);
#4539=CIRCLE('',#11434,2.5);
#4540=CIRCLE('',#11435,2.5);
#4541=CIRCLE('',#11436,2.5);
#4542=CIRCLE('',#11441,2.5);
#4543=CIRCLE('',#11442,2.5);
#4544=CIRCLE('',#11443,2.5);
#4545=CIRCLE('',#11445,2.5);
#4546=CIRCLE('',#11446,2.5);
#4547=CIRCLE('',#11447,2.5);
#4548=CIRCLE('',#11451,2.5);
#4549=CIRCLE('',#11452,2.5);
#4550=CIRCLE('',#11453,2.5);
#4551=CIRCLE('',#11457,2.5);
#4552=CIRCLE('',#11458,2.5);
#4553=CIRCLE('',#11459,2.5);
#4554=CIRCLE('',#11468,1.00000001490116);
#4555=CIRCLE('',#11469,1.00000001490116);
#4556=CIRCLE('',#11470,1.00000001490116);
#4557=CIRCLE('',#11471,1.00000001490116);
#4558=CIRCLE('',#11472,1.00000001490116);
#4559=CIRCLE('',#11473,1.00000001490116);
#4560=CIRCLE('',#11474,1.00000001490116);
#4561=CIRCLE('',#11475,1.00000001490116);
#4562=CIRCLE('',#11476,1.00000001490116);
#4563=CIRCLE('',#11477,1.00000001490116);
#4564=CIRCLE('',#11478,1.00000001490116);
#4565=CIRCLE('',#11479,1.00000001490116);
#4566=CIRCLE('',#11480,1.00000001490116);
#4567=CIRCLE('',#11481,1.00000001490116);
#4568=CIRCLE('',#11482,1.00000001490116);
#4569=CIRCLE('',#11483,1.00000001490116);
#4570=CIRCLE('',#11484,1.00000001490116);
#4571=CIRCLE('',#11485,1.00000001490116);
#4572=CIRCLE('',#11486,1.00000001490116);
#4573=CIRCLE('',#11487,1.00000001490116);
#4574=CIRCLE('',#11488,1.00000001490116);
#4575=CIRCLE('',#11489,1.00000001490116);
#4576=CIRCLE('',#11490,1.00000001490116);
#4577=CIRCLE('',#11491,1.00000001490116);
#4578=CIRCLE('',#11492,1.00000001490116);
#4579=CIRCLE('',#11493,1.00000001490116);
#4580=CIRCLE('',#11494,1.00000001490116);
#4581=CIRCLE('',#11495,1.00000001490116);
#4582=CIRCLE('',#11496,1.00000001490116);
#4583=CIRCLE('',#11497,1.00000001490116);
#4584=CIRCLE('',#11498,1.00000001490116);
#4585=CIRCLE('',#11499,1.00000001490116);
#4586=CIRCLE('',#11500,1.00000001490116);
#4587=CIRCLE('',#11501,1.00000001490116);
#4588=CIRCLE('',#11502,1.00000001490116);
#4589=CIRCLE('',#11503,1.00000001490116);
#4590=CIRCLE('',#11504,1.00000001490116);
#4591=CIRCLE('',#11505,1.00000001490116);
#4592=CIRCLE('',#11506,1.00000001490116);
#4593=CIRCLE('',#11507,1.00000001490116);
#4594=CIRCLE('',#11508,1.00000001490116);
#4595=CIRCLE('',#11509,1.00000001490116);
#4596=CIRCLE('',#11510,1.00000001490116);
#4597=CIRCLE('',#11511,1.00000001490116);
#4598=CIRCLE('',#11512,1.00000001490116);
#4599=CIRCLE('',#11513,1.00000001490116);
#4600=CIRCLE('',#11514,1.00000001490116);
#4601=CIRCLE('',#11515,1.00000001490116);
#4602=CIRCLE('',#11516,1.00000001490116);
#4603=CIRCLE('',#11517,1.00000001490116);
#4604=CIRCLE('',#11518,1.00000001490116);
#4605=CIRCLE('',#11519,1.00000001490116);
#4606=CIRCLE('',#11520,1.00000001490116);
#4607=CIRCLE('',#11521,1.00000001490116);
#4608=CIRCLE('',#11522,1.00000001490116);
#4609=CIRCLE('',#11523,1.00000001490116);
#4610=CIRCLE('',#11524,1.00000001490116);
#4611=CIRCLE('',#11525,1.00000001490116);
#4612=CIRCLE('',#11526,1.00000001490116);
#4613=CIRCLE('',#11527,1.00000001490116);
#4614=CIRCLE('',#11528,1.00000001490116);
#4615=CIRCLE('',#11529,1.00000001490116);
#4616=CIRCLE('',#11530,1.00000001490116);
#4617=CIRCLE('',#11531,1.00000001490116);
#4618=CIRCLE('',#11532,1.00000001490116);
#4619=CIRCLE('',#11533,1.00000001490116);
#4620=CIRCLE('',#11534,1.00000001490116);
#4621=CIRCLE('',#11535,1.00000001490116);
#4622=CIRCLE('',#11536,1.00000001490116);
#4623=CIRCLE('',#11537,1.00000001490116);
#4624=CIRCLE('',#11538,1.00000001490116);
#4625=CIRCLE('',#11539,1.00000001490116);
#4626=CIRCLE('',#11540,1.00000001490116);
#4627=CIRCLE('',#11541,1.00000001490116);
#4628=CIRCLE('',#11542,1.00000001490116);
#4629=CIRCLE('',#11543,1.00000001490116);
#4630=CIRCLE('',#11544,1.00000001490116);
#4631=CIRCLE('',#11545,1.00000001490116);
#4632=CIRCLE('',#11546,1.00000001490116);
#4633=CIRCLE('',#11547,1.00000001490116);
#4634=CIRCLE('',#11548,1.00000001490116);
#4635=CIRCLE('',#11549,1.00000001490116);
#4636=CIRCLE('',#11550,1.00000001490116);
#4637=CIRCLE('',#11551,1.00000001490116);
#4638=CIRCLE('',#11552,1.00000001490116);
#4639=CIRCLE('',#11553,1.00000001490116);
#4640=CIRCLE('',#11554,1.00000001490116);
#4641=CIRCLE('',#11555,1.00000001490116);
#4642=CIRCLE('',#11556,1.00000001490116);
#4643=CIRCLE('',#11557,1.00000001490116);
#4644=CIRCLE('',#11558,1.00000001490116);
#4645=CIRCLE('',#11559,1.00000001490116);
#4646=CIRCLE('',#11560,1.00000001490116);
#4647=CIRCLE('',#11561,1.00000001490116);
#4648=CIRCLE('',#11562,1.00000001490116);
#4649=CIRCLE('',#11563,1.00000001490116);
#4650=CIRCLE('',#11564,1.00000001490116);
#4651=CIRCLE('',#11565,1.00000001490116);
#4652=CIRCLE('',#11566,1.00000001490116);
#4653=CIRCLE('',#11567,1.00000001490116);
#4654=CIRCLE('',#11568,1.00000001490116);
#4655=CIRCLE('',#11569,1.00000001490116);
#4656=CIRCLE('',#11570,1.00000001490116);
#4657=CIRCLE('',#11571,1.00000001490116);
#4658=CIRCLE('',#11572,1.00000001490116);
#4659=CIRCLE('',#11573,1.00000001490116);
#4660=CIRCLE('',#11574,1.00000001490116);
#4661=CIRCLE('',#11575,1.00000001490116);
#4662=CIRCLE('',#11576,1.00000001490116);
#4663=CIRCLE('',#11577,1.00000001490116);
#4664=CIRCLE('',#11578,1.00000001490116);
#4665=CIRCLE('',#11579,1.00000001490116);
#4666=CIRCLE('',#11580,1.00000001490116);
#4667=CIRCLE('',#11581,1.00000001490116);
#4668=CIRCLE('',#11582,1.00000001490116);
#4669=CIRCLE('',#11583,1.00000001490116);
#4670=CIRCLE('',#11584,1.00000001490116);
#4671=CIRCLE('',#11585,1.00000001490116);
#4672=CIRCLE('',#11586,1.00000001490116);
#4673=CIRCLE('',#11587,1.00000001490116);
#4674=CIRCLE('',#11588,1.00000001490116);
#4675=CIRCLE('',#11589,1.00000001490116);
#4676=CIRCLE('',#11590,1.00000001490116);
#4677=CIRCLE('',#11591,1.00000001490116);
#4678=CIRCLE('',#11592,1.00000001490116);
#4679=CIRCLE('',#11593,1.00000001490116);
#4680=CIRCLE('',#11594,1.00000001490116);
#4681=CIRCLE('',#11595,1.00000001490116);
#4682=CIRCLE('',#11596,1.00000001490116);
#4683=CIRCLE('',#11597,1.00000001490116);
#4684=CIRCLE('',#11598,1.00000001490116);
#4685=CIRCLE('',#11599,1.00000001490116);
#4686=CIRCLE('',#11600,1.00000001490116);
#4687=CIRCLE('',#11601,1.00000001490116);
#4688=CIRCLE('',#11602,1.00000001490116);
#4689=CIRCLE('',#11603,1.00000001490116);
#4690=CIRCLE('',#11604,1.00000001490116);
#4691=CIRCLE('',#11605,1.00000001490116);
#4692=CIRCLE('',#11606,1.00000001490116);
#4693=CIRCLE('',#11607,1.00000001490116);
#4694=CIRCLE('',#11608,1.00000001490116);
#4695=CIRCLE('',#11609,1.00000001490116);
#4696=CIRCLE('',#11610,1.00000001490116);
#4697=CIRCLE('',#11611,1.00000001490116);
#4698=CIRCLE('',#11612,1.00000001490116);
#4699=CIRCLE('',#11613,1.00000001490116);
#4700=CIRCLE('',#11614,1.00000001490116);
#4701=CIRCLE('',#11615,1.00000001490116);
#4702=CIRCLE('',#11616,1.00000001490116);
#4703=CIRCLE('',#11617,1.00000001490116);
#4704=CIRCLE('',#11620,1.00000001490116);
#4705=CIRCLE('',#11621,1.00000001490116);
#4706=CIRCLE('',#11622,1.00000001490116);
#4707=CIRCLE('',#11623,1.00000001490116);
#4708=CIRCLE('',#11624,1.00000001490116);
#4709=CIRCLE('',#11625,1.00000001490116);
#4710=CIRCLE('',#11626,1.00000001490116);
#4711=CIRCLE('',#11627,1.00000001490116);
#4712=CIRCLE('',#11628,1.00000001490116);
#4713=CIRCLE('',#11629,1.00000001490116);
#4714=CIRCLE('',#11630,1.00000001490116);
#4715=CIRCLE('',#11631,1.00000001490116);
#4716=CIRCLE('',#11632,1.00000001490116);
#4717=CIRCLE('',#11633,1.00000001490116);
#4718=CIRCLE('',#11634,1.00000001490116);
#4719=CIRCLE('',#11635,1.00000001490116);
#4720=CIRCLE('',#11636,1.00000001490116);
#4721=CIRCLE('',#11637,1.00000001490116);
#4722=CIRCLE('',#11638,1.00000001490116);
#4723=CIRCLE('',#11639,1.00000001490116);
#4724=CIRCLE('',#11640,1.00000001490116);
#4725=CIRCLE('',#11641,1.00000001490116);
#4726=CIRCLE('',#11642,1.00000001490116);
#4727=CIRCLE('',#11643,1.00000001490116);
#4728=CIRCLE('',#11644,1.00000001490116);
#4729=CIRCLE('',#11645,1.00000001490116);
#4730=CIRCLE('',#11646,1.00000001490116);
#4731=CIRCLE('',#11647,1.00000001490116);
#4732=CIRCLE('',#11648,1.00000001490116);
#4733=CIRCLE('',#11649,1.00000001490116);
#4734=CIRCLE('',#11650,1.00000001490116);
#4735=CIRCLE('',#11651,1.00000001490116);
#4736=CIRCLE('',#11652,1.00000001490116);
#4737=CIRCLE('',#11653,1.00000001490116);
#4738=CIRCLE('',#11654,1.00000001490116);
#4739=CIRCLE('',#11655,1.00000001490116);
#4740=CIRCLE('',#11656,1.00000001490116);
#4741=CIRCLE('',#11657,1.00000001490116);
#4742=CIRCLE('',#11658,1.00000001490116);
#4743=CIRCLE('',#11659,1.00000001490116);
#4744=CIRCLE('',#11660,1.00000001490116);
#4745=CIRCLE('',#11661,1.00000001490116);
#4746=CIRCLE('',#11662,1.00000001490116);
#4747=CIRCLE('',#11663,1.00000001490116);
#4748=CIRCLE('',#11664,1.00000001490116);
#4749=CIRCLE('',#11665,1.00000001490116);
#4750=CIRCLE('',#11666,1.00000001490116);
#4751=CIRCLE('',#11667,1.00000001490116);
#4752=CIRCLE('',#11668,1.00000001490116);
#4753=CIRCLE('',#11669,1.00000001490116);
#4754=CIRCLE('',#11670,1.00000001490116);
#4755=CIRCLE('',#11671,1.00000001490116);
#4756=CIRCLE('',#11672,1.00000001490116);
#4757=CIRCLE('',#11673,1.00000001490116);
#4758=CIRCLE('',#11674,1.00000001490116);
#4759=CIRCLE('',#11675,1.00000001490116);
#4760=CIRCLE('',#11676,1.00000001490116);
#4761=CIRCLE('',#11677,1.00000001490116);
#4762=CIRCLE('',#11678,1.00000001490116);
#4763=CIRCLE('',#11679,1.00000001490116);
#4764=CIRCLE('',#11680,1.00000001490116);
#4765=CIRCLE('',#11681,1.00000001490116);
#4766=CIRCLE('',#11682,1.00000001490116);
#4767=CIRCLE('',#11683,1.00000001490116);
#4768=CIRCLE('',#11684,1.00000001490116);
#4769=CIRCLE('',#11685,1.00000001490116);
#4770=CIRCLE('',#11686,1.00000001490116);
#4771=CIRCLE('',#11687,1.00000001490116);
#4772=CIRCLE('',#11688,1.00000001490116);
#4773=CIRCLE('',#11689,1.00000001490116);
#4774=CIRCLE('',#11690,1.00000001490116);
#4775=CIRCLE('',#11691,1.00000001490116);
#4776=CIRCLE('',#11692,1.00000001490116);
#4777=CIRCLE('',#11693,1.00000001490116);
#4778=CIRCLE('',#11694,1.00000001490116);
#4779=CIRCLE('',#11695,1.00000001490116);
#4780=CIRCLE('',#11696,1.00000001490116);
#4781=CIRCLE('',#11697,1.00000001490116);
#4782=CIRCLE('',#11698,1.00000001490116);
#4783=CIRCLE('',#11699,1.00000001490116);
#4784=CIRCLE('',#11700,1.00000001490116);
#4785=CIRCLE('',#11701,1.00000001490116);
#4786=CIRCLE('',#11702,1.00000001490116);
#4787=CIRCLE('',#11703,1.00000001490116);
#4788=CIRCLE('',#11704,1.00000001490116);
#4789=CIRCLE('',#11705,1.00000001490116);
#4790=CIRCLE('',#11706,1.00000001490116);
#4791=CIRCLE('',#11707,1.00000001490116);
#4792=CIRCLE('',#11708,1.00000001490116);
#4793=CIRCLE('',#11709,1.00000001490116);
#4794=CIRCLE('',#11710,1.00000001490116);
#4795=CIRCLE('',#11711,1.00000001490116);
#4796=CIRCLE('',#11712,1.00000001490116);
#4797=CIRCLE('',#11713,1.00000001490116);
#4798=CIRCLE('',#11714,1.00000001490116);
#4799=CIRCLE('',#11715,1.00000001490116);
#4800=CIRCLE('',#11716,1.00000001490116);
#4801=CIRCLE('',#11717,1.00000001490116);
#4802=CIRCLE('',#11718,1.00000001490116);
#4803=CIRCLE('',#11719,1.00000001490116);
#4804=CIRCLE('',#11720,1.00000001490116);
#4805=CIRCLE('',#11721,1.00000001490116);
#4806=CIRCLE('',#11722,1.00000001490116);
#4807=CIRCLE('',#11723,1.00000001490116);
#4808=CIRCLE('',#11724,1.00000001490116);
#4809=CIRCLE('',#11725,1.00000001490116);
#4810=CIRCLE('',#11726,1.00000001490116);
#4811=CIRCLE('',#11727,1.00000001490116);
#4812=CIRCLE('',#11728,1.00000001490116);
#4813=CIRCLE('',#11729,1.00000001490116);
#4814=CIRCLE('',#11730,1.00000001490116);
#4815=CIRCLE('',#11731,1.00000001490116);
#4816=CIRCLE('',#11732,1.00000001490116);
#4817=CIRCLE('',#11733,1.00000001490116);
#4818=CIRCLE('',#11734,1.00000001490116);
#4819=CIRCLE('',#11735,1.00000001490116);
#4820=CIRCLE('',#11736,1.00000001490116);
#4821=CIRCLE('',#11737,1.00000001490116);
#4822=CIRCLE('',#11738,1.00000001490116);
#4823=CIRCLE('',#11739,1.00000001490116);
#4824=CIRCLE('',#11740,1.00000001490116);
#4825=CIRCLE('',#11741,1.00000001490116);
#4826=CIRCLE('',#11742,1.00000001490116);
#4827=CIRCLE('',#11743,1.00000001490116);
#4828=CIRCLE('',#11744,1.00000001490116);
#4829=CIRCLE('',#11745,1.00000001490116);
#4830=CIRCLE('',#11746,1.00000001490116);
#4831=CIRCLE('',#11747,1.00000001490116);
#4832=CIRCLE('',#11748,1.00000001490116);
#4833=CIRCLE('',#11749,1.00000001490116);
#4834=CIRCLE('',#11750,1.00000001490116);
#4835=CIRCLE('',#11751,1.00000001490116);
#4836=CIRCLE('',#11752,1.00000001490116);
#4837=CIRCLE('',#11753,1.00000001490116);
#4838=CIRCLE('',#11754,1.00000001490116);
#4839=CIRCLE('',#11755,1.00000001490116);
#4840=CIRCLE('',#11756,1.00000001490116);
#4841=CIRCLE('',#11757,1.00000001490116);
#4842=CIRCLE('',#11758,1.00000001490116);
#4843=CIRCLE('',#11759,1.00000001490116);
#4844=CIRCLE('',#11760,1.00000001490116);
#4845=CIRCLE('',#11761,1.00000001490116);
#4846=CIRCLE('',#11762,1.00000001490116);
#4847=CIRCLE('',#11763,1.00000001490116);
#4848=CIRCLE('',#11764,1.00000001490116);
#4849=CIRCLE('',#11765,1.00000001490116);
#4850=CIRCLE('',#11766,1.00000001490116);
#4851=CIRCLE('',#11767,1.00000001490116);
#4852=CIRCLE('',#11768,1.00000001490116);
#4853=CIRCLE('',#11769,1.00000001490116);
#4854=CIRCLE('',#11859,12.);
#4855=CIRCLE('',#11860,12.);
#4856=CIRCLE('',#11861,12.);
#4857=CIRCLE('',#11862,12.);
#4858=CIRCLE('',#11864,1.00000001490116);
#4859=CIRCLE('',#11866,1.00000001490116);
#4860=CIRCLE('',#11868,1.00000001490116);
#4861=CIRCLE('',#11870,1.00000001490116);
#4862=CIRCLE('',#11872,1.00000001490116);
#4863=CIRCLE('',#11874,1.00000001490116);
#4864=CIRCLE('',#11876,1.00000001490116);
#4865=CIRCLE('',#11878,1.00000001490116);
#4866=CIRCLE('',#11880,1.00000001490116);
#4867=CIRCLE('',#11882,1.00000001490116);
#4868=CIRCLE('',#11884,1.00000001490116);
#4869=CIRCLE('',#11886,1.00000001490116);
#4870=CIRCLE('',#11888,1.00000001490116);
#4871=CIRCLE('',#11890,1.00000001490116);
#4872=CIRCLE('',#11892,1.00000001490116);
#4873=CIRCLE('',#11894,1.00000001490116);
#4874=CIRCLE('',#11896,1.00000001490116);
#4875=CIRCLE('',#11898,1.00000001490116);
#4876=CIRCLE('',#11900,1.00000001490116);
#4877=CIRCLE('',#11902,1.00000001490116);
#4878=CIRCLE('',#11904,1.00000001490116);
#4879=CIRCLE('',#11906,1.00000001490116);
#4880=CIRCLE('',#11908,1.00000001490116);
#4881=CIRCLE('',#11910,1.00000001490116);
#4882=CIRCLE('',#11912,1.00000001490116);
#4883=CIRCLE('',#11914,1.00000001490116);
#4884=CIRCLE('',#11916,1.00000001490116);
#4885=CIRCLE('',#11918,1.00000001490116);
#4886=CIRCLE('',#11920,1.00000001490116);
#4887=CIRCLE('',#11922,1.00000001490116);
#4888=CIRCLE('',#11924,1.00000001490116);
#4889=CIRCLE('',#11926,1.00000001490116);
#4890=CIRCLE('',#11928,1.00000001490116);
#4891=CIRCLE('',#11930,1.00000001490116);
#4892=CIRCLE('',#11932,1.00000001490116);
#4893=CIRCLE('',#11934,1.00000001490116);
#4894=CIRCLE('',#11936,1.00000001490116);
#4895=CIRCLE('',#11938,1.00000001490116);
#4896=CIRCLE('',#11940,1.00000001490116);
#4897=CIRCLE('',#11942,1.00000001490116);
#4898=CIRCLE('',#11944,1.00000001490116);
#4899=CIRCLE('',#11946,1.00000001490116);
#4900=CIRCLE('',#11948,1.00000001490116);
#4901=CIRCLE('',#11950,1.00000001490116);
#4902=CIRCLE('',#11952,1.00000001490116);
#4903=CIRCLE('',#11954,1.00000001490116);
#4904=CIRCLE('',#11956,1.00000001490116);
#4905=CIRCLE('',#11958,1.00000001490116);
#4906=CIRCLE('',#11960,1.00000001490116);
#4907=CIRCLE('',#11962,1.00000001490116);
#4908=CIRCLE('',#11964,1.00000001490116);
#4909=CIRCLE('',#11966,1.00000001490116);
#4910=CIRCLE('',#11968,1.00000001490116);
#4911=CIRCLE('',#11970,1.00000001490116);
#4912=CIRCLE('',#11972,1.00000001490116);
#4913=CIRCLE('',#11974,1.00000001490116);
#4914=CIRCLE('',#11976,1.00000001490116);
#4915=CIRCLE('',#11978,1.00000001490116);
#4916=CIRCLE('',#11980,1.00000001490116);
#4917=CIRCLE('',#11982,1.00000001490116);
#4918=CIRCLE('',#11984,1.00000001490116);
#4919=CIRCLE('',#11986,1.00000001490116);
#4920=CIRCLE('',#11988,1.00000001490116);
#4921=CIRCLE('',#11990,1.00000001490116);
#4922=CIRCLE('',#11992,1.00000001490116);
#4923=CIRCLE('',#11994,1.00000001490116);
#4924=CIRCLE('',#11996,1.00000001490116);
#4925=CIRCLE('',#11998,1.00000001490116);
#4926=CIRCLE('',#12000,1.00000001490116);
#4927=CIRCLE('',#12002,1.00000001490116);
#4928=CIRCLE('',#12004,1.00000001490116);
#4929=CIRCLE('',#12006,1.00000001490116);
#4930=CIRCLE('',#12008,1.00000001490116);
#4931=CIRCLE('',#12010,1.00000001490116);
#4932=CIRCLE('',#12012,1.00000001490116);
#4933=CIRCLE('',#12014,1.00000001490116);
#4934=CIRCLE('',#12016,1.00000001490116);
#4935=CIRCLE('',#12018,1.00000001490116);
#4936=CIRCLE('',#12020,1.00000001490116);
#4937=CIRCLE('',#12022,1.00000001490116);
#4938=CIRCLE('',#12024,1.00000001490116);
#4939=CIRCLE('',#12026,1.00000001490116);
#4940=CIRCLE('',#12028,1.00000001490116);
#4941=CIRCLE('',#12030,1.00000001490116);
#4942=CIRCLE('',#12032,1.00000001490116);
#4943=CIRCLE('',#12034,1.00000001490116);
#4944=CIRCLE('',#12036,1.00000001490116);
#4945=CIRCLE('',#12038,1.00000001490116);
#4946=CIRCLE('',#12040,1.00000001490116);
#4947=CIRCLE('',#12042,1.00000001490116);
#4948=CIRCLE('',#12044,1.00000001490116);
#4949=CIRCLE('',#12046,1.00000001490116);
#4950=CIRCLE('',#12048,1.00000001490116);
#4951=CIRCLE('',#12050,1.00000001490116);
#4952=CIRCLE('',#12052,1.00000001490116);
#4953=CIRCLE('',#12054,1.00000001490116);
#4954=CIRCLE('',#12056,1.00000001490116);
#4955=CIRCLE('',#12058,1.00000001490116);
#4956=CIRCLE('',#12060,1.00000001490116);
#4957=CIRCLE('',#12062,1.00000001490116);
#4958=CIRCLE('',#12064,1.00000001490116);
#4959=CIRCLE('',#12066,1.00000001490116);
#4960=CIRCLE('',#12068,1.00000001490116);
#4961=CIRCLE('',#12070,1.00000001490116);
#4962=CIRCLE('',#12072,1.00000001490116);
#4963=CIRCLE('',#12074,1.00000001490116);
#4964=CIRCLE('',#12076,1.00000001490116);
#4965=CIRCLE('',#12078,1.00000001490116);
#4966=CIRCLE('',#12080,1.00000001490116);
#4967=CIRCLE('',#12082,1.00000001490116);
#4968=CIRCLE('',#12084,1.00000001490116);
#4969=CIRCLE('',#12086,1.00000001490116);
#4970=CIRCLE('',#12088,1.00000001490116);
#4971=CIRCLE('',#12090,1.00000001490116);
#4972=CIRCLE('',#12092,1.00000001490116);
#4973=CIRCLE('',#12094,1.00000001490116);
#4974=CIRCLE('',#12096,1.00000001490116);
#4975=CIRCLE('',#12098,1.00000001490116);
#4976=CIRCLE('',#12100,1.00000001490116);
#4977=CIRCLE('',#12102,1.00000001490116);
#4978=CIRCLE('',#12104,1.00000001490116);
#4979=CIRCLE('',#12106,1.00000001490116);
#4980=CIRCLE('',#12108,1.00000001490116);
#4981=CIRCLE('',#12110,1.00000001490116);
#4982=CIRCLE('',#12112,1.00000001490116);
#4983=CIRCLE('',#12114,1.00000001490116);
#4984=CIRCLE('',#12116,1.00000001490116);
#4985=CIRCLE('',#12118,1.00000001490116);
#4986=CIRCLE('',#12120,1.00000001490116);
#4987=CIRCLE('',#12122,1.00000001490116);
#4988=CIRCLE('',#12124,1.00000001490116);
#4989=CIRCLE('',#12126,1.00000001490116);
#4990=CIRCLE('',#12128,1.00000001490116);
#4991=CIRCLE('',#12130,1.00000001490116);
#4992=CIRCLE('',#12132,1.00000001490116);
#4993=CIRCLE('',#12134,1.00000001490116);
#4994=CIRCLE('',#12136,1.00000001490116);
#4995=CIRCLE('',#12138,1.00000001490116);
#4996=CIRCLE('',#12140,1.00000001490116);
#4997=CIRCLE('',#12142,1.00000001490116);
#4998=CIRCLE('',#12144,1.00000001490116);
#4999=CIRCLE('',#12146,1.00000001490116);
#5000=CIRCLE('',#12148,1.00000001490116);
#5001=CIRCLE('',#12150,1.00000001490116);
#5002=CIRCLE('',#12152,1.00000001490116);
#5003=CIRCLE('',#12154,1.00000001490116);
#5004=CIRCLE('',#12156,1.00000001490116);
#5005=CIRCLE('',#12158,1.00000001490116);
#5006=CIRCLE('',#12160,1.00000001490116);
#5007=CIRCLE('',#12162,1.00000001490116);
#5008=CIRCLE('',#12164,1.00000001490116);
#5009=CIRCLE('',#12166,1.00000001490116);
#5010=CIRCLE('',#12168,1.00000001490116);
#5011=CIRCLE('',#12170,1.00000001490116);
#5012=CIRCLE('',#12172,1.00000001490116);
#5013=CIRCLE('',#12174,1.00000001490116);
#5014=CIRCLE('',#12176,1.00000001490116);
#5015=CIRCLE('',#12178,1.00000001490116);
#5016=CIRCLE('',#12180,1.00000001490116);
#5017=CIRCLE('',#12182,1.00000001490116);
#5018=CIRCLE('',#12184,1.00000001490116);
#5019=CIRCLE('',#12186,1.00000001490116);
#5020=CIRCLE('',#12188,1.00000001490116);
#5021=CIRCLE('',#12190,1.00000001490116);
#5022=CIRCLE('',#12192,1.00000001490116);
#5023=CIRCLE('',#12194,1.00000001490116);
#5024=CIRCLE('',#12196,1.00000001490116);
#5025=CIRCLE('',#12198,1.00000001490116);
#5026=CIRCLE('',#12200,1.00000001490116);
#5027=CIRCLE('',#12202,1.00000001490116);
#5028=CIRCLE('',#12204,1.00000001490116);
#5029=CIRCLE('',#12206,1.00000001490116);
#5030=CIRCLE('',#12208,1.00000001490116);
#5031=CIRCLE('',#12210,1.00000001490116);
#5032=CIRCLE('',#12212,1.00000001490116);
#5033=CIRCLE('',#12214,1.00000001490116);
#5034=CIRCLE('',#12216,1.00000001490116);
#5035=CIRCLE('',#12218,1.00000001490116);
#5036=CIRCLE('',#12220,1.00000001490116);
#5037=CIRCLE('',#12222,1.00000001490116);
#5038=CIRCLE('',#12224,1.00000001490116);
#5039=CIRCLE('',#12226,1.00000001490116);
#5040=CIRCLE('',#12228,1.00000001490116);
#5041=CIRCLE('',#12230,1.00000001490116);
#5042=CIRCLE('',#12232,1.00000001490116);
#5043=CIRCLE('',#12234,1.00000001490116);
#5044=CIRCLE('',#12236,1.00000001490116);
#5045=CIRCLE('',#12238,1.00000001490116);
#5046=CIRCLE('',#12240,1.00000001490116);
#5047=CIRCLE('',#12242,1.00000001490116);
#5048=CIRCLE('',#12244,1.00000001490116);
#5049=CIRCLE('',#12246,1.00000001490116);
#5050=CIRCLE('',#12248,1.00000001490116);
#5051=CIRCLE('',#12250,1.00000001490116);
#5052=CIRCLE('',#12252,1.00000001490116);
#5053=CIRCLE('',#12254,1.00000001490116);
#5054=CIRCLE('',#12256,1.00000001490116);
#5055=CIRCLE('',#12258,1.00000001490116);
#5056=CIRCLE('',#12260,1.00000001490116);
#5057=CIRCLE('',#12262,1.00000001490116);
#5058=CIRCLE('',#12264,1.00000001490116);
#5059=CIRCLE('',#12266,1.00000001490116);
#5060=CIRCLE('',#12268,1.00000001490116);
#5061=CIRCLE('',#12270,1.00000001490116);
#5062=CIRCLE('',#12272,1.00000001490116);
#5063=CIRCLE('',#12274,1.00000001490116);
#5064=CIRCLE('',#12276,1.00000001490116);
#5065=CIRCLE('',#12278,1.00000001490116);
#5066=CIRCLE('',#12280,1.00000001490116);
#5067=CIRCLE('',#12282,1.00000001490116);
#5068=CIRCLE('',#12284,1.00000001490116);
#5069=CIRCLE('',#12286,1.00000001490116);
#5070=CIRCLE('',#12288,1.00000001490116);
#5071=CIRCLE('',#12290,1.00000001490116);
#5072=CIRCLE('',#12292,1.00000001490116);
#5073=CIRCLE('',#12294,1.00000001490116);
#5074=CIRCLE('',#12296,1.00000001490116);
#5075=CIRCLE('',#12298,1.00000001490116);
#5076=CIRCLE('',#12300,1.00000001490116);
#5077=CIRCLE('',#12302,1.00000001490116);
#5078=CIRCLE('',#12304,1.00000001490116);
#5079=CIRCLE('',#12306,1.00000001490116);
#5080=CIRCLE('',#12308,1.00000001490116);
#5081=CIRCLE('',#12310,1.00000001490116);
#5082=CIRCLE('',#12312,1.00000001490116);
#5083=CIRCLE('',#12314,1.00000001490116);
#5084=CIRCLE('',#12316,1.00000001490116);
#5085=CIRCLE('',#12318,1.00000001490116);
#5086=CIRCLE('',#12320,1.00000001490116);
#5087=CIRCLE('',#12322,1.00000001490116);
#5088=CIRCLE('',#12324,1.00000001490116);
#5089=CIRCLE('',#12326,1.00000001490116);
#5090=CIRCLE('',#12328,1.00000001490116);
#5091=CIRCLE('',#12330,1.00000001490116);
#5092=CIRCLE('',#12332,1.00000001490116);
#5093=CIRCLE('',#12334,1.00000001490116);
#5094=CIRCLE('',#12336,1.00000001490116);
#5095=CIRCLE('',#12338,1.00000001490116);
#5096=CIRCLE('',#12340,1.00000001490116);
#5097=CIRCLE('',#12342,1.00000001490116);
#5098=CIRCLE('',#12344,1.00000001490116);
#5099=CIRCLE('',#12346,1.00000001490116);
#5100=CIRCLE('',#12348,1.00000001490116);
#5101=CIRCLE('',#12350,1.00000001490116);
#5102=CIRCLE('',#12352,1.00000001490116);
#5103=CIRCLE('',#12354,1.00000001490116);
#5104=CIRCLE('',#12356,1.00000001490116);
#5105=CIRCLE('',#12358,1.00000001490116);
#5106=CIRCLE('',#12360,1.00000001490116);
#5107=CIRCLE('',#12362,1.00000001490116);
#5108=CIRCLE('',#12364,1.00000001490116);
#5109=CIRCLE('',#12366,1.00000001490116);
#5110=CIRCLE('',#12368,1.00000001490116);
#5111=CIRCLE('',#12370,1.00000001490116);
#5112=CIRCLE('',#12372,1.00000001490116);
#5113=CIRCLE('',#12374,1.00000001490116);
#5114=CIRCLE('',#12376,1.00000001490116);
#5115=CIRCLE('',#12378,1.00000001490116);
#5116=CIRCLE('',#12380,1.00000001490116);
#5117=CIRCLE('',#12382,1.00000001490116);
#5118=CIRCLE('',#12384,1.00000001490116);
#5119=CIRCLE('',#12386,1.00000001490116);
#5120=CIRCLE('',#12388,1.00000001490116);
#5121=CIRCLE('',#12390,1.00000001490116);
#5122=CIRCLE('',#12392,1.00000001490116);
#5123=CIRCLE('',#12394,1.00000001490116);
#5124=CIRCLE('',#12396,1.00000001490116);
#5125=CIRCLE('',#12398,1.00000001490116);
#5126=CIRCLE('',#12400,1.00000001490116);
#5127=CIRCLE('',#12402,1.00000001490116);
#5128=CIRCLE('',#12404,1.00000001490116);
#5129=CIRCLE('',#12406,1.00000001490116);
#5130=CIRCLE('',#12408,1.00000001490116);
#5131=CIRCLE('',#12410,1.00000001490116);
#5132=CIRCLE('',#12412,1.00000001490116);
#5133=CIRCLE('',#12414,1.00000001490116);
#5134=CIRCLE('',#12416,1.00000001490116);
#5135=CIRCLE('',#12418,1.00000001490116);
#5136=CIRCLE('',#12420,1.00000001490116);
#5137=CIRCLE('',#12422,1.00000001490116);
#5138=CIRCLE('',#12424,1.00000001490116);
#5139=CIRCLE('',#12426,1.00000001490116);
#5140=CIRCLE('',#12428,1.00000001490116);
#5141=CIRCLE('',#12430,1.00000001490116);
#5142=CIRCLE('',#12432,1.00000001490116);
#5143=CIRCLE('',#12434,1.00000001490116);
#5144=CIRCLE('',#12436,1.00000001490116);
#5145=CIRCLE('',#12438,1.00000001490116);
#5146=CIRCLE('',#12440,1.00000001490116);
#5147=CIRCLE('',#12442,1.00000001490116);
#5148=CIRCLE('',#12444,1.00000001490116);
#5149=CIRCLE('',#12446,1.00000001490116);
#5150=CIRCLE('',#12448,1.00000001490116);
#5151=CIRCLE('',#12450,1.00000001490116);
#5152=CIRCLE('',#12452,1.00000001490116);
#5153=CIRCLE('',#12454,1.00000001490116);
#5154=CIRCLE('',#12456,1.00000001490116);
#5155=CIRCLE('',#12458,1.00000001490116);
#5156=CIRCLE('',#12460,1.00000001490116);
#5157=CIRCLE('',#12462,1.00000001490116);
#5158=CIRCLE('',#12468,12.);
#5159=CIRCLE('',#12470,12.);
#5160=CIRCLE('',#12472,12.);
#5161=CIRCLE('',#12474,12.);
#5162=VERTEX_POINT('',#15374);
#5163=VERTEX_POINT('',#15376);
#5164=VERTEX_POINT('',#15380);
#5165=VERTEX_POINT('',#15384);
#5166=VERTEX_POINT('',#15386);
#5167=VERTEX_POINT('',#15390);
#5168=VERTEX_POINT('',#15394);
#5169=VERTEX_POINT('',#15395);
#5170=VERTEX_POINT('',#15397);
#5171=VERTEX_POINT('',#15401);
#5172=VERTEX_POINT('',#15402);
#5173=VERTEX_POINT('',#15404);
#5174=VERTEX_POINT('',#15411);
#5175=VERTEX_POINT('',#15413);
#5176=VERTEX_POINT('',#15417);
#5177=VERTEX_POINT('',#15418);
#5178=VERTEX_POINT('',#15420);
#5179=VERTEX_POINT('',#15424);
#5180=VERTEX_POINT('',#15425);
#5181=VERTEX_POINT('',#15427);
#5182=VERTEX_POINT('',#15437);
#5183=VERTEX_POINT('',#15438);
#5184=VERTEX_POINT('',#15440);
#5185=VERTEX_POINT('',#15450);
#5186=VERTEX_POINT('',#15451);
#5187=VERTEX_POINT('',#15453);
#5188=VERTEX_POINT('',#15463);
#5189=VERTEX_POINT('',#15465);
#5190=VERTEX_POINT('',#15477);
#5191=VERTEX_POINT('',#15479);
#5192=VERTEX_POINT('',#15481);
#5193=VERTEX_POINT('',#15483);
#5194=VERTEX_POINT('',#15485);
#5195=VERTEX_POINT('',#15487);
#5196=VERTEX_POINT('',#15489);
#5197=VERTEX_POINT('',#15491);
#5198=VERTEX_POINT('',#15493);
#5199=VERTEX_POINT('',#15495);
#5200=VERTEX_POINT('',#15497);
#5201=VERTEX_POINT('',#15499);
#5202=VERTEX_POINT('',#15501);
#5203=VERTEX_POINT('',#15503);
#5204=VERTEX_POINT('',#15505);
#5205=VERTEX_POINT('',#15507);
#5206=VERTEX_POINT('',#15509);
#5207=VERTEX_POINT('',#15511);
#5208=VERTEX_POINT('',#15513);
#5209=VERTEX_POINT('',#15515);
#5210=VERTEX_POINT('',#15517);
#5211=VERTEX_POINT('',#15519);
#5212=VERTEX_POINT('',#15521);
#5213=VERTEX_POINT('',#15523);
#5214=VERTEX_POINT('',#15525);
#5215=VERTEX_POINT('',#15527);
#5216=VERTEX_POINT('',#15529);
#5217=VERTEX_POINT('',#15531);
#5218=VERTEX_POINT('',#15533);
#5219=VERTEX_POINT('',#15535);
#5220=VERTEX_POINT('',#15537);
#5221=VERTEX_POINT('',#15539);
#5222=VERTEX_POINT('',#15541);
#5223=VERTEX_POINT('',#15543);
#5224=VERTEX_POINT('',#15545);
#5225=VERTEX_POINT('',#15547);
#5226=VERTEX_POINT('',#15549);
#5227=VERTEX_POINT('',#15551);
#5228=VERTEX_POINT('',#15553);
#5229=VERTEX_POINT('',#15555);
#5230=VERTEX_POINT('',#15557);
#5231=VERTEX_POINT('',#15559);
#5232=VERTEX_POINT('',#15561);
#5233=VERTEX_POINT('',#15563);
#5234=VERTEX_POINT('',#15565);
#5235=VERTEX_POINT('',#15567);
#5236=VERTEX_POINT('',#15569);
#5237=VERTEX_POINT('',#15571);
#5238=VERTEX_POINT('',#15573);
#5239=VERTEX_POINT('',#15575);
#5240=VERTEX_POINT('',#15577);
#5241=VERTEX_POINT('',#15579);
#5242=VERTEX_POINT('',#15581);
#5243=VERTEX_POINT('',#15583);
#5244=VERTEX_POINT('',#15585);
#5245=VERTEX_POINT('',#15587);
#5246=VERTEX_POINT('',#15589);
#5247=VERTEX_POINT('',#15591);
#5248=VERTEX_POINT('',#15593);
#5249=VERTEX_POINT('',#15595);
#5250=VERTEX_POINT('',#15597);
#5251=VERTEX_POINT('',#15599);
#5252=VERTEX_POINT('',#15601);
#5253=VERTEX_POINT('',#15603);
#5254=VERTEX_POINT('',#15605);
#5255=VERTEX_POINT('',#15607);
#5256=VERTEX_POINT('',#15609);
#5257=VERTEX_POINT('',#15611);
#5258=VERTEX_POINT('',#15613);
#5259=VERTEX_POINT('',#15615);
#5260=VERTEX_POINT('',#15617);
#5261=VERTEX_POINT('',#15619);
#5262=VERTEX_POINT('',#15621);
#5263=VERTEX_POINT('',#15623);
#5264=VERTEX_POINT('',#15625);
#5265=VERTEX_POINT('',#15627);
#5266=VERTEX_POINT('',#15629);
#5267=VERTEX_POINT('',#15631);
#5268=VERTEX_POINT('',#15633);
#5269=VERTEX_POINT('',#15635);
#5270=VERTEX_POINT('',#15637);
#5271=VERTEX_POINT('',#15639);
#5272=VERTEX_POINT('',#15641);
#5273=VERTEX_POINT('',#15643);
#5274=VERTEX_POINT('',#15645);
#5275=VERTEX_POINT('',#15647);
#5276=VERTEX_POINT('',#15649);
#5277=VERTEX_POINT('',#15651);
#5278=VERTEX_POINT('',#15653);
#5279=VERTEX_POINT('',#15655);
#5280=VERTEX_POINT('',#15657);
#5281=VERTEX_POINT('',#15659);
#5282=VERTEX_POINT('',#15661);
#5283=VERTEX_POINT('',#15663);
#5284=VERTEX_POINT('',#15665);
#5285=VERTEX_POINT('',#15667);
#5286=VERTEX_POINT('',#15669);
#5287=VERTEX_POINT('',#15671);
#5288=VERTEX_POINT('',#15673);
#5289=VERTEX_POINT('',#15675);
#5290=VERTEX_POINT('',#15677);
#5291=VERTEX_POINT('',#15679);
#5292=VERTEX_POINT('',#15681);
#5293=VERTEX_POINT('',#15683);
#5294=VERTEX_POINT('',#15685);
#5295=VERTEX_POINT('',#15687);
#5296=VERTEX_POINT('',#15689);
#5297=VERTEX_POINT('',#15691);
#5298=VERTEX_POINT('',#15693);
#5299=VERTEX_POINT('',#15695);
#5300=VERTEX_POINT('',#15697);
#5301=VERTEX_POINT('',#15699);
#5302=VERTEX_POINT('',#15701);
#5303=VERTEX_POINT('',#15703);
#5304=VERTEX_POINT('',#15705);
#5305=VERTEX_POINT('',#15707);
#5306=VERTEX_POINT('',#15709);
#5307=VERTEX_POINT('',#15711);
#5308=VERTEX_POINT('',#15713);
#5309=VERTEX_POINT('',#15715);
#5310=VERTEX_POINT('',#15717);
#5311=VERTEX_POINT('',#15719);
#5312=VERTEX_POINT('',#15721);
#5313=VERTEX_POINT('',#15723);
#5314=VERTEX_POINT('',#15725);
#5315=VERTEX_POINT('',#15727);
#5316=VERTEX_POINT('',#15729);
#5317=VERTEX_POINT('',#15731);
#5318=VERTEX_POINT('',#15733);
#5319=VERTEX_POINT('',#15735);
#5320=VERTEX_POINT('',#15737);
#5321=VERTEX_POINT('',#15739);
#5322=VERTEX_POINT('',#15741);
#5323=VERTEX_POINT('',#15743);
#5324=VERTEX_POINT('',#15745);
#5325=VERTEX_POINT('',#15747);
#5326=VERTEX_POINT('',#15749);
#5327=VERTEX_POINT('',#15751);
#5328=VERTEX_POINT('',#15753);
#5329=VERTEX_POINT('',#15755);
#5330=VERTEX_POINT('',#15757);
#5331=VERTEX_POINT('',#15759);
#5332=VERTEX_POINT('',#15761);
#5333=VERTEX_POINT('',#15763);
#5334=VERTEX_POINT('',#15765);
#5335=VERTEX_POINT('',#15767);
#5336=VERTEX_POINT('',#15769);
#5337=VERTEX_POINT('',#15771);
#5338=VERTEX_POINT('',#15773);
#5339=VERTEX_POINT('',#15775);
#5340=VERTEX_POINT('',#15778);
#5341=VERTEX_POINT('',#15779);
#5342=VERTEX_POINT('',#15781);
#5343=VERTEX_POINT('',#15783);
#5344=VERTEX_POINT('',#15787);
#5345=VERTEX_POINT('',#15789);
#5346=VERTEX_POINT('',#15791);
#5347=VERTEX_POINT('',#15793);
#5348=VERTEX_POINT('',#15795);
#5349=VERTEX_POINT('',#15797);
#5350=VERTEX_POINT('',#15799);
#5351=VERTEX_POINT('',#15801);
#5352=VERTEX_POINT('',#15803);
#5353=VERTEX_POINT('',#15805);
#5354=VERTEX_POINT('',#15807);
#5355=VERTEX_POINT('',#15809);
#5356=VERTEX_POINT('',#15811);
#5357=VERTEX_POINT('',#15813);
#5358=VERTEX_POINT('',#15815);
#5359=VERTEX_POINT('',#15817);
#5360=VERTEX_POINT('',#15819);
#5361=VERTEX_POINT('',#15821);
#5362=VERTEX_POINT('',#15823);
#5363=VERTEX_POINT('',#15825);
#5364=VERTEX_POINT('',#15827);
#5365=VERTEX_POINT('',#15829);
#5366=VERTEX_POINT('',#15831);
#5367=VERTEX_POINT('',#15833);
#5368=VERTEX_POINT('',#15835);
#5369=VERTEX_POINT('',#15837);
#5370=VERTEX_POINT('',#15839);
#5371=VERTEX_POINT('',#15841);
#5372=VERTEX_POINT('',#15843);
#5373=VERTEX_POINT('',#15845);
#5374=VERTEX_POINT('',#15847);
#5375=VERTEX_POINT('',#15849);
#5376=VERTEX_POINT('',#15851);
#5377=VERTEX_POINT('',#15853);
#5378=VERTEX_POINT('',#15855);
#5379=VERTEX_POINT('',#15857);
#5380=VERTEX_POINT('',#15859);
#5381=VERTEX_POINT('',#15861);
#5382=VERTEX_POINT('',#15863);
#5383=VERTEX_POINT('',#15865);
#5384=VERTEX_POINT('',#15867);
#5385=VERTEX_POINT('',#15869);
#5386=VERTEX_POINT('',#15871);
#5387=VERTEX_POINT('',#15873);
#5388=VERTEX_POINT('',#15875);
#5389=VERTEX_POINT('',#15877);
#5390=VERTEX_POINT('',#15879);
#5391=VERTEX_POINT('',#15881);
#5392=VERTEX_POINT('',#15883);
#5393=VERTEX_POINT('',#15885);
#5394=VERTEX_POINT('',#15887);
#5395=VERTEX_POINT('',#15889);
#5396=VERTEX_POINT('',#15891);
#5397=VERTEX_POINT('',#15893);
#5398=VERTEX_POINT('',#15895);
#5399=VERTEX_POINT('',#15897);
#5400=VERTEX_POINT('',#15899);
#5401=VERTEX_POINT('',#15901);
#5402=VERTEX_POINT('',#15903);
#5403=VERTEX_POINT('',#15905);
#5404=VERTEX_POINT('',#15907);
#5405=VERTEX_POINT('',#15909);
#5406=VERTEX_POINT('',#15911);
#5407=VERTEX_POINT('',#15913);
#5408=VERTEX_POINT('',#15915);
#5409=VERTEX_POINT('',#15917);
#5410=VERTEX_POINT('',#15919);
#5411=VERTEX_POINT('',#15921);
#5412=VERTEX_POINT('',#15923);
#5413=VERTEX_POINT('',#15925);
#5414=VERTEX_POINT('',#15927);
#5415=VERTEX_POINT('',#15929);
#5416=VERTEX_POINT('',#15931);
#5417=VERTEX_POINT('',#15933);
#5418=VERTEX_POINT('',#15935);
#5419=VERTEX_POINT('',#15937);
#5420=VERTEX_POINT('',#15939);
#5421=VERTEX_POINT('',#15941);
#5422=VERTEX_POINT('',#15943);
#5423=VERTEX_POINT('',#15945);
#5424=VERTEX_POINT('',#15947);
#5425=VERTEX_POINT('',#15949);
#5426=VERTEX_POINT('',#15951);
#5427=VERTEX_POINT('',#15953);
#5428=VERTEX_POINT('',#15955);
#5429=VERTEX_POINT('',#15957);
#5430=VERTEX_POINT('',#15959);
#5431=VERTEX_POINT('',#15961);
#5432=VERTEX_POINT('',#15963);
#5433=VERTEX_POINT('',#15965);
#5434=VERTEX_POINT('',#15967);
#5435=VERTEX_POINT('',#15969);
#5436=VERTEX_POINT('',#15971);
#5437=VERTEX_POINT('',#15973);
#5438=VERTEX_POINT('',#15975);
#5439=VERTEX_POINT('',#15977);
#5440=VERTEX_POINT('',#15979);
#5441=VERTEX_POINT('',#15981);
#5442=VERTEX_POINT('',#15983);
#5443=VERTEX_POINT('',#15985);
#5444=VERTEX_POINT('',#15987);
#5445=VERTEX_POINT('',#15989);
#5446=VERTEX_POINT('',#15991);
#5447=VERTEX_POINT('',#15993);
#5448=VERTEX_POINT('',#15995);
#5449=VERTEX_POINT('',#15997);
#5450=VERTEX_POINT('',#15999);
#5451=VERTEX_POINT('',#16001);
#5452=VERTEX_POINT('',#16003);
#5453=VERTEX_POINT('',#16005);
#5454=VERTEX_POINT('',#16007);
#5455=VERTEX_POINT('',#16009);
#5456=VERTEX_POINT('',#16011);
#5457=VERTEX_POINT('',#16013);
#5458=VERTEX_POINT('',#16015);
#5459=VERTEX_POINT('',#16017);
#5460=VERTEX_POINT('',#16019);
#5461=VERTEX_POINT('',#16021);
#5462=VERTEX_POINT('',#16023);
#5463=VERTEX_POINT('',#16025);
#5464=VERTEX_POINT('',#16027);
#5465=VERTEX_POINT('',#16029);
#5466=VERTEX_POINT('',#16031);
#5467=VERTEX_POINT('',#16033);
#5468=VERTEX_POINT('',#16035);
#5469=VERTEX_POINT('',#16037);
#5470=VERTEX_POINT('',#16039);
#5471=VERTEX_POINT('',#16041);
#5472=VERTEX_POINT('',#16043);
#5473=VERTEX_POINT('',#16045);
#5474=VERTEX_POINT('',#16047);
#5475=VERTEX_POINT('',#16049);
#5476=VERTEX_POINT('',#16051);
#5477=VERTEX_POINT('',#16053);
#5478=VERTEX_POINT('',#16055);
#5479=VERTEX_POINT('',#16057);
#5480=VERTEX_POINT('',#16059);
#5481=VERTEX_POINT('',#16061);
#5482=VERTEX_POINT('',#16063);
#5483=VERTEX_POINT('',#16065);
#5484=VERTEX_POINT('',#16067);
#5485=VERTEX_POINT('',#16069);
#5486=VERTEX_POINT('',#16071);
#5487=VERTEX_POINT('',#16073);
#5488=VERTEX_POINT('',#16075);
#5489=VERTEX_POINT('',#16077);
#5490=VERTEX_POINT('',#16079);
#5491=VERTEX_POINT('',#16081);
#5492=VERTEX_POINT('',#16083);
#5493=VERTEX_POINT('',#16085);
#5494=VERTEX_POINT('',#16088);
#5495=VERTEX_POINT('',#16089);
#5496=VERTEX_POINT('',#16091);
#5497=VERTEX_POINT('',#16093);
#5498=VERTEX_POINT('',#16096);
#5499=VERTEX_POINT('',#16097);
#5500=VERTEX_POINT('',#16099);
#5501=VERTEX_POINT('',#16101);
#5502=VERTEX_POINT('',#16104);
#5503=VERTEX_POINT('',#16105);
#5504=VERTEX_POINT('',#16107);
#5505=VERTEX_POINT('',#16109);
#5506=VERTEX_POINT('',#16111);
#5507=VERTEX_POINT('',#16113);
#5508=VERTEX_POINT('',#16115);
#5509=VERTEX_POINT('',#16117);
#5510=VERTEX_POINT('',#16120);
#5511=VERTEX_POINT('',#16121);
#5512=VERTEX_POINT('',#16123);
#5513=VERTEX_POINT('',#16125);
#5514=VERTEX_POINT('',#16127);
#5515=VERTEX_POINT('',#16129);
#5516=VERTEX_POINT('',#16131);
#5517=VERTEX_POINT('',#16133);
#5518=VERTEX_POINT('',#16135);
#5519=VERTEX_POINT('',#16141);
#5520=VERTEX_POINT('',#16147);
#5521=VERTEX_POINT('',#16153);
#5522=VERTEX_POINT('',#16155);
#5523=VERTEX_POINT('',#16161);
#5524=VERTEX_POINT('',#16167);
#5525=VERTEX_POINT('',#16173);
#5526=VERTEX_POINT('',#16179);
#5527=VERTEX_POINT('',#16181);
#5528=VERTEX_POINT('',#16183);
#5529=VERTEX_POINT('',#16186);
#5530=VERTEX_POINT('',#16187);
#5531=VERTEX_POINT('',#16189);
#5532=VERTEX_POINT('',#16191);
#5533=VERTEX_POINT('',#16193);
#5534=VERTEX_POINT('',#16195);
#5535=VERTEX_POINT('',#16197);
#5536=VERTEX_POINT('',#16199);
#5537=VERTEX_POINT('',#16201);
#5538=VERTEX_POINT('',#16203);
#5539=VERTEX_POINT('',#16206);
#5540=VERTEX_POINT('',#16207);
#5541=VERTEX_POINT('',#16213);
#5542=VERTEX_POINT('',#16215);
#5543=VERTEX_POINT('',#16217);
#5544=VERTEX_POINT('',#16223);
#5545=VERTEX_POINT('',#16229);
#5546=VERTEX_POINT('',#16235);
#5547=VERTEX_POINT('',#16241);
#5548=VERTEX_POINT('',#16243);
#5549=VERTEX_POINT('',#16249);
#5550=VERTEX_POINT('',#16255);
#5551=VERTEX_POINT('',#16261);
#5552=VERTEX_POINT('',#16267);
#5553=VERTEX_POINT('',#16273);
#5554=VERTEX_POINT('',#16279);
#5555=VERTEX_POINT('',#16285);
#5556=VERTEX_POINT('',#16296);
#5557=VERTEX_POINT('',#16297);
#5558=VERTEX_POINT('',#16299);
#5559=VERTEX_POINT('',#16301);
#5560=VERTEX_POINT('',#16303);
#5561=VERTEX_POINT('',#16305);
#5562=VERTEX_POINT('',#16307);
#5563=VERTEX_POINT('',#16309);
#5564=VERTEX_POINT('',#16311);
#5565=VERTEX_POINT('',#16317);
#5566=VERTEX_POINT('',#16323);
#5567=VERTEX_POINT('',#16329);
#5568=VERTEX_POINT('',#16331);
#5569=VERTEX_POINT('',#16337);
#5570=VERTEX_POINT('',#16343);
#5571=VERTEX_POINT('',#16349);
#5572=VERTEX_POINT('',#16355);
#5573=VERTEX_POINT('',#16357);
#5574=VERTEX_POINT('',#16359);
#5575=VERTEX_POINT('',#16362);
#5576=VERTEX_POINT('',#16363);
#5577=VERTEX_POINT('',#16365);
#5578=VERTEX_POINT('',#16367);
#5579=VERTEX_POINT('',#16369);
#5580=VERTEX_POINT('',#16371);
#5581=VERTEX_POINT('',#16377);
#5582=VERTEX_POINT('',#16383);
#5583=VERTEX_POINT('',#16389);
#5584=VERTEX_POINT('',#16391);
#5585=VERTEX_POINT('',#16397);
#5586=VERTEX_POINT('',#16403);
#5587=VERTEX_POINT('',#16411);
#5588=VERTEX_POINT('',#16412);
#5589=VERTEX_POINT('',#16417);
#5590=VERTEX_POINT('',#16421);
#5591=VERTEX_POINT('',#16427);
#5592=VERTEX_POINT('',#16428);
#5593=VERTEX_POINT('',#16433);
#5594=VERTEX_POINT('',#16437);
#5595=VERTEX_POINT('',#16452);
#5596=VERTEX_POINT('',#16453);
#5597=VERTEX_POINT('',#16473);
#5598=VERTEX_POINT('',#16492);
#5599=VERTEX_POINT('',#16502);
#5600=VERTEX_POINT('',#16506);
#5601=VERTEX_POINT('',#16510);
#5602=VERTEX_POINT('',#16514);
#5603=VERTEX_POINT('',#16518);
#5604=VERTEX_POINT('',#16531);
#5605=VERTEX_POINT('',#16550);
#5606=VERTEX_POINT('',#16569);
#5607=VERTEX_POINT('',#16590);
#5608=VERTEX_POINT('',#16591);
#5609=VERTEX_POINT('',#16611);
#5610=VERTEX_POINT('',#16630);
#5611=VERTEX_POINT('',#16640);
#5612=VERTEX_POINT('',#16644);
#5613=VERTEX_POINT('',#16648);
#5614=VERTEX_POINT('',#16652);
#5615=VERTEX_POINT('',#16656);
#5616=VERTEX_POINT('',#16660);
#5617=VERTEX_POINT('',#16664);
#5618=VERTEX_POINT('',#16668);
#5619=VERTEX_POINT('',#16672);
#5620=VERTEX_POINT('',#16676);
#5621=VERTEX_POINT('',#16680);
#5622=VERTEX_POINT('',#16693);
#5623=VERTEX_POINT('',#16712);
#5624=VERTEX_POINT('',#16731);
#5625=VERTEX_POINT('',#16750);
#5626=VERTEX_POINT('',#16771);
#5627=VERTEX_POINT('',#16772);
#5628=VERTEX_POINT('',#16783);
#5629=VERTEX_POINT('',#16796);
#5630=VERTEX_POINT('',#16815);
#5631=VERTEX_POINT('',#16834);
#5632=VERTEX_POINT('',#16853);
#5633=VERTEX_POINT('',#16863);
#5634=VERTEX_POINT('',#16867);
#5635=VERTEX_POINT('',#16880);
#5636=VERTEX_POINT('',#16899);
#5637=VERTEX_POINT('',#16918);
#5638=VERTEX_POINT('',#16937);
#5639=VERTEX_POINT('',#16956);
#5640=VERTEX_POINT('',#16975);
#5641=VERTEX_POINT('',#16994);
#5642=VERTEX_POINT('',#17013);
#5643=VERTEX_POINT('',#17040);
#5644=VERTEX_POINT('',#17041);
#5645=VERTEX_POINT('',#17046);
#5646=VERTEX_POINT('',#17050);
#5647=VERTEX_POINT('',#17054);
#5648=VERTEX_POINT('',#17058);
#5649=VERTEX_POINT('',#17062);
#5650=VERTEX_POINT('',#17066);
#5651=VERTEX_POINT('',#17070);
#5652=VERTEX_POINT('',#17074);
#5653=VERTEX_POINT('',#17089);
#5654=VERTEX_POINT('',#17090);
#5655=VERTEX_POINT('',#17110);
#5656=VERTEX_POINT('',#17129);
#5657=VERTEX_POINT('',#17139);
#5658=VERTEX_POINT('',#17143);
#5659=VERTEX_POINT('',#17147);
#5660=VERTEX_POINT('',#17151);
#5661=VERTEX_POINT('',#17155);
#5662=VERTEX_POINT('',#17159);
#5663=VERTEX_POINT('',#17163);
#5664=VERTEX_POINT('',#17167);
#5665=VERTEX_POINT('',#17171);
#5666=VERTEX_POINT('',#17175);
#5667=VERTEX_POINT('',#17179);
#5668=VERTEX_POINT('',#17192);
#5669=VERTEX_POINT('',#17211);
#5670=VERTEX_POINT('',#17230);
#5671=VERTEX_POINT('',#17249);
#5672=VERTEX_POINT('',#17261);
#5673=VERTEX_POINT('',#17262);
#5674=VERTEX_POINT('',#17267);
#5675=VERTEX_POINT('',#17271);
#5676=VERTEX_POINT('',#17275);
#5677=VERTEX_POINT('',#17279);
#5678=VERTEX_POINT('',#17283);
#5679=VERTEX_POINT('',#17287);
#5680=VERTEX_POINT('',#17302);
#5681=VERTEX_POINT('',#17303);
#5682=VERTEX_POINT('',#17311);
#5683=VERTEX_POINT('',#17313);
#5684=VERTEX_POINT('',#17330);
#5685=VERTEX_POINT('',#17338);
#5686=VERTEX_POINT('',#17355);
#5687=VERTEX_POINT('',#17363);
#5688=VERTEX_POINT('',#17380);
#5689=VERTEX_POINT('',#17388);
#5690=VERTEX_POINT('',#17405);
#5691=VERTEX_POINT('',#17413);
#5692=VERTEX_POINT('',#17430);
#5693=VERTEX_POINT('',#17438);
#5694=VERTEX_POINT('',#17455);
#5695=VERTEX_POINT('',#17463);
#5696=VERTEX_POINT('',#17480);
#5697=VERTEX_POINT('',#17488);
#5698=VERTEX_POINT('',#17505);
#5699=VERTEX_POINT('',#17513);
#5700=VERTEX_POINT('',#17530);
#5701=VERTEX_POINT('',#17538);
#5702=VERTEX_POINT('',#17555);
#5703=VERTEX_POINT('',#17560);
#5704=VERTEX_POINT('',#17566);
#5705=VERTEX_POINT('',#17568);
#5706=VERTEX_POINT('',#17588);
#5707=VERTEX_POINT('',#17589);
#5708=VERTEX_POINT('',#17594);
#5709=VERTEX_POINT('',#17599);
#5710=VERTEX_POINT('',#17601);
#5711=VERTEX_POINT('',#17607);
#5712=VERTEX_POINT('',#17617);
#5713=VERTEX_POINT('',#17623);
#5714=VERTEX_POINT('',#17629);
#5715=VERTEX_POINT('',#17635);
#5716=VERTEX_POINT('',#17637);
#5717=VERTEX_POINT('',#17642);
#5718=VERTEX_POINT('',#17663);
#5719=VERTEX_POINT('',#17668);
#5720=VERTEX_POINT('',#17670);
#5721=VERTEX_POINT('',#17676);
#5722=VERTEX_POINT('',#17692);
#5723=VERTEX_POINT('',#17693);
#5724=VERTEX_POINT('',#17726);
#5725=VERTEX_POINT('',#17734);
#5726=VERTEX_POINT('',#17751);
#5727=VERTEX_POINT('',#17759);
#5728=VERTEX_POINT('',#17776);
#5729=VERTEX_POINT('',#17784);
#5730=VERTEX_POINT('',#17792);
#5731=VERTEX_POINT('',#17794);
#5732=VERTEX_POINT('',#17807);
#5733=VERTEX_POINT('',#17815);
#5734=VERTEX_POINT('',#17832);
#5735=VERTEX_POINT('',#17840);
#5736=VERTEX_POINT('',#17857);
#5737=VERTEX_POINT('',#17865);
#5738=VERTEX_POINT('',#17882);
#5739=VERTEX_POINT('',#17890);
#5740=VERTEX_POINT('',#17907);
#5741=VERTEX_POINT('',#17915);
#5742=VERTEX_POINT('',#17932);
#5743=VERTEX_POINT('',#17940);
#5744=VERTEX_POINT('',#17957);
#5745=VERTEX_POINT('',#17965);
#5746=VERTEX_POINT('',#17973);
#5747=VERTEX_POINT('',#17975);
#5748=VERTEX_POINT('',#18010);
#5749=VERTEX_POINT('',#18033);
#5750=VERTEX_POINT('',#18035);
#5751=VERTEX_POINT('',#18048);
#5752=VERTEX_POINT('',#18066);
#5753=VERTEX_POINT('',#18067);
#5754=VERTEX_POINT('',#18069);
#5755=VERTEX_POINT('',#18071);
#5756=VERTEX_POINT('',#18075);
#5757=VERTEX_POINT('',#18077);
#5758=VERTEX_POINT('',#18079);
#5759=VERTEX_POINT('',#18081);
#5760=VERTEX_POINT('',#18085);
#5761=VERTEX_POINT('',#18087);
#5762=VERTEX_POINT('',#18089);
#5763=VERTEX_POINT('',#18109);
#5764=VERTEX_POINT('',#18114);
#5765=VERTEX_POINT('',#18116);
#5766=VERTEX_POINT('',#18122);
#5767=VERTEX_POINT('',#18141);
#5768=VERTEX_POINT('',#18149);
#5769=VERTEX_POINT('',#18151);
#5770=VERTEX_POINT('',#18164);
#5771=VERTEX_POINT('',#18172);
#5772=VERTEX_POINT('',#18189);
#5773=VERTEX_POINT('',#18197);
#5774=VERTEX_POINT('',#18219);
#5775=VERTEX_POINT('',#18220);
#5776=VERTEX_POINT('',#18225);
#5777=VERTEX_POINT('',#18227);
#5778=VERTEX_POINT('',#18233);
#5779=VERTEX_POINT('',#18235);
#5780=VERTEX_POINT('',#18255);
#5781=VERTEX_POINT('',#18256);
#5782=VERTEX_POINT('',#18261);
#5783=VERTEX_POINT('',#18267);
#5784=VERTEX_POINT('',#18269);
#5785=VERTEX_POINT('',#18275);
#5786=VERTEX_POINT('',#18291);
#5787=VERTEX_POINT('',#18292);
#5788=VERTEX_POINT('',#18300);
#5789=VERTEX_POINT('',#18302);
#5790=VERTEX_POINT('',#18319);
#5791=VERTEX_POINT('',#18327);
#5792=VERTEX_POINT('',#18344);
#5793=VERTEX_POINT('',#18352);
#5794=VERTEX_POINT('',#18369);
#5795=VERTEX_POINT('',#18377);
#5796=VERTEX_POINT('',#18394);
#5797=VERTEX_POINT('',#18399);
#5798=VERTEX_POINT('',#18405);
#5799=VERTEX_POINT('',#18407);
#5800=VERTEX_POINT('',#18419);
#5801=VERTEX_POINT('',#18426);
#5802=VERTEX_POINT('',#18432);
#5803=VERTEX_POINT('',#18438);
#5804=VERTEX_POINT('',#18459);
#5805=VERTEX_POINT('',#18464);
#5806=VERTEX_POINT('',#18470);
#5807=VERTEX_POINT('',#18477);
#5808=VERTEX_POINT('',#18479);
#5809=VERTEX_POINT('',#18492);
#5810=VERTEX_POINT('',#18509);
#5811=VERTEX_POINT('',#18526);
#5812=VERTEX_POINT('',#18549);
#5813=VERTEX_POINT('',#18551);
#5814=VERTEX_POINT('',#18586);
#5815=VERTEX_POINT('',#18594);
#5816=VERTEX_POINT('',#18611);
#5817=VERTEX_POINT('',#18619);
#5818=VERTEX_POINT('',#18636);
#5819=VERTEX_POINT('',#18644);
#5820=VERTEX_POINT('',#18661);
#5821=VERTEX_POINT('',#18669);
#5822=VERTEX_POINT('',#18686);
#5823=VERTEX_POINT('',#18694);
#5824=VERTEX_POINT('',#18702);
#5825=VERTEX_POINT('',#18704);
#5826=VERTEX_POINT('',#18711);
#5827=VERTEX_POINT('',#18712);
#5828=VERTEX_POINT('',#18714);
#5829=VERTEX_POINT('',#18716);
#5830=VERTEX_POINT('',#18720);
#5831=VERTEX_POINT('',#18722);
#5832=VERTEX_POINT('',#18726);
#5833=VERTEX_POINT('',#18728);
#5834=VERTEX_POINT('',#18730);
#5835=VERTEX_POINT('',#18732);
#5836=VERTEX_POINT('',#18736);
#5837=VERTEX_POINT('',#18738);
#5838=VERTEX_POINT('',#18742);
#5839=VERTEX_POINT('',#18744);
#5840=VERTEX_POINT('',#18746);
#5841=VERTEX_POINT('',#18748);
#5842=VERTEX_POINT('',#18752);
#5843=VERTEX_POINT('',#18753);
#5844=VERTEX_POINT('',#18755);
#5845=VERTEX_POINT('',#18757);
#5846=VERTEX_POINT('',#18761);
#5847=VERTEX_POINT('',#18763);
#5848=VERTEX_POINT('',#18772);
#5849=VERTEX_POINT('',#18774);
#5850=VERTEX_POINT('',#18778);
#5851=VERTEX_POINT('',#18780);
#5852=VERTEX_POINT('',#18791);
#5853=VERTEX_POINT('',#18793);
#5854=VERTEX_POINT('',#18795);
#5855=VERTEX_POINT('',#18797);
#5856=VERTEX_POINT('',#18802);
#5857=VERTEX_POINT('',#18804);
#5858=VERTEX_POINT('',#18807);
#5859=VERTEX_POINT('',#18809);
#5860=VERTEX_POINT('',#18811);
#5861=VERTEX_POINT('',#18813);
#5862=VERTEX_POINT('',#18816);
#5863=VERTEX_POINT('',#18820);
#5864=VERTEX_POINT('',#18824);
#5865=VERTEX_POINT('',#18828);
#5866=VERTEX_POINT('',#18832);
#5867=VERTEX_POINT('',#18836);
#5868=VERTEX_POINT('',#18840);
#5869=VERTEX_POINT('',#18844);
#5870=VERTEX_POINT('',#18848);
#5871=VERTEX_POINT('',#18852);
#5872=VERTEX_POINT('',#18856);
#5873=VERTEX_POINT('',#18860);
#5874=VERTEX_POINT('',#18864);
#5875=VERTEX_POINT('',#18868);
#5876=VERTEX_POINT('',#18872);
#5877=VERTEX_POINT('',#18876);
#5878=VERTEX_POINT('',#18880);
#5879=VERTEX_POINT('',#18884);
#5880=VERTEX_POINT('',#18888);
#5881=VERTEX_POINT('',#18892);
#5882=VERTEX_POINT('',#18896);
#5883=VERTEX_POINT('',#18900);
#5884=VERTEX_POINT('',#18904);
#5885=VERTEX_POINT('',#18908);
#5886=VERTEX_POINT('',#18912);
#5887=VERTEX_POINT('',#18916);
#5888=VERTEX_POINT('',#18920);
#5889=VERTEX_POINT('',#18924);
#5890=VERTEX_POINT('',#18928);
#5891=VERTEX_POINT('',#18932);
#5892=VERTEX_POINT('',#18936);
#5893=VERTEX_POINT('',#18940);
#5894=VERTEX_POINT('',#18944);
#5895=VERTEX_POINT('',#18948);
#5896=VERTEX_POINT('',#18952);
#5897=VERTEX_POINT('',#18956);
#5898=VERTEX_POINT('',#18960);
#5899=VERTEX_POINT('',#18964);
#5900=VERTEX_POINT('',#18968);
#5901=VERTEX_POINT('',#18972);
#5902=VERTEX_POINT('',#18976);
#5903=VERTEX_POINT('',#18980);
#5904=VERTEX_POINT('',#18984);
#5905=VERTEX_POINT('',#18988);
#5906=VERTEX_POINT('',#18992);
#5907=VERTEX_POINT('',#18996);
#5908=VERTEX_POINT('',#19000);
#5909=VERTEX_POINT('',#19004);
#5910=VERTEX_POINT('',#19008);
#5911=VERTEX_POINT('',#19012);
#5912=VERTEX_POINT('',#19016);
#5913=VERTEX_POINT('',#19020);
#5914=VERTEX_POINT('',#19024);
#5915=VERTEX_POINT('',#19028);
#5916=VERTEX_POINT('',#19032);
#5917=VERTEX_POINT('',#19036);
#5918=VERTEX_POINT('',#19040);
#5919=VERTEX_POINT('',#19044);
#5920=VERTEX_POINT('',#19048);
#5921=VERTEX_POINT('',#19052);
#5922=VERTEX_POINT('',#19056);
#5923=VERTEX_POINT('',#19060);
#5924=VERTEX_POINT('',#19064);
#5925=VERTEX_POINT('',#19068);
#5926=VERTEX_POINT('',#19072);
#5927=VERTEX_POINT('',#19076);
#5928=VERTEX_POINT('',#19080);
#5929=VERTEX_POINT('',#19084);
#5930=VERTEX_POINT('',#19088);
#5931=VERTEX_POINT('',#19092);
#5932=VERTEX_POINT('',#19096);
#5933=VERTEX_POINT('',#19100);
#5934=VERTEX_POINT('',#19104);
#5935=VERTEX_POINT('',#19108);
#5936=VERTEX_POINT('',#19112);
#5937=VERTEX_POINT('',#19116);
#5938=VERTEX_POINT('',#19120);
#5939=VERTEX_POINT('',#19124);
#5940=VERTEX_POINT('',#19128);
#5941=VERTEX_POINT('',#19132);
#5942=VERTEX_POINT('',#19136);
#5943=VERTEX_POINT('',#19140);
#5944=VERTEX_POINT('',#19144);
#5945=VERTEX_POINT('',#19148);
#5946=VERTEX_POINT('',#19152);
#5947=VERTEX_POINT('',#19156);
#5948=VERTEX_POINT('',#19160);
#5949=VERTEX_POINT('',#19164);
#5950=VERTEX_POINT('',#19168);
#5951=VERTEX_POINT('',#19172);
#5952=VERTEX_POINT('',#19176);
#5953=VERTEX_POINT('',#19180);
#5954=VERTEX_POINT('',#19184);
#5955=VERTEX_POINT('',#19188);
#5956=VERTEX_POINT('',#19192);
#5957=VERTEX_POINT('',#19196);
#5958=VERTEX_POINT('',#19200);
#5959=VERTEX_POINT('',#19204);
#5960=VERTEX_POINT('',#19208);
#5961=VERTEX_POINT('',#19212);
#5962=VERTEX_POINT('',#19216);
#5963=VERTEX_POINT('',#19220);
#5964=VERTEX_POINT('',#19224);
#5965=VERTEX_POINT('',#19228);
#5966=VERTEX_POINT('',#19232);
#5967=VERTEX_POINT('',#19236);
#5968=VERTEX_POINT('',#19240);
#5969=VERTEX_POINT('',#19244);
#5970=VERTEX_POINT('',#19248);
#5971=VERTEX_POINT('',#19252);
#5972=VERTEX_POINT('',#19256);
#5973=VERTEX_POINT('',#19260);
#5974=VERTEX_POINT('',#19264);
#5975=VERTEX_POINT('',#19268);
#5976=VERTEX_POINT('',#19272);
#5977=VERTEX_POINT('',#19276);
#5978=VERTEX_POINT('',#19280);
#5979=VERTEX_POINT('',#19284);
#5980=VERTEX_POINT('',#19288);
#5981=VERTEX_POINT('',#19292);
#5982=VERTEX_POINT('',#19296);
#5983=VERTEX_POINT('',#19300);
#5984=VERTEX_POINT('',#19304);
#5985=VERTEX_POINT('',#19308);
#5986=VERTEX_POINT('',#19312);
#5987=VERTEX_POINT('',#19316);
#5988=VERTEX_POINT('',#19320);
#5989=VERTEX_POINT('',#19324);
#5990=VERTEX_POINT('',#19328);
#5991=VERTEX_POINT('',#19332);
#5992=VERTEX_POINT('',#19336);
#5993=VERTEX_POINT('',#19340);
#5994=VERTEX_POINT('',#19344);
#5995=VERTEX_POINT('',#19348);
#5996=VERTEX_POINT('',#19352);
#5997=VERTEX_POINT('',#19356);
#5998=VERTEX_POINT('',#19360);
#5999=VERTEX_POINT('',#19364);
#6000=VERTEX_POINT('',#19368);
#6001=VERTEX_POINT('',#19372);
#6002=VERTEX_POINT('',#19376);
#6003=VERTEX_POINT('',#19380);
#6004=VERTEX_POINT('',#19384);
#6005=VERTEX_POINT('',#19388);
#6006=VERTEX_POINT('',#19392);
#6007=VERTEX_POINT('',#19396);
#6008=VERTEX_POINT('',#19400);
#6009=VERTEX_POINT('',#19404);
#6010=VERTEX_POINT('',#19408);
#6011=VERTEX_POINT('',#19412);
#6012=VERTEX_POINT('',#19416);
#6013=VERTEX_POINT('',#19420);
#6014=VERTEX_POINT('',#19424);
#6015=VERTEX_POINT('',#19428);
#6016=VERTEX_POINT('',#19432);
#6017=VERTEX_POINT('',#19436);
#6018=VERTEX_POINT('',#19440);
#6019=VERTEX_POINT('',#19444);
#6020=VERTEX_POINT('',#19448);
#6021=VERTEX_POINT('',#19452);
#6022=VERTEX_POINT('',#19456);
#6023=VERTEX_POINT('',#19460);
#6024=VERTEX_POINT('',#19464);
#6025=VERTEX_POINT('',#19468);
#6026=VERTEX_POINT('',#19472);
#6027=VERTEX_POINT('',#19476);
#6028=VERTEX_POINT('',#19480);
#6029=VERTEX_POINT('',#19484);
#6030=VERTEX_POINT('',#19488);
#6031=VERTEX_POINT('',#19492);
#6032=VERTEX_POINT('',#19496);
#6033=VERTEX_POINT('',#19500);
#6034=VERTEX_POINT('',#19504);
#6035=VERTEX_POINT('',#19508);
#6036=VERTEX_POINT('',#19512);
#6037=VERTEX_POINT('',#19516);
#6038=VERTEX_POINT('',#19520);
#6039=VERTEX_POINT('',#19524);
#6040=VERTEX_POINT('',#19528);
#6041=VERTEX_POINT('',#19532);
#6042=VERTEX_POINT('',#19536);
#6043=VERTEX_POINT('',#19540);
#6044=VERTEX_POINT('',#19544);
#6045=VERTEX_POINT('',#19548);
#6046=VERTEX_POINT('',#19552);
#6047=VERTEX_POINT('',#19556);
#6048=VERTEX_POINT('',#19560);
#6049=VERTEX_POINT('',#19564);
#6050=VERTEX_POINT('',#19568);
#6051=VERTEX_POINT('',#19572);
#6052=VERTEX_POINT('',#19576);
#6053=VERTEX_POINT('',#19580);
#6054=VERTEX_POINT('',#19584);
#6055=VERTEX_POINT('',#19588);
#6056=VERTEX_POINT('',#19592);
#6057=VERTEX_POINT('',#19596);
#6058=VERTEX_POINT('',#19600);
#6059=VERTEX_POINT('',#19604);
#6060=VERTEX_POINT('',#19608);
#6061=VERTEX_POINT('',#19612);
#6062=VERTEX_POINT('',#19616);
#6063=VERTEX_POINT('',#19620);
#6064=VERTEX_POINT('',#19624);
#6065=VERTEX_POINT('',#19628);
#6066=VERTEX_POINT('',#19632);
#6067=VERTEX_POINT('',#19636);
#6068=VERTEX_POINT('',#19640);
#6069=VERTEX_POINT('',#19644);
#6070=VERTEX_POINT('',#19648);
#6071=VERTEX_POINT('',#19652);
#6072=VERTEX_POINT('',#19656);
#6073=VERTEX_POINT('',#19660);
#6074=VERTEX_POINT('',#19664);
#6075=VERTEX_POINT('',#19668);
#6076=VERTEX_POINT('',#19672);
#6077=VERTEX_POINT('',#19676);
#6078=VERTEX_POINT('',#19680);
#6079=VERTEX_POINT('',#19684);
#6080=VERTEX_POINT('',#19688);
#6081=VERTEX_POINT('',#19692);
#6082=VERTEX_POINT('',#19696);
#6083=VERTEX_POINT('',#19700);
#6084=VERTEX_POINT('',#19704);
#6085=VERTEX_POINT('',#19708);
#6086=VERTEX_POINT('',#19712);
#6087=VERTEX_POINT('',#19716);
#6088=VERTEX_POINT('',#19720);
#6089=VERTEX_POINT('',#19724);
#6090=VERTEX_POINT('',#19728);
#6091=VERTEX_POINT('',#19732);
#6092=VERTEX_POINT('',#19736);
#6093=VERTEX_POINT('',#19740);
#6094=VERTEX_POINT('',#19744);
#6095=VERTEX_POINT('',#19748);
#6096=VERTEX_POINT('',#19752);
#6097=VERTEX_POINT('',#19756);
#6098=VERTEX_POINT('',#19760);
#6099=VERTEX_POINT('',#19764);
#6100=VERTEX_POINT('',#19768);
#6101=VERTEX_POINT('',#19772);
#6102=VERTEX_POINT('',#19776);
#6103=VERTEX_POINT('',#19780);
#6104=VERTEX_POINT('',#19784);
#6105=VERTEX_POINT('',#19788);
#6106=VERTEX_POINT('',#19792);
#6107=VERTEX_POINT('',#19796);
#6108=VERTEX_POINT('',#19800);
#6109=VERTEX_POINT('',#19804);
#6110=VERTEX_POINT('',#19808);
#6111=VERTEX_POINT('',#19812);
#6112=VERTEX_POINT('',#19816);
#6113=VERTEX_POINT('',#19820);
#6114=VERTEX_POINT('',#19824);
#6115=VERTEX_POINT('',#19828);
#6116=VERTEX_POINT('',#19832);
#6117=VERTEX_POINT('',#19836);
#6118=VERTEX_POINT('',#19840);
#6119=VERTEX_POINT('',#19844);
#6120=VERTEX_POINT('',#19848);
#6121=VERTEX_POINT('',#19852);
#6122=VERTEX_POINT('',#19856);
#6123=VERTEX_POINT('',#19860);
#6124=VERTEX_POINT('',#19864);
#6125=VERTEX_POINT('',#19868);
#6126=VERTEX_POINT('',#19872);
#6127=VERTEX_POINT('',#19876);
#6128=VERTEX_POINT('',#19880);
#6129=VERTEX_POINT('',#19884);
#6130=VERTEX_POINT('',#19888);
#6131=VERTEX_POINT('',#19892);
#6132=VERTEX_POINT('',#19896);
#6133=VERTEX_POINT('',#19900);
#6134=VERTEX_POINT('',#19904);
#6135=VERTEX_POINT('',#19908);
#6136=VERTEX_POINT('',#19912);
#6137=VERTEX_POINT('',#19916);
#6138=VERTEX_POINT('',#19920);
#6139=VERTEX_POINT('',#19924);
#6140=VERTEX_POINT('',#19928);
#6141=VERTEX_POINT('',#19932);
#6142=VERTEX_POINT('',#19936);
#6143=VERTEX_POINT('',#19940);
#6144=VERTEX_POINT('',#19944);
#6145=VERTEX_POINT('',#19948);
#6146=VERTEX_POINT('',#19952);
#6147=VERTEX_POINT('',#19956);
#6148=VERTEX_POINT('',#19960);
#6149=VERTEX_POINT('',#19964);
#6150=VERTEX_POINT('',#19968);
#6151=VERTEX_POINT('',#19972);
#6152=VERTEX_POINT('',#19976);
#6153=VERTEX_POINT('',#19980);
#6154=VERTEX_POINT('',#19984);
#6155=VERTEX_POINT('',#19988);
#6156=VERTEX_POINT('',#19992);
#6157=VERTEX_POINT('',#19996);
#6158=VERTEX_POINT('',#20000);
#6159=VERTEX_POINT('',#20004);
#6160=VERTEX_POINT('',#20008);
#6161=VERTEX_POINT('',#20012);
#6162=VERTEX_POINT('',#20016);
#6163=VERTEX_POINT('',#20017);
#6164=VERTEX_POINT('',#20022);
#6165=VERTEX_POINT('',#20026);
#6166=VERTEX_POINT('',#20032);
#6167=VERTEX_POINT('',#20036);
#6168=VERTEX_POINT('',#20040);
#6169=VERTEX_POINT('',#20044);
#6170=VERTEX_POINT('',#20048);
#6171=VERTEX_POINT('',#20049);
#6172=VERTEX_POINT('',#20060);
#6173=VERTEX_POINT('',#20061);
#6174=VERTEX_POINT('',#20063);
#6175=VERTEX_POINT('',#20067);
#6176=VERTEX_POINT('',#20068);
#6177=VERTEX_POINT('',#20070);
#6178=VERTEX_POINT('',#20080);
#6179=VERTEX_POINT('',#20081);
#6180=VERTEX_POINT('',#20083);
#6181=VERTEX_POINT('',#20085);
#6182=VERTEX_POINT('',#20089);
#6183=VERTEX_POINT('',#20091);
#6184=VERTEX_POINT('',#20100);
#6185=VERTEX_POINT('',#20101);
#6186=VERTEX_POINT('',#20107);
#6187=VERTEX_POINT('',#20109);
#6188=VERTEX_POINT('',#20115);
#6189=VERTEX_POINT('',#20127);
#6190=VERTEX_POINT('',#20128);
#6191=VERTEX_POINT('',#20136);
#6192=VERTEX_POINT('',#20144);
#6193=VERTEX_POINT('',#20152);
#6194=EDGE_CURVE('',#5162,#5162,#4530,.T.);
#6195=EDGE_CURVE('',#5162,#5163,#3072,.T.);
#6196=EDGE_CURVE('',#5163,#5163,#4531,.T.);
#6197=EDGE_CURVE('',#5163,#5164,#3073,.T.);
#6198=EDGE_CURVE('',#5164,#5164,#4532,.T.);
#6199=EDGE_CURVE('',#5165,#5165,#4533,.T.);
#6200=EDGE_CURVE('',#5165,#5166,#3074,.T.);
#6201=EDGE_CURVE('',#5166,#5166,#4534,.T.);
#6202=EDGE_CURVE('',#5166,#5167,#3075,.T.);
#6203=EDGE_CURVE('',#5167,#5167,#4535,.T.);
#6204=EDGE_CURVE('',#5168,#5169,#4536,.F.);
#6205=EDGE_CURVE('',#5170,#5168,#4537,.F.);
#6206=EDGE_CURVE('',#5169,#5170,#4538,.F.);
#6207=EDGE_CURVE('',#5171,#5172,#4539,.F.);
#6208=EDGE_CURVE('',#5173,#5171,#4540,.F.);
#6209=EDGE_CURVE('',#5172,#5173,#4541,.F.);
#6210=EDGE_CURVE('',#5171,#5170,#3076,.T.);
#6211=EDGE_CURVE('',#5168,#5173,#3077,.T.);
#6212=EDGE_CURVE('',#5174,#5171,#3078,.T.);
#6213=EDGE_CURVE('',#5172,#5175,#3079,.T.);
#6214=EDGE_CURVE('',#5175,#5174,#1055,.T.);
#6215=EDGE_CURVE('',#5176,#5177,#4542,.F.);
#6216=EDGE_CURVE('',#5178,#5176,#4543,.F.);
#6217=EDGE_CURVE('',#5177,#5178,#4544,.F.);
#6218=EDGE_CURVE('',#5179,#5180,#4545,.F.);
#6219=EDGE_CURVE('',#5181,#5179,#4546,.F.);
#6220=EDGE_CURVE('',#5180,#5181,#4547,.F.);
#6221=EDGE_CURVE('',#5179,#5169,#3080,.T.);
#6222=EDGE_CURVE('',#5170,#5181,#3081,.T.);
#6223=EDGE_CURVE('',#5175,#5180,#3082,.T.);
#6224=EDGE_CURVE('',#5181,#5174,#3083,.T.);
#6225=EDGE_CURVE('',#5182,#5183,#4548,.F.);
#6226=EDGE_CURVE('',#5184,#5182,#4549,.F.);
#6227=EDGE_CURVE('',#5183,#5184,#4550,.F.);
#6228=EDGE_CURVE('',#5182,#5172,#3084,.T.);
#6229=EDGE_CURVE('',#5173,#5184,#3085,.T.);
#6230=EDGE_CURVE('',#5176,#5183,#3086,.T.);
#6231=EDGE_CURVE('',#5184,#5178,#3087,.T.);
#6232=EDGE_CURVE('',#5185,#5186,#4551,.F.);
#6233=EDGE_CURVE('',#5187,#5185,#4552,.F.);
#6234=EDGE_CURVE('',#5186,#5187,#4553,.F.);
#6235=EDGE_CURVE('',#5185,#5176,#3088,.T.);
#6236=EDGE_CURVE('',#5177,#5187,#3089,.T.);
#6237=EDGE_CURVE('',#5180,#5186,#3090,.T.);
#6238=EDGE_CURVE('',#5187,#5179,#3091,.T.);
#6239=EDGE_CURVE('',#5188,#5182,#3092,.T.);
#6240=EDGE_CURVE('',#5183,#5189,#3093,.T.);
#6241=EDGE_CURVE('',#5189,#5188,#1056,.T.);
#6242=EDGE_CURVE('',#5189,#5185,#3094,.T.);
#6243=EDGE_CURVE('',#5186,#5188,#3095,.T.);
#6244=EDGE_CURVE('',#5169,#5177,#3096,.T.);
#6245=EDGE_CURVE('',#5178,#5168,#3097,.T.);
#6246=EDGE_CURVE('',#5175,#5188,#3098,.T.);
#6247=EDGE_CURVE('',#5190,#5190,#4554,.T.);
#6248=EDGE_CURVE('',#5191,#5191,#4555,.T.);
#6249=EDGE_CURVE('',#5192,#5192,#4556,.T.);
#6250=EDGE_CURVE('',#5193,#5193,#4557,.T.);
#6251=EDGE_CURVE('',#5194,#5194,#4558,.T.);
#6252=EDGE_CURVE('',#5195,#5195,#4559,.T.);
#6253=EDGE_CURVE('',#5196,#5196,#4560,.T.);
#6254=EDGE_CURVE('',#5197,#5197,#4561,.T.);
#6255=EDGE_CURVE('',#5198,#5198,#4562,.T.);
#6256=EDGE_CURVE('',#5199,#5199,#4563,.T.);
#6257=EDGE_CURVE('',#5200,#5200,#4564,.T.);
#6258=EDGE_CURVE('',#5201,#5201,#4565,.T.);
#6259=EDGE_CURVE('',#5202,#5202,#4566,.T.);
#6260=EDGE_CURVE('',#5203,#5203,#4567,.T.);
#6261=EDGE_CURVE('',#5204,#5204,#4568,.T.);
#6262=EDGE_CURVE('',#5205,#5205,#4569,.T.);
#6263=EDGE_CURVE('',#5206,#5206,#4570,.T.);
#6264=EDGE_CURVE('',#5207,#5207,#4571,.T.);
#6265=EDGE_CURVE('',#5208,#5208,#4572,.T.);
#6266=EDGE_CURVE('',#5209,#5209,#4573,.T.);
#6267=EDGE_CURVE('',#5210,#5210,#4574,.T.);
#6268=EDGE_CURVE('',#5211,#5211,#4575,.T.);
#6269=EDGE_CURVE('',#5212,#5212,#4576,.T.);
#6270=EDGE_CURVE('',#5213,#5213,#4577,.T.);
#6271=EDGE_CURVE('',#5214,#5214,#4578,.T.);
#6272=EDGE_CURVE('',#5215,#5215,#4579,.T.);
#6273=EDGE_CURVE('',#5216,#5216,#4580,.T.);
#6274=EDGE_CURVE('',#5217,#5217,#4581,.T.);
#6275=EDGE_CURVE('',#5218,#5218,#4582,.T.);
#6276=EDGE_CURVE('',#5219,#5219,#4583,.T.);
#6277=EDGE_CURVE('',#5220,#5220,#4584,.T.);
#6278=EDGE_CURVE('',#5221,#5221,#4585,.T.);
#6279=EDGE_CURVE('',#5222,#5222,#4586,.T.);
#6280=EDGE_CURVE('',#5223,#5223,#4587,.T.);
#6281=EDGE_CURVE('',#5224,#5224,#4588,.T.);
#6282=EDGE_CURVE('',#5225,#5225,#4589,.T.);
#6283=EDGE_CURVE('',#5226,#5226,#4590,.T.);
#6284=EDGE_CURVE('',#5227,#5227,#4591,.T.);
#6285=EDGE_CURVE('',#5228,#5228,#4592,.T.);
#6286=EDGE_CURVE('',#5229,#5229,#4593,.T.);
#6287=EDGE_CURVE('',#5230,#5230,#4594,.T.);
#6288=EDGE_CURVE('',#5231,#5231,#4595,.T.);
#6289=EDGE_CURVE('',#5232,#5232,#4596,.T.);
#6290=EDGE_CURVE('',#5233,#5233,#4597,.T.);
#6291=EDGE_CURVE('',#5234,#5234,#4598,.T.);
#6292=EDGE_CURVE('',#5235,#5235,#4599,.T.);
#6293=EDGE_CURVE('',#5236,#5236,#4600,.T.);
#6294=EDGE_CURVE('',#5237,#5237,#4601,.T.);
#6295=EDGE_CURVE('',#5238,#5238,#4602,.T.);
#6296=EDGE_CURVE('',#5239,#5239,#4603,.T.);
#6297=EDGE_CURVE('',#5240,#5240,#4604,.T.);
#6298=EDGE_CURVE('',#5241,#5241,#4605,.T.);
#6299=EDGE_CURVE('',#5242,#5242,#4606,.T.);
#6300=EDGE_CURVE('',#5243,#5243,#4607,.T.);
#6301=EDGE_CURVE('',#5244,#5244,#4608,.T.);
#6302=EDGE_CURVE('',#5245,#5245,#4609,.T.);
#6303=EDGE_CURVE('',#5246,#5246,#4610,.T.);
#6304=EDGE_CURVE('',#5247,#5247,#4611,.T.);
#6305=EDGE_CURVE('',#5248,#5248,#4612,.T.);
#6306=EDGE_CURVE('',#5249,#5249,#4613,.T.);
#6307=EDGE_CURVE('',#5250,#5250,#4614,.T.);
#6308=EDGE_CURVE('',#5251,#5251,#4615,.T.);
#6309=EDGE_CURVE('',#5252,#5252,#4616,.T.);
#6310=EDGE_CURVE('',#5253,#5253,#4617,.T.);
#6311=EDGE_CURVE('',#5254,#5254,#4618,.T.);
#6312=EDGE_CURVE('',#5255,#5255,#4619,.T.);
#6313=EDGE_CURVE('',#5256,#5256,#4620,.T.);
#6314=EDGE_CURVE('',#5257,#5257,#4621,.T.);
#6315=EDGE_CURVE('',#5258,#5258,#4622,.T.);
#6316=EDGE_CURVE('',#5259,#5259,#4623,.T.);
#6317=EDGE_CURVE('',#5260,#5260,#4624,.T.);
#6318=EDGE_CURVE('',#5261,#5261,#4625,.T.);
#6319=EDGE_CURVE('',#5262,#5262,#4626,.T.);
#6320=EDGE_CURVE('',#5263,#5263,#4627,.T.);
#6321=EDGE_CURVE('',#5264,#5264,#4628,.T.);
#6322=EDGE_CURVE('',#5265,#5265,#4629,.T.);
#6323=EDGE_CURVE('',#5266,#5266,#4630,.T.);
#6324=EDGE_CURVE('',#5267,#5267,#4631,.T.);
#6325=EDGE_CURVE('',#5268,#5268,#4632,.T.);
#6326=EDGE_CURVE('',#5269,#5269,#4633,.T.);
#6327=EDGE_CURVE('',#5270,#5270,#4634,.T.);
#6328=EDGE_CURVE('',#5271,#5271,#4635,.T.);
#6329=EDGE_CURVE('',#5272,#5272,#4636,.T.);
#6330=EDGE_CURVE('',#5273,#5273,#4637,.T.);
#6331=EDGE_CURVE('',#5274,#5274,#4638,.T.);
#6332=EDGE_CURVE('',#5275,#5275,#4639,.T.);
#6333=EDGE_CURVE('',#5276,#5276,#4640,.T.);
#6334=EDGE_CURVE('',#5277,#5277,#4641,.T.);
#6335=EDGE_CURVE('',#5278,#5278,#4642,.T.);
#6336=EDGE_CURVE('',#5279,#5279,#4643,.T.);
#6337=EDGE_CURVE('',#5280,#5280,#4644,.T.);
#6338=EDGE_CURVE('',#5281,#5281,#4645,.T.);
#6339=EDGE_CURVE('',#5282,#5282,#4646,.T.);
#6340=EDGE_CURVE('',#5283,#5283,#4647,.T.);
#6341=EDGE_CURVE('',#5284,#5284,#4648,.T.);
#6342=EDGE_CURVE('',#5285,#5285,#4649,.T.);
#6343=EDGE_CURVE('',#5286,#5286,#4650,.T.);
#6344=EDGE_CURVE('',#5287,#5287,#4651,.T.);
#6345=EDGE_CURVE('',#5288,#5288,#4652,.T.);
#6346=EDGE_CURVE('',#5289,#5289,#4653,.T.);
#6347=EDGE_CURVE('',#5290,#5290,#4654,.T.);
#6348=EDGE_CURVE('',#5291,#5291,#4655,.T.);
#6349=EDGE_CURVE('',#5292,#5292,#4656,.T.);
#6350=EDGE_CURVE('',#5293,#5293,#4657,.T.);
#6351=EDGE_CURVE('',#5294,#5294,#4658,.T.);
#6352=EDGE_CURVE('',#5295,#5295,#4659,.T.);
#6353=EDGE_CURVE('',#5296,#5296,#4660,.T.);
#6354=EDGE_CURVE('',#5297,#5297,#4661,.T.);
#6355=EDGE_CURVE('',#5298,#5298,#4662,.T.);
#6356=EDGE_CURVE('',#5299,#5299,#4663,.T.);
#6357=EDGE_CURVE('',#5300,#5300,#4664,.T.);
#6358=EDGE_CURVE('',#5301,#5301,#4665,.T.);
#6359=EDGE_CURVE('',#5302,#5302,#4666,.T.);
#6360=EDGE_CURVE('',#5303,#5303,#4667,.T.);
#6361=EDGE_CURVE('',#5304,#5304,#4668,.T.);
#6362=EDGE_CURVE('',#5305,#5305,#4669,.T.);
#6363=EDGE_CURVE('',#5306,#5306,#4670,.T.);
#6364=EDGE_CURVE('',#5307,#5307,#4671,.T.);
#6365=EDGE_CURVE('',#5308,#5308,#4672,.T.);
#6366=EDGE_CURVE('',#5309,#5309,#4673,.T.);
#6367=EDGE_CURVE('',#5310,#5310,#4674,.T.);
#6368=EDGE_CURVE('',#5311,#5311,#4675,.T.);
#6369=EDGE_CURVE('',#5312,#5312,#4676,.T.);
#6370=EDGE_CURVE('',#5313,#5313,#4677,.T.);
#6371=EDGE_CURVE('',#5314,#5314,#4678,.T.);
#6372=EDGE_CURVE('',#5315,#5315,#4679,.T.);
#6373=EDGE_CURVE('',#5316,#5316,#4680,.T.);
#6374=EDGE_CURVE('',#5317,#5317,#4681,.T.);
#6375=EDGE_CURVE('',#5318,#5318,#4682,.T.);
#6376=EDGE_CURVE('',#5319,#5319,#4683,.T.);
#6377=EDGE_CURVE('',#5320,#5320,#4684,.T.);
#6378=EDGE_CURVE('',#5321,#5321,#4685,.T.);
#6379=EDGE_CURVE('',#5322,#5322,#4686,.T.);
#6380=EDGE_CURVE('',#5323,#5323,#4687,.T.);
#6381=EDGE_CURVE('',#5324,#5324,#4688,.T.);
#6382=EDGE_CURVE('',#5325,#5325,#4689,.T.);
#6383=EDGE_CURVE('',#5326,#5326,#4690,.T.);
#6384=EDGE_CURVE('',#5327,#5327,#4691,.T.);
#6385=EDGE_CURVE('',#5328,#5328,#4692,.T.);
#6386=EDGE_CURVE('',#5329,#5329,#4693,.T.);
#6387=EDGE_CURVE('',#5330,#5330,#4694,.T.);
#6388=EDGE_CURVE('',#5331,#5331,#4695,.T.);
#6389=EDGE_CURVE('',#5332,#5332,#4696,.T.);
#6390=EDGE_CURVE('',#5333,#5333,#4697,.T.);
#6391=EDGE_CURVE('',#5334,#5334,#4698,.T.);
#6392=EDGE_CURVE('',#5335,#5335,#4699,.T.);
#6393=EDGE_CURVE('',#5336,#5336,#4700,.T.);
#6394=EDGE_CURVE('',#5337,#5337,#4701,.T.);
#6395=EDGE_CURVE('',#5338,#5338,#4702,.T.);
#6396=EDGE_CURVE('',#5339,#5339,#4703,.T.);
#6397=EDGE_CURVE('',#5340,#5341,#3099,.T.);
#6398=EDGE_CURVE('',#5341,#5342,#3100,.T.);
#6399=EDGE_CURVE('',#5342,#5343,#3101,.T.);
#6400=EDGE_CURVE('',#5343,#5340,#3102,.T.);
#6401=EDGE_CURVE('',#5344,#5344,#4704,.T.);
#6402=EDGE_CURVE('',#5345,#5345,#4705,.T.);
#6403=EDGE_CURVE('',#5346,#5346,#4706,.T.);
#6404=EDGE_CURVE('',#5347,#5347,#4707,.T.);
#6405=EDGE_CURVE('',#5348,#5348,#4708,.T.);
#6406=EDGE_CURVE('',#5349,#5349,#4709,.T.);
#6407=EDGE_CURVE('',#5350,#5350,#4710,.T.);
#6408=EDGE_CURVE('',#5351,#5351,#4711,.T.);
#6409=EDGE_CURVE('',#5352,#5352,#4712,.T.);
#6410=EDGE_CURVE('',#5353,#5353,#4713,.T.);
#6411=EDGE_CURVE('',#5354,#5354,#4714,.T.);
#6412=EDGE_CURVE('',#5355,#5355,#4715,.T.);
#6413=EDGE_CURVE('',#5356,#5356,#4716,.T.);
#6414=EDGE_CURVE('',#5357,#5357,#4717,.T.);
#6415=EDGE_CURVE('',#5358,#5358,#4718,.T.);
#6416=EDGE_CURVE('',#5359,#5359,#4719,.T.);
#6417=EDGE_CURVE('',#5360,#5360,#4720,.T.);
#6418=EDGE_CURVE('',#5361,#5361,#4721,.T.);
#6419=EDGE_CURVE('',#5362,#5362,#4722,.T.);
#6420=EDGE_CURVE('',#5363,#5363,#4723,.T.);
#6421=EDGE_CURVE('',#5364,#5364,#4724,.T.);
#6422=EDGE_CURVE('',#5365,#5365,#4725,.T.);
#6423=EDGE_CURVE('',#5366,#5366,#4726,.T.);
#6424=EDGE_CURVE('',#5367,#5367,#4727,.T.);
#6425=EDGE_CURVE('',#5368,#5368,#4728,.T.);
#6426=EDGE_CURVE('',#5369,#5369,#4729,.T.);
#6427=EDGE_CURVE('',#5370,#5370,#4730,.T.);
#6428=EDGE_CURVE('',#5371,#5371,#4731,.T.);
#6429=EDGE_CURVE('',#5372,#5372,#4732,.T.);
#6430=EDGE_CURVE('',#5373,#5373,#4733,.T.);
#6431=EDGE_CURVE('',#5374,#5374,#4734,.T.);
#6432=EDGE_CURVE('',#5375,#5375,#4735,.T.);
#6433=EDGE_CURVE('',#5376,#5376,#4736,.T.);
#6434=EDGE_CURVE('',#5377,#5377,#4737,.T.);
#6435=EDGE_CURVE('',#5378,#5378,#4738,.T.);
#6436=EDGE_CURVE('',#5379,#5379,#4739,.T.);
#6437=EDGE_CURVE('',#5380,#5380,#4740,.T.);
#6438=EDGE_CURVE('',#5381,#5381,#4741,.T.);
#6439=EDGE_CURVE('',#5382,#5382,#4742,.T.);
#6440=EDGE_CURVE('',#5383,#5383,#4743,.T.);
#6441=EDGE_CURVE('',#5384,#5384,#4744,.T.);
#6442=EDGE_CURVE('',#5385,#5385,#4745,.T.);
#6443=EDGE_CURVE('',#5386,#5386,#4746,.T.);
#6444=EDGE_CURVE('',#5387,#5387,#4747,.T.);
#6445=EDGE_CURVE('',#5388,#5388,#4748,.T.);
#6446=EDGE_CURVE('',#5389,#5389,#4749,.T.);
#6447=EDGE_CURVE('',#5390,#5390,#4750,.T.);
#6448=EDGE_CURVE('',#5391,#5391,#4751,.T.);
#6449=EDGE_CURVE('',#5392,#5392,#4752,.T.);
#6450=EDGE_CURVE('',#5393,#5393,#4753,.T.);
#6451=EDGE_CURVE('',#5394,#5394,#4754,.T.);
#6452=EDGE_CURVE('',#5395,#5395,#4755,.T.);
#6453=EDGE_CURVE('',#5396,#5396,#4756,.T.);
#6454=EDGE_CURVE('',#5397,#5397,#4757,.T.);
#6455=EDGE_CURVE('',#5398,#5398,#4758,.T.);
#6456=EDGE_CURVE('',#5399,#5399,#4759,.T.);
#6457=EDGE_CURVE('',#5400,#5400,#4760,.T.);
#6458=EDGE_CURVE('',#5401,#5401,#4761,.T.);
#6459=EDGE_CURVE('',#5402,#5402,#4762,.T.);
#6460=EDGE_CURVE('',#5403,#5403,#4763,.T.);
#6461=EDGE_CURVE('',#5404,#5404,#4764,.T.);
#6462=EDGE_CURVE('',#5405,#5405,#4765,.T.);
#6463=EDGE_CURVE('',#5406,#5406,#4766,.T.);
#6464=EDGE_CURVE('',#5407,#5407,#4767,.T.);
#6465=EDGE_CURVE('',#5408,#5408,#4768,.T.);
#6466=EDGE_CURVE('',#5409,#5409,#4769,.T.);
#6467=EDGE_CURVE('',#5410,#5410,#4770,.T.);
#6468=EDGE_CURVE('',#5411,#5411,#4771,.T.);
#6469=EDGE_CURVE('',#5412,#5412,#4772,.T.);
#6470=EDGE_CURVE('',#5413,#5413,#4773,.T.);
#6471=EDGE_CURVE('',#5414,#5414,#4774,.T.);
#6472=EDGE_CURVE('',#5415,#5415,#4775,.T.);
#6473=EDGE_CURVE('',#5416,#5416,#4776,.T.);
#6474=EDGE_CURVE('',#5417,#5417,#4777,.T.);
#6475=EDGE_CURVE('',#5418,#5418,#4778,.T.);
#6476=EDGE_CURVE('',#5419,#5419,#4779,.T.);
#6477=EDGE_CURVE('',#5420,#5420,#4780,.T.);
#6478=EDGE_CURVE('',#5421,#5421,#4781,.T.);
#6479=EDGE_CURVE('',#5422,#5422,#4782,.T.);
#6480=EDGE_CURVE('',#5423,#5423,#4783,.T.);
#6481=EDGE_CURVE('',#5424,#5424,#4784,.T.);
#6482=EDGE_CURVE('',#5425,#5425,#4785,.T.);
#6483=EDGE_CURVE('',#5426,#5426,#4786,.T.);
#6484=EDGE_CURVE('',#5427,#5427,#4787,.T.);
#6485=EDGE_CURVE('',#5428,#5428,#4788,.T.);
#6486=EDGE_CURVE('',#5429,#5429,#4789,.T.);
#6487=EDGE_CURVE('',#5430,#5430,#4790,.T.);
#6488=EDGE_CURVE('',#5431,#5431,#4791,.T.);
#6489=EDGE_CURVE('',#5432,#5432,#4792,.T.);
#6490=EDGE_CURVE('',#5433,#5433,#4793,.T.);
#6491=EDGE_CURVE('',#5434,#5434,#4794,.T.);
#6492=EDGE_CURVE('',#5435,#5435,#4795,.T.);
#6493=EDGE_CURVE('',#5436,#5436,#4796,.T.);
#6494=EDGE_CURVE('',#5437,#5437,#4797,.T.);
#6495=EDGE_CURVE('',#5438,#5438,#4798,.T.);
#6496=EDGE_CURVE('',#5439,#5439,#4799,.T.);
#6497=EDGE_CURVE('',#5440,#5440,#4800,.T.);
#6498=EDGE_CURVE('',#5441,#5441,#4801,.T.);
#6499=EDGE_CURVE('',#5442,#5442,#4802,.T.);
#6500=EDGE_CURVE('',#5443,#5443,#4803,.T.);
#6501=EDGE_CURVE('',#5444,#5444,#4804,.T.);
#6502=EDGE_CURVE('',#5445,#5445,#4805,.T.);
#6503=EDGE_CURVE('',#5446,#5446,#4806,.T.);
#6504=EDGE_CURVE('',#5447,#5447,#4807,.T.);
#6505=EDGE_CURVE('',#5448,#5448,#4808,.T.);
#6506=EDGE_CURVE('',#5449,#5449,#4809,.T.);
#6507=EDGE_CURVE('',#5450,#5450,#4810,.T.);
#6508=EDGE_CURVE('',#5451,#5451,#4811,.T.);
#6509=EDGE_CURVE('',#5452,#5452,#4812,.T.);
#6510=EDGE_CURVE('',#5453,#5453,#4813,.T.);
#6511=EDGE_CURVE('',#5454,#5454,#4814,.T.);
#6512=EDGE_CURVE('',#5455,#5455,#4815,.T.);
#6513=EDGE_CURVE('',#5456,#5456,#4816,.T.);
#6514=EDGE_CURVE('',#5457,#5457,#4817,.T.);
#6515=EDGE_CURVE('',#5458,#5458,#4818,.T.);
#6516=EDGE_CURVE('',#5459,#5459,#4819,.T.);
#6517=EDGE_CURVE('',#5460,#5460,#4820,.T.);
#6518=EDGE_CURVE('',#5461,#5461,#4821,.T.);
#6519=EDGE_CURVE('',#5462,#5462,#4822,.T.);
#6520=EDGE_CURVE('',#5463,#5463,#4823,.T.);
#6521=EDGE_CURVE('',#5464,#5464,#4824,.T.);
#6522=EDGE_CURVE('',#5465,#5465,#4825,.T.);
#6523=EDGE_CURVE('',#5466,#5466,#4826,.T.);
#6524=EDGE_CURVE('',#5467,#5467,#4827,.T.);
#6525=EDGE_CURVE('',#5468,#5468,#4828,.T.);
#6526=EDGE_CURVE('',#5469,#5469,#4829,.T.);
#6527=EDGE_CURVE('',#5470,#5470,#4830,.T.);
#6528=EDGE_CURVE('',#5471,#5471,#4831,.T.);
#6529=EDGE_CURVE('',#5472,#5472,#4832,.T.);
#6530=EDGE_CURVE('',#5473,#5473,#4833,.T.);
#6531=EDGE_CURVE('',#5474,#5474,#4834,.T.);
#6532=EDGE_CURVE('',#5475,#5475,#4835,.T.);
#6533=EDGE_CURVE('',#5476,#5476,#4836,.T.);
#6534=EDGE_CURVE('',#5477,#5477,#4837,.T.);
#6535=EDGE_CURVE('',#5478,#5478,#4838,.T.);
#6536=EDGE_CURVE('',#5479,#5479,#4839,.T.);
#6537=EDGE_CURVE('',#5480,#5480,#4840,.T.);
#6538=EDGE_CURVE('',#5481,#5481,#4841,.T.);
#6539=EDGE_CURVE('',#5482,#5482,#4842,.T.);
#6540=EDGE_CURVE('',#5483,#5483,#4843,.T.);
#6541=EDGE_CURVE('',#5484,#5484,#4844,.T.);
#6542=EDGE_CURVE('',#5485,#5485,#4845,.T.);
#6543=EDGE_CURVE('',#5486,#5486,#4846,.T.);
#6544=EDGE_CURVE('',#5487,#5487,#4847,.T.);
#6545=EDGE_CURVE('',#5488,#5488,#4848,.T.);
#6546=EDGE_CURVE('',#5489,#5489,#4849,.T.);
#6547=EDGE_CURVE('',#5490,#5490,#4850,.T.);
#6548=EDGE_CURVE('',#5491,#5491,#4851,.T.);
#6549=EDGE_CURVE('',#5492,#5492,#4852,.T.);
#6550=EDGE_CURVE('',#5493,#5493,#4853,.T.);
#6551=EDGE_CURVE('',#5494,#5495,#3103,.T.);
#6552=EDGE_CURVE('',#5495,#5496,#3104,.T.);
#6553=EDGE_CURVE('',#5496,#5497,#3105,.T.);
#6554=EDGE_CURVE('',#5497,#5494,#3106,.T.);
#6555=EDGE_CURVE('',#5498,#5499,#3107,.T.);
#6556=EDGE_CURVE('',#5499,#5500,#3108,.T.);
#6557=EDGE_CURVE('',#5500,#5501,#3109,.T.);
#6558=EDGE_CURVE('',#5501,#5498,#3110,.T.);
#6559=EDGE_CURVE('',#5502,#5503,#3111,.T.);
#6560=EDGE_CURVE('',#5503,#5504,#3112,.T.);
#6561=EDGE_CURVE('',#5504,#5505,#3113,.T.);
#6562=EDGE_CURVE('',#5505,#5506,#3114,.T.);
#6563=EDGE_CURVE('',#5506,#5507,#3115,.T.);
#6564=EDGE_CURVE('',#5507,#5508,#3116,.T.);
#6565=EDGE_CURVE('',#5508,#5509,#3117,.T.);
#6566=EDGE_CURVE('',#5509,#5502,#3118,.T.);
#6567=EDGE_CURVE('',#5510,#5511,#3119,.T.);
#6568=EDGE_CURVE('',#5511,#5512,#3120,.T.);
#6569=EDGE_CURVE('',#5512,#5513,#3121,.T.);
#6570=EDGE_CURVE('',#5513,#5514,#3122,.T.);
#6571=EDGE_CURVE('',#5514,#5515,#3123,.T.);
#6572=EDGE_CURVE('',#5515,#5516,#3124,.T.);
#6573=EDGE_CURVE('',#5516,#5517,#3125,.T.);
#6574=EDGE_CURVE('',#5517,#5518,#110,.T.);
#6575=EDGE_CURVE('',#5518,#5519,#111,.T.);
#6576=EDGE_CURVE('',#5519,#5520,#112,.T.);
#6577=EDGE_CURVE('',#5520,#5521,#3126,.T.);
#6578=EDGE_CURVE('',#5521,#5522,#113,.T.);
#6579=EDGE_CURVE('',#5522,#5523,#114,.T.);
#6580=EDGE_CURVE('',#5523,#5524,#115,.T.);
#6581=EDGE_CURVE('',#5524,#5525,#116,.T.);
#6582=EDGE_CURVE('',#5525,#5526,#3127,.T.);
#6583=EDGE_CURVE('',#5526,#5527,#3128,.T.);
#6584=EDGE_CURVE('',#5527,#5528,#3129,.T.);
#6585=EDGE_CURVE('',#5528,#5510,#3130,.T.);
#6586=EDGE_CURVE('',#5529,#5530,#3131,.T.);
#6587=EDGE_CURVE('',#5530,#5531,#3132,.T.);
#6588=EDGE_CURVE('',#5531,#5532,#3133,.T.);
#6589=EDGE_CURVE('',#5532,#5533,#3134,.T.);
#6590=EDGE_CURVE('',#5533,#5534,#3135,.T.);
#6591=EDGE_CURVE('',#5534,#5535,#3136,.T.);
#6592=EDGE_CURVE('',#5535,#5536,#3137,.T.);
#6593=EDGE_CURVE('',#5536,#5537,#3138,.T.);
#6594=EDGE_CURVE('',#5537,#5538,#3139,.T.);
#6595=EDGE_CURVE('',#5538,#5529,#3140,.T.);
#6596=EDGE_CURVE('',#5539,#5540,#117,.T.);
#6597=EDGE_CURVE('',#5540,#5541,#3141,.T.);
#6598=EDGE_CURVE('',#5541,#5542,#3142,.T.);
#6599=EDGE_CURVE('',#5542,#5543,#118,.T.);
#6600=EDGE_CURVE('',#5543,#5544,#119,.T.);
#6601=EDGE_CURVE('',#5544,#5545,#120,.T.);
#6602=EDGE_CURVE('',#5545,#5546,#121,.T.);
#6603=EDGE_CURVE('',#5546,#5547,#3143,.T.);
#6604=EDGE_CURVE('',#5547,#5548,#122,.T.);
#6605=EDGE_CURVE('',#5548,#5549,#123,.T.);
#6606=EDGE_CURVE('',#5549,#5550,#124,.T.);
#6607=EDGE_CURVE('',#5550,#5551,#125,.T.);
#6608=EDGE_CURVE('',#5551,#5552,#126,.T.);
#6609=EDGE_CURVE('',#5552,#5553,#127,.T.);
#6610=EDGE_CURVE('',#5553,#5554,#128,.T.);
#6611=EDGE_CURVE('',#5554,#5555,#129,.T.);
#6612=EDGE_CURVE('',#5555,#5539,#130,.T.);
#6613=EDGE_CURVE('',#5556,#5557,#3144,.T.);
#6614=EDGE_CURVE('',#5557,#5558,#3145,.T.);
#6615=EDGE_CURVE('',#5558,#5559,#3146,.T.);
#6616=EDGE_CURVE('',#5559,#5560,#3147,.T.);
#6617=EDGE_CURVE('',#5560,#5561,#3148,.T.);
#6618=EDGE_CURVE('',#5561,#5562,#3149,.T.);
#6619=EDGE_CURVE('',#5562,#5563,#3150,.T.);
#6620=EDGE_CURVE('',#5563,#5564,#131,.T.);
#6621=EDGE_CURVE('',#5564,#5565,#132,.T.);
#6622=EDGE_CURVE('',#5565,#5566,#133,.T.);
#6623=EDGE_CURVE('',#5566,#5567,#3151,.T.);
#6624=EDGE_CURVE('',#5567,#5568,#134,.T.);
#6625=EDGE_CURVE('',#5568,#5569,#135,.T.);
#6626=EDGE_CURVE('',#5569,#5570,#136,.T.);
#6627=EDGE_CURVE('',#5570,#5571,#137,.T.);
#6628=EDGE_CURVE('',#5571,#5572,#3152,.T.);
#6629=EDGE_CURVE('',#5572,#5573,#3153,.T.);
#6630=EDGE_CURVE('',#5573,#5574,#3154,.T.);
#6631=EDGE_CURVE('',#5574,#5556,#3155,.T.);
#6632=EDGE_CURVE('',#5575,#5576,#3156,.T.);
#6633=EDGE_CURVE('',#5576,#5577,#3157,.T.);
#6634=EDGE_CURVE('',#5577,#5578,#3158,.T.);
#6635=EDGE_CURVE('',#5578,#5579,#3159,.T.);
#6636=EDGE_CURVE('',#5579,#5580,#138,.T.);
#6637=EDGE_CURVE('',#5580,#5581,#139,.T.);
#6638=EDGE_CURVE('',#5581,#5582,#140,.T.);
#6639=EDGE_CURVE('',#5582,#5583,#3160,.T.);
#6640=EDGE_CURVE('',#5583,#5584,#141,.T.);
#6641=EDGE_CURVE('',#5584,#5585,#142,.T.);
#6642=EDGE_CURVE('',#5585,#5586,#143,.T.);
#6643=EDGE_CURVE('',#5586,#5575,#3161,.T.);
#6644=EDGE_CURVE('',#5587,#5588,#3162,.T.);
#6645=EDGE_CURVE('',#5497,#5587,#3163,.T.);
#6646=EDGE_CURVE('',#5496,#5588,#3164,.T.);
#6647=EDGE_CURVE('',#5588,#5589,#3165,.T.);
#6648=EDGE_CURVE('',#5495,#5589,#3166,.T.);
#6649=EDGE_CURVE('',#5589,#5590,#3167,.T.);
#6650=EDGE_CURVE('',#5494,#5590,#3168,.T.);
#6651=EDGE_CURVE('',#5590,#5587,#3169,.T.);
#6652=EDGE_CURVE('',#5591,#5592,#3170,.T.);
#6653=EDGE_CURVE('',#5343,#5591,#3171,.T.);
#6654=EDGE_CURVE('',#5342,#5592,#3172,.T.);
#6655=EDGE_CURVE('',#5592,#5593,#3173,.T.);
#6656=EDGE_CURVE('',#5341,#5593,#3174,.T.);
#6657=EDGE_CURVE('',#5593,#5594,#3175,.T.);
#6658=EDGE_CURVE('',#5340,#5594,#3176,.T.);
#6659=EDGE_CURVE('',#5594,#5591,#3177,.T.);
#6660=EDGE_CURVE('',#5595,#5596,#144,.T.);
#6661=EDGE_CURVE('',#5582,#5595,#3178,.T.);
#6662=EDGE_CURVE('',#5581,#5596,#3179,.T.);
#6663=EDGE_CURVE('',#5596,#5597,#145,.T.);
#6664=EDGE_CURVE('',#5580,#5597,#3180,.T.);
#6665=EDGE_CURVE('',#5597,#5598,#146,.T.);
#6666=EDGE_CURVE('',#5579,#5598,#3181,.T.);
#6667=EDGE_CURVE('',#5598,#5599,#3182,.T.);
#6668=EDGE_CURVE('',#5578,#5599,#3183,.T.);
#6669=EDGE_CURVE('',#5599,#5600,#3184,.T.);
#6670=EDGE_CURVE('',#5577,#5600,#3185,.T.);
#6671=EDGE_CURVE('',#5600,#5601,#3186,.T.);
#6672=EDGE_CURVE('',#5576,#5601,#3187,.T.);
#6673=EDGE_CURVE('',#5601,#5602,#3188,.T.);
#6674=EDGE_CURVE('',#5575,#5602,#3189,.T.);
#6675=EDGE_CURVE('',#5602,#5603,#3190,.T.);
#6676=EDGE_CURVE('',#5586,#5603,#3191,.T.);
#6677=EDGE_CURVE('',#5603,#5604,#147,.T.);
#6678=EDGE_CURVE('',#5585,#5604,#3192,.T.);
#6679=EDGE_CURVE('',#5604,#5605,#148,.T.);
#6680=EDGE_CURVE('',#5584,#5605,#3193,.T.);
#6681=EDGE_CURVE('',#5605,#5606,#149,.T.);
#6682=EDGE_CURVE('',#5583,#5606,#3194,.T.);
#6683=EDGE_CURVE('',#5606,#5595,#3195,.T.);
#6684=EDGE_CURVE('',#5607,#5608,#150,.T.);
#6685=EDGE_CURVE('',#5566,#5607,#3196,.T.);
#6686=EDGE_CURVE('',#5565,#5608,#3197,.T.);
#6687=EDGE_CURVE('',#5608,#5609,#151,.T.);
#6688=EDGE_CURVE('',#5564,#5609,#3198,.T.);
#6689=EDGE_CURVE('',#5609,#5610,#152,.T.);
#6690=EDGE_CURVE('',#5563,#5610,#3199,.T.);
#6691=EDGE_CURVE('',#5610,#5611,#3200,.T.);
#6692=EDGE_CURVE('',#5562,#5611,#3201,.T.);
#6693=EDGE_CURVE('',#5611,#5612,#3202,.T.);
#6694=EDGE_CURVE('',#5561,#5612,#3203,.T.);
#6695=EDGE_CURVE('',#5612,#5613,#3204,.T.);
#6696=EDGE_CURVE('',#5560,#5613,#3205,.T.);
#6697=EDGE_CURVE('',#5613,#5614,#3206,.T.);
#6698=EDGE_CURVE('',#5559,#5614,#3207,.T.);
#6699=EDGE_CURVE('',#5614,#5615,#3208,.T.);
#6700=EDGE_CURVE('',#5558,#5615,#3209,.T.);
#6701=EDGE_CURVE('',#5615,#5616,#3210,.T.);
#6702=EDGE_CURVE('',#5557,#5616,#3211,.T.);
#6703=EDGE_CURVE('',#5616,#5617,#3212,.T.);
#6704=EDGE_CURVE('',#5556,#5617,#3213,.T.);
#6705=EDGE_CURVE('',#5617,#5618,#3214,.T.);
#6706=EDGE_CURVE('',#5574,#5618,#3215,.T.);
#6707=EDGE_CURVE('',#5618,#5619,#3216,.T.);
#6708=EDGE_CURVE('',#5573,#5619,#3217,.T.);
#6709=EDGE_CURVE('',#5619,#5620,#3218,.T.);
#6710=EDGE_CURVE('',#5572,#5620,#3219,.T.);
#6711=EDGE_CURVE('',#5620,#5621,#3220,.T.);
#6712=EDGE_CURVE('',#5571,#5621,#3221,.T.);
#6713=EDGE_CURVE('',#5621,#5622,#153,.T.);
#6714=EDGE_CURVE('',#5570,#5622,#3222,.T.);
#6715=EDGE_CURVE('',#5622,#5623,#154,.T.);
#6716=EDGE_CURVE('',#5569,#5623,#3223,.T.);
#6717=EDGE_CURVE('',#5623,#5624,#155,.T.);
#6718=EDGE_CURVE('',#5568,#5624,#3224,.T.);
#6719=EDGE_CURVE('',#5624,#5625,#156,.T.);
#6720=EDGE_CURVE('',#5567,#5625,#3225,.T.);
#6721=EDGE_CURVE('',#5625,#5607,#3226,.T.);
#6722=EDGE_CURVE('',#5626,#5627,#157,.T.);
#6723=EDGE_CURVE('',#5548,#5626,#3227,.T.);
#6724=EDGE_CURVE('',#5547,#5627,#3228,.T.);
#6725=EDGE_CURVE('',#5627,#5628,#3229,.T.);
#6726=EDGE_CURVE('',#5546,#5628,#3230,.T.);
#6727=EDGE_CURVE('',#5628,#5629,#158,.T.);
#6728=EDGE_CURVE('',#5545,#5629,#3231,.T.);
#6729=EDGE_CURVE('',#5629,#5630,#159,.T.);
#6730=EDGE_CURVE('',#5544,#5630,#3232,.T.);
#6731=EDGE_CURVE('',#5630,#5631,#160,.T.);
#6732=EDGE_CURVE('',#5543,#5631,#3233,.T.);
#6733=EDGE_CURVE('',#5631,#5632,#161,.T.);
#6734=EDGE_CURVE('',#5542,#5632,#3234,.T.);
#6735=EDGE_CURVE('',#5632,#5633,#3235,.T.);
#6736=EDGE_CURVE('',#5541,#5633,#3236,.T.);
#6737=EDGE_CURVE('',#5633,#5634,#3237,.T.);
#6738=EDGE_CURVE('',#5540,#5634,#3238,.T.);
#6739=EDGE_CURVE('',#5634,#5635,#162,.T.);
#6740=EDGE_CURVE('',#5539,#5635,#3239,.T.);
#6741=EDGE_CURVE('',#5635,#5636,#163,.T.);
#6742=EDGE_CURVE('',#5555,#5636,#3240,.T.);
#6743=EDGE_CURVE('',#5636,#5637,#164,.T.);
#6744=EDGE_CURVE('',#5554,#5637,#3241,.T.);
#6745=EDGE_CURVE('',#5637,#5638,#165,.T.);
#6746=EDGE_CURVE('',#5553,#5638,#3242,.T.);
#6747=EDGE_CURVE('',#5638,#5639,#166,.T.);
#6748=EDGE_CURVE('',#5552,#5639,#3243,.T.);
#6749=EDGE_CURVE('',#5639,#5640,#167,.T.);
#6750=EDGE_CURVE('',#5551,#5640,#3244,.T.);
#6751=EDGE_CURVE('',#5640,#5641,#168,.T.);
#6752=EDGE_CURVE('',#5550,#5641,#3245,.T.);
#6753=EDGE_CURVE('',#5641,#5642,#169,.T.);
#6754=EDGE_CURVE('',#5549,#5642,#3246,.T.);
#6755=EDGE_CURVE('',#5642,#5626,#170,.T.);
#6756=EDGE_CURVE('',#5643,#5644,#3247,.T.);
#6757=EDGE_CURVE('',#5535,#5643,#3248,.T.);
#6758=EDGE_CURVE('',#5534,#5644,#3249,.T.);
#6759=EDGE_CURVE('',#5644,#5645,#3250,.T.);
#6760=EDGE_CURVE('',#5533,#5645,#3251,.T.);
#6761=EDGE_CURVE('',#5645,#5646,#3252,.T.);
#6762=EDGE_CURVE('',#5532,#5646,#3253,.T.);
#6763=EDGE_CURVE('',#5646,#5647,#3254,.T.);
#6764=EDGE_CURVE('',#5531,#5647,#3255,.T.);
#6765=EDGE_CURVE('',#5647,#5648,#3256,.T.);
#6766=EDGE_CURVE('',#5530,#5648,#3257,.T.);
#6767=EDGE_CURVE('',#5648,#5649,#3258,.T.);
#6768=EDGE_CURVE('',#5529,#5649,#3259,.T.);
#6769=EDGE_CURVE('',#5649,#5650,#3260,.T.);
#6770=EDGE_CURVE('',#5538,#5650,#3261,.T.);
#6771=EDGE_CURVE('',#5650,#5651,#3262,.T.);
#6772=EDGE_CURVE('',#5537,#5651,#3263,.T.);
#6773=EDGE_CURVE('',#5651,#5652,#3264,.T.);
#6774=EDGE_CURVE('',#5536,#5652,#3265,.T.);
#6775=EDGE_CURVE('',#5652,#5643,#3266,.T.);
#6776=EDGE_CURVE('',#5653,#5654,#171,.T.);
#6777=EDGE_CURVE('',#5520,#5653,#3267,.T.);
#6778=EDGE_CURVE('',#5519,#5654,#3268,.T.);
#6779=EDGE_CURVE('',#5654,#5655,#172,.T.);
#6780=EDGE_CURVE('',#5518,#5655,#3269,.T.);
#6781=EDGE_CURVE('',#5655,#5656,#173,.T.);
#6782=EDGE_CURVE('',#5517,#5656,#3270,.T.);
#6783=EDGE_CURVE('',#5656,#5657,#3271,.T.);
#6784=EDGE_CURVE('',#5516,#5657,#3272,.T.);
#6785=EDGE_CURVE('',#5657,#5658,#3273,.T.);
#6786=EDGE_CURVE('',#5515,#5658,#3274,.T.);
#6787=EDGE_CURVE('',#5658,#5659,#3275,.T.);
#6788=EDGE_CURVE('',#5514,#5659,#3276,.T.);
#6789=EDGE_CURVE('',#5659,#5660,#3277,.T.);
#6790=EDGE_CURVE('',#5513,#5660,#3278,.T.);
#6791=EDGE_CURVE('',#5660,#5661,#3279,.T.);
#6792=EDGE_CURVE('',#5512,#5661,#3280,.T.);
#6793=EDGE_CURVE('',#5661,#5662,#3281,.T.);
#6794=EDGE_CURVE('',#5511,#5662,#3282,.T.);
#6795=EDGE_CURVE('',#5662,#5663,#3283,.T.);
#6796=EDGE_CURVE('',#5510,#5663,#3284,.T.);
#6797=EDGE_CURVE('',#5663,#5664,#3285,.T.);
#6798=EDGE_CURVE('',#5528,#5664,#3286,.T.);
#6799=EDGE_CURVE('',#5664,#5665,#3287,.T.);
#6800=EDGE_CURVE('',#5527,#5665,#3288,.T.);
#6801=EDGE_CURVE('',#5665,#5666,#3289,.T.);
#6802=EDGE_CURVE('',#5526,#5666,#3290,.T.);
#6803=EDGE_CURVE('',#5666,#5667,#3291,.T.);
#6804=EDGE_CURVE('',#5525,#5667,#3292,.T.);
#6805=EDGE_CURVE('',#5667,#5668,#174,.T.);
#6806=EDGE_CURVE('',#5524,#5668,#3293,.T.);
#6807=EDGE_CURVE('',#5668,#5669,#175,.T.);
#6808=EDGE_CURVE('',#5523,#5669,#3294,.T.);
#6809=EDGE_CURVE('',#5669,#5670,#176,.T.);
#6810=EDGE_CURVE('',#5522,#5670,#3295,.T.);
#6811=EDGE_CURVE('',#5670,#5671,#177,.T.);
#6812=EDGE_CURVE('',#5521,#5671,#3296,.T.);
#6813=EDGE_CURVE('',#5671,#5653,#3297,.T.);
#6814=EDGE_CURVE('',#5672,#5673,#3298,.T.);
#6815=EDGE_CURVE('',#5507,#5672,#3299,.T.);
#6816=EDGE_CURVE('',#5506,#5673,#3300,.T.);
#6817=EDGE_CURVE('',#5673,#5674,#3301,.T.);
#6818=EDGE_CURVE('',#5505,#5674,#3302,.T.);
#6819=EDGE_CURVE('',#5674,#5675,#3303,.T.);
#6820=EDGE_CURVE('',#5504,#5675,#3304,.T.);
#6821=EDGE_CURVE('',#5675,#5676,#3305,.T.);
#6822=EDGE_CURVE('',#5503,#5676,#3306,.T.);
#6823=EDGE_CURVE('',#5676,#5677,#3307,.T.);
#6824=EDGE_CURVE('',#5502,#5677,#3308,.T.);
#6825=EDGE_CURVE('',#5677,#5678,#3309,.T.);
#6826=EDGE_CURVE('',#5509,#5678,#3310,.T.);
#6827=EDGE_CURVE('',#5678,#5679,#3311,.T.);
#6828=EDGE_CURVE('',#5508,#5679,#3312,.T.);
#6829=EDGE_CURVE('',#5679,#5672,#3313,.T.);
#6830=EDGE_CURVE('',#5680,#5681,#178,.T.);
#6831=EDGE_CURVE('',#5682,#5680,#3314,.T.);
#6832=EDGE_CURVE('',#5683,#5682,#179,.T.);
#6833=EDGE_CURVE('',#5683,#5681,#3315,.T.);
#6834=EDGE_CURVE('',#5681,#5684,#180,.T.);
#6835=EDGE_CURVE('',#5685,#5683,#181,.T.);
#6836=EDGE_CURVE('',#5685,#5684,#3316,.T.);
#6837=EDGE_CURVE('',#5684,#5686,#182,.T.);
#6838=EDGE_CURVE('',#5687,#5685,#183,.T.);
#6839=EDGE_CURVE('',#5687,#5686,#3317,.T.);
#6840=EDGE_CURVE('',#5686,#5688,#184,.T.);
#6841=EDGE_CURVE('',#5689,#5687,#185,.T.);
#6842=EDGE_CURVE('',#5689,#5688,#3318,.T.);
#6843=EDGE_CURVE('',#5688,#5690,#186,.T.);
#6844=EDGE_CURVE('',#5691,#5689,#187,.T.);
#6845=EDGE_CURVE('',#5691,#5690,#3319,.T.);
#6846=EDGE_CURVE('',#5690,#5692,#188,.T.);
#6847=EDGE_CURVE('',#5693,#5691,#189,.T.);
#6848=EDGE_CURVE('',#5693,#5692,#3320,.T.);
#6849=EDGE_CURVE('',#5692,#5694,#190,.T.);
#6850=EDGE_CURVE('',#5695,#5693,#191,.T.);
#6851=EDGE_CURVE('',#5695,#5694,#3321,.T.);
#6852=EDGE_CURVE('',#5694,#5696,#192,.T.);
#6853=EDGE_CURVE('',#5697,#5695,#193,.T.);
#6854=EDGE_CURVE('',#5697,#5696,#3322,.T.);
#6855=EDGE_CURVE('',#5696,#5698,#194,.T.);
#6856=EDGE_CURVE('',#5699,#5697,#195,.T.);
#6857=EDGE_CURVE('',#5699,#5698,#3323,.T.);
#6858=EDGE_CURVE('',#5698,#5700,#196,.T.);
#6859=EDGE_CURVE('',#5701,#5699,#197,.T.);
#6860=EDGE_CURVE('',#5701,#5700,#3324,.T.);
#6861=EDGE_CURVE('',#5700,#5702,#198,.T.);
#6862=EDGE_CURVE('',#5703,#5701,#199,.T.);
#6863=EDGE_CURVE('',#5703,#5704,#3325,.T.);
#6864=EDGE_CURVE('',#5704,#5705,#200,.T.);
#6865=EDGE_CURVE('',#5702,#5705,#201,.T.);
#6866=EDGE_CURVE('',#5706,#5707,#202,.T.);
#6867=EDGE_CURVE('',#5706,#5708,#203,.T.);
#6868=EDGE_CURVE('',#5709,#5708,#3326,.T.);
#6869=EDGE_CURVE('',#5710,#5709,#204,.T.);
#6870=EDGE_CURVE('',#5710,#5711,#3327,.T.);
#6871=EDGE_CURVE('',#5707,#5711,#205,.T.);
#6872=EDGE_CURVE('',#5705,#5706,#3328,.T.);
#6873=EDGE_CURVE('',#5712,#5704,#206,.T.);
#6874=EDGE_CURVE('',#5713,#5712,#207,.T.);
#6875=EDGE_CURVE('',#5714,#5713,#208,.T.);
#6876=EDGE_CURVE('',#5715,#5714,#3329,.T.);
#6877=EDGE_CURVE('',#5716,#5715,#209,.T.);
#6878=EDGE_CURVE('',#5717,#5716,#210,.T.);
#6879=EDGE_CURVE('',#5708,#5717,#211,.T.);
#6880=EDGE_CURVE('',#5714,#5718,#212,.T.);
#6881=EDGE_CURVE('',#5719,#5713,#3330,.T.);
#6882=EDGE_CURVE('',#5720,#5719,#213,.T.);
#6883=EDGE_CURVE('',#5720,#5721,#3331,.T.);
#6884=EDGE_CURVE('',#5718,#5721,#214,.T.);
#6885=EDGE_CURVE('',#5722,#5723,#215,.T.);
#6886=EDGE_CURVE('',#5722,#5717,#3332,.T.);
#6887=EDGE_CURVE('',#5723,#5716,#3333,.T.);
#6888=EDGE_CURVE('',#5709,#5722,#216,.T.);
#6889=EDGE_CURVE('',#5711,#5724,#217,.T.);
#6890=EDGE_CURVE('',#5725,#5710,#218,.T.);
#6891=EDGE_CURVE('',#5725,#5724,#3334,.T.);
#6892=EDGE_CURVE('',#5724,#5726,#219,.T.);
#6893=EDGE_CURVE('',#5727,#5725,#220,.T.);
#6894=EDGE_CURVE('',#5727,#5726,#3335,.T.);
#6895=EDGE_CURVE('',#5726,#5728,#221,.T.);
#6896=EDGE_CURVE('',#5729,#5727,#222,.T.);
#6897=EDGE_CURVE('',#5729,#5728,#3336,.T.);
#6898=EDGE_CURVE('',#5728,#5730,#3337,.T.);
#6899=EDGE_CURVE('',#5731,#5729,#3338,.T.);
#6900=EDGE_CURVE('',#5731,#5730,#3339,.T.);
#6901=EDGE_CURVE('',#5730,#5732,#223,.T.);
#6902=EDGE_CURVE('',#5733,#5731,#224,.T.);
#6903=EDGE_CURVE('',#5733,#5732,#3340,.T.);
#6904=EDGE_CURVE('',#5732,#5734,#225,.T.);
#6905=EDGE_CURVE('',#5735,#5733,#226,.T.);
#6906=EDGE_CURVE('',#5735,#5734,#3341,.T.);
#6907=EDGE_CURVE('',#5734,#5736,#227,.T.);
#6908=EDGE_CURVE('',#5737,#5735,#228,.T.);
#6909=EDGE_CURVE('',#5737,#5736,#3342,.T.);
#6910=EDGE_CURVE('',#5736,#5738,#229,.T.);
#6911=EDGE_CURVE('',#5739,#5737,#230,.T.);
#6912=EDGE_CURVE('',#5739,#5738,#3343,.T.);
#6913=EDGE_CURVE('',#5738,#5740,#231,.T.);
#6914=EDGE_CURVE('',#5741,#5739,#232,.T.);
#6915=EDGE_CURVE('',#5741,#5740,#3344,.T.);
#6916=EDGE_CURVE('',#5740,#5742,#233,.T.);
#6917=EDGE_CURVE('',#5743,#5741,#234,.T.);
#6918=EDGE_CURVE('',#5743,#5742,#3345,.T.);
#6919=EDGE_CURVE('',#5742,#5744,#235,.T.);
#6920=EDGE_CURVE('',#5745,#5743,#236,.T.);
#6921=EDGE_CURVE('',#5745,#5744,#3346,.T.);
#6922=EDGE_CURVE('',#5744,#5746,#3347,.T.);
#6923=EDGE_CURVE('',#5747,#5745,#3348,.T.);
#6924=EDGE_CURVE('',#5747,#5746,#3349,.T.);
#6925=EDGE_CURVE('',#5746,#5680,#237,.T.);
#6926=EDGE_CURVE('',#5682,#5747,#238,.T.);
#6927=EDGE_CURVE('',#5748,#5703,#239,.T.);
#6928=EDGE_CURVE('',#5748,#5712,#3350,.T.);
#6929=EDGE_CURVE('',#5719,#5748,#240,.T.);
#6930=EDGE_CURVE('',#5721,#5749,#3351,.T.);
#6931=EDGE_CURVE('',#5750,#5720,#3352,.T.);
#6932=EDGE_CURVE('',#5750,#5749,#3353,.T.);
#6933=EDGE_CURVE('',#5751,#5715,#241,.T.);
#6934=EDGE_CURVE('',#5749,#5751,#242,.T.);
#6935=EDGE_CURVE('',#5723,#5750,#243,.T.);
#6936=EDGE_CURVE('',#5752,#5753,#3354,.T.);
#6937=EDGE_CURVE('',#5754,#5752,#3355,.T.);
#6938=EDGE_CURVE('',#5755,#5754,#3356,.T.);
#6939=EDGE_CURVE('',#5755,#5753,#3357,.T.);
#6940=EDGE_CURVE('',#5753,#5756,#3358,.T.);
#6941=EDGE_CURVE('',#5757,#5755,#3359,.T.);
#6942=EDGE_CURVE('',#5757,#5758,#3360,.T.);
#6943=EDGE_CURVE('',#5758,#5759,#3361,.T.);
#6944=EDGE_CURVE('',#5756,#5759,#3362,.T.);
#6945=EDGE_CURVE('',#5759,#5760,#3363,.T.);
#6946=EDGE_CURVE('',#5761,#5758,#3364,.T.);
#6947=EDGE_CURVE('',#5762,#5761,#244,.T.);
#6948=EDGE_CURVE('',#5760,#5762,#245,.T.);
#6949=EDGE_CURVE('',#5760,#5763,#246,.T.);
#6950=EDGE_CURVE('',#5764,#5762,#3365,.T.);
#6951=EDGE_CURVE('',#5765,#5764,#247,.T.);
#6952=EDGE_CURVE('',#5765,#5766,#3366,.T.);
#6953=EDGE_CURVE('',#5763,#5766,#248,.T.);
#6954=EDGE_CURVE('',#5764,#5767,#249,.T.);
#6955=EDGE_CURVE('',#5767,#5761,#3367,.T.);
#6956=EDGE_CURVE('',#5766,#5768,#3368,.T.);
#6957=EDGE_CURVE('',#5769,#5765,#3369,.T.);
#6958=EDGE_CURVE('',#5769,#5768,#3370,.T.);
#6959=EDGE_CURVE('',#5768,#5770,#250,.T.);
#6960=EDGE_CURVE('',#5771,#5769,#251,.T.);
#6961=EDGE_CURVE('',#5771,#5770,#3371,.T.);
#6962=EDGE_CURVE('',#5770,#5772,#252,.T.);
#6963=EDGE_CURVE('',#5773,#5771,#253,.T.);
#6964=EDGE_CURVE('',#5773,#5772,#3372,.T.);
#6965=EDGE_CURVE('',#5772,#5752,#3373,.T.);
#6966=EDGE_CURVE('',#5754,#5773,#3374,.T.);
#6967=EDGE_CURVE('',#5767,#5757,#3375,.T.);
#6968=EDGE_CURVE('',#5774,#5775,#254,.T.);
#6969=EDGE_CURVE('',#5776,#5774,#3376,.T.);
#6970=EDGE_CURVE('',#5777,#5776,#255,.T.);
#6971=EDGE_CURVE('',#5777,#5778,#3377,.T.);
#6972=EDGE_CURVE('',#5778,#5779,#256,.T.);
#6973=EDGE_CURVE('',#5775,#5779,#257,.T.);
#6974=EDGE_CURVE('',#5780,#5781,#258,.T.);
#6975=EDGE_CURVE('',#5780,#5782,#259,.T.);
#6976=EDGE_CURVE('',#5783,#5782,#3378,.T.);
#6977=EDGE_CURVE('',#5784,#5783,#260,.T.);
#6978=EDGE_CURVE('',#5784,#5785,#3379,.T.);
#6979=EDGE_CURVE('',#5781,#5785,#261,.T.);
#6980=EDGE_CURVE('',#5786,#5787,#262,.T.);
#6981=EDGE_CURVE('',#5788,#5786,#3380,.T.);
#6982=EDGE_CURVE('',#5789,#5788,#263,.T.);
#6983=EDGE_CURVE('',#5789,#5787,#3381,.T.);
#6984=EDGE_CURVE('',#5787,#5790,#264,.T.);
#6985=EDGE_CURVE('',#5791,#5789,#265,.T.);
#6986=EDGE_CURVE('',#5791,#5790,#3382,.T.);
#6987=EDGE_CURVE('',#5790,#5792,#266,.T.);
#6988=EDGE_CURVE('',#5793,#5791,#267,.T.);
#6989=EDGE_CURVE('',#5793,#5792,#3383,.T.);
#6990=EDGE_CURVE('',#5792,#5794,#268,.T.);
#6991=EDGE_CURVE('',#5795,#5793,#269,.T.);
#6992=EDGE_CURVE('',#5795,#5794,#3384,.T.);
#6993=EDGE_CURVE('',#5794,#5796,#270,.T.);
#6994=EDGE_CURVE('',#5797,#5795,#271,.T.);
#6995=EDGE_CURVE('',#5797,#5798,#3385,.T.);
#6996=EDGE_CURVE('',#5798,#5799,#272,.T.);
#6997=EDGE_CURVE('',#5796,#5799,#273,.T.);
#6998=EDGE_CURVE('',#5779,#5780,#3386,.T.);
#6999=EDGE_CURVE('',#5800,#5778,#274,.T.);
#7000=EDGE_CURVE('',#5799,#5800,#3387,.T.);
#7001=EDGE_CURVE('',#5801,#5798,#275,.T.);
#7002=EDGE_CURVE('',#5802,#5801,#276,.T.);
#7003=EDGE_CURVE('',#5803,#5802,#277,.T.);
#7004=EDGE_CURVE('',#5782,#5803,#278,.T.);
#7005=EDGE_CURVE('',#5800,#5804,#279,.T.);
#7006=EDGE_CURVE('',#5805,#5777,#280,.T.);
#7007=EDGE_CURVE('',#5805,#5806,#3388,.T.);
#7008=EDGE_CURVE('',#5804,#5806,#281,.T.);
#7009=EDGE_CURVE('',#5807,#5786,#3389,.T.);
#7010=EDGE_CURVE('',#5808,#5807,#3390,.T.);
#7011=EDGE_CURVE('',#5788,#5808,#3391,.T.);
#7012=EDGE_CURVE('',#5809,#5797,#282,.T.);
#7013=EDGE_CURVE('',#5809,#5801,#3392,.T.);
#7014=EDGE_CURVE('',#5810,#5809,#283,.T.);
#7015=EDGE_CURVE('',#5810,#5802,#3393,.T.);
#7016=EDGE_CURVE('',#5811,#5810,#284,.T.);
#7017=EDGE_CURVE('',#5811,#5803,#3394,.T.);
#7018=EDGE_CURVE('',#5783,#5811,#285,.T.);
#7019=EDGE_CURVE('',#5785,#5812,#3395,.T.);
#7020=EDGE_CURVE('',#5813,#5784,#3396,.T.);
#7021=EDGE_CURVE('',#5813,#5812,#3397,.T.);
#7022=EDGE_CURVE('',#5812,#5774,#286,.T.);
#7023=EDGE_CURVE('',#5776,#5813,#287,.T.);
#7024=EDGE_CURVE('',#5806,#5814,#288,.T.);
#7025=EDGE_CURVE('',#5815,#5805,#289,.T.);
#7026=EDGE_CURVE('',#5815,#5814,#3398,.T.);
#7027=EDGE_CURVE('',#5814,#5816,#290,.T.);
#7028=EDGE_CURVE('',#5817,#5815,#291,.T.);
#7029=EDGE_CURVE('',#5817,#5816,#3399,.T.);
#7030=EDGE_CURVE('',#5816,#5818,#292,.T.);
#7031=EDGE_CURVE('',#5819,#5817,#293,.T.);
#7032=EDGE_CURVE('',#5819,#5818,#3400,.T.);
#7033=EDGE_CURVE('',#5818,#5820,#294,.T.);
#7034=EDGE_CURVE('',#5821,#5819,#295,.T.);
#7035=EDGE_CURVE('',#5821,#5820,#3401,.T.);
#7036=EDGE_CURVE('',#5820,#5822,#296,.T.);
#7037=EDGE_CURVE('',#5823,#5821,#297,.T.);
#7038=EDGE_CURVE('',#5823,#5822,#3402,.T.);
#7039=EDGE_CURVE('',#5822,#5824,#3403,.T.);
#7040=EDGE_CURVE('',#5825,#5823,#3404,.T.);
#7041=EDGE_CURVE('',#5825,#5824,#3405,.T.);
#7042=EDGE_CURVE('',#5824,#5807,#3406,.T.);
#7043=EDGE_CURVE('',#5808,#5825,#3407,.T.);
#7044=EDGE_CURVE('',#5826,#5827,#3408,.T.);
#7045=EDGE_CURVE('',#5828,#5826,#3409,.T.);
#7046=EDGE_CURVE('',#5829,#5828,#3410,.T.);
#7047=EDGE_CURVE('',#5829,#5827,#3411,.T.);
#7048=EDGE_CURVE('',#5827,#5830,#3412,.T.);
#7049=EDGE_CURVE('',#5831,#5829,#3413,.T.);
#7050=EDGE_CURVE('',#5831,#5830,#3414,.T.);
#7051=EDGE_CURVE('',#5830,#5832,#3415,.T.);
#7052=EDGE_CURVE('',#5833,#5831,#3416,.T.);
#7053=EDGE_CURVE('',#5833,#5834,#3417,.T.);
#7054=EDGE_CURVE('',#5834,#5835,#3418,.T.);
#7055=EDGE_CURVE('',#5832,#5835,#3419,.T.);
#7056=EDGE_CURVE('',#5835,#5836,#3420,.T.);
#7057=EDGE_CURVE('',#5837,#5834,#3421,.T.);
#7058=EDGE_CURVE('',#5836,#5837,#3422,.T.);
#7059=EDGE_CURVE('',#5836,#5838,#3423,.T.);
#7060=EDGE_CURVE('',#5839,#5837,#3424,.T.);
#7061=EDGE_CURVE('',#5840,#5839,#3425,.T.);
#7062=EDGE_CURVE('',#5840,#5841,#3426,.T.);
#7063=EDGE_CURVE('',#5838,#5841,#3427,.T.);
#7064=EDGE_CURVE('',#5842,#5843,#3428,.T.);
#7065=EDGE_CURVE('',#5844,#5842,#3429,.T.);
#7066=EDGE_CURVE('',#5845,#5844,#3430,.T.);
#7067=EDGE_CURVE('',#5845,#5843,#3431,.T.);
#7068=EDGE_CURVE('',#5843,#5846,#3432,.T.);
#7069=EDGE_CURVE('',#5847,#5845,#3433,.T.);
#7070=EDGE_CURVE('',#5847,#5846,#3434,.T.);
#7071=EDGE_CURVE('',#5846,#5826,#3435,.T.);
#7072=EDGE_CURVE('',#5828,#5847,#3436,.T.);
#7073=EDGE_CURVE('',#5839,#5833,#3437,.T.);
#7074=EDGE_CURVE('',#5841,#5848,#3438,.T.);
#7075=EDGE_CURVE('',#5849,#5840,#3439,.T.);
#7076=EDGE_CURVE('',#5849,#5848,#3440,.T.);
#7077=EDGE_CURVE('',#5848,#5850,#3441,.T.);
#7078=EDGE_CURVE('',#5851,#5849,#3442,.T.);
#7079=EDGE_CURVE('',#5851,#5850,#3443,.T.);
#7080=EDGE_CURVE('',#5850,#5842,#3444,.T.);
#7081=EDGE_CURVE('',#5844,#5851,#3445,.T.);
#7082=EDGE_CURVE('',#5751,#5707,#3446,.F.);
#7083=EDGE_CURVE('',#5796,#5718,#3447,.F.);
#7084=EDGE_CURVE('',#5775,#5804,#3448,.F.);
#7085=EDGE_CURVE('',#5756,#5781,#3449,.F.);
#7086=EDGE_CURVE('',#5852,#5763,#3450,.F.);
#7087=EDGE_CURVE('',#5853,#5852,#3451,.F.);
#7088=EDGE_CURVE('',#5854,#5853,#3452,.F.);
#7089=EDGE_CURVE('',#5855,#5854,#3453,.F.);
#7090=EDGE_CURVE('',#5832,#5855,#3454,.F.);
#7091=EDGE_CURVE('',#5702,#5838,#3455,.F.);
#7092=EDGE_CURVE('',#5856,#5855,#3456,.F.);
#7093=EDGE_CURVE('',#5857,#5856,#3457,.F.);
#7094=EDGE_CURVE('',#5857,#5852,#3458,.F.);
#7095=EDGE_CURVE('',#5858,#5858,#4854,.T.);
#7096=EDGE_CURVE('',#5859,#5859,#4855,.T.);
#7097=EDGE_CURVE('',#5860,#5860,#4856,.T.);
#7098=EDGE_CURVE('',#5861,#5861,#4857,.T.);
#7099=EDGE_CURVE('',#5862,#5862,#4858,.T.);
#7100=EDGE_CURVE('',#5862,#5339,#3459,.T.);
#7101=EDGE_CURVE('',#5493,#5863,#3460,.T.);
#7102=EDGE_CURVE('',#5863,#5863,#4859,.T.);
#7103=EDGE_CURVE('',#5864,#5864,#4860,.T.);
#7104=EDGE_CURVE('',#5864,#5338,#3461,.T.);
#7105=EDGE_CURVE('',#5492,#5865,#3462,.T.);
#7106=EDGE_CURVE('',#5865,#5865,#4861,.T.);
#7107=EDGE_CURVE('',#5866,#5866,#4862,.T.);
#7108=EDGE_CURVE('',#5866,#5337,#3463,.T.);
#7109=EDGE_CURVE('',#5491,#5867,#3464,.T.);
#7110=EDGE_CURVE('',#5867,#5867,#4863,.T.);
#7111=EDGE_CURVE('',#5868,#5868,#4864,.T.);
#7112=EDGE_CURVE('',#5868,#5336,#3465,.T.);
#7113=EDGE_CURVE('',#5490,#5869,#3466,.T.);
#7114=EDGE_CURVE('',#5869,#5869,#4865,.T.);
#7115=EDGE_CURVE('',#5870,#5870,#4866,.T.);
#7116=EDGE_CURVE('',#5870,#5335,#3467,.T.);
#7117=EDGE_CURVE('',#5489,#5871,#3468,.T.);
#7118=EDGE_CURVE('',#5871,#5871,#4867,.T.);
#7119=EDGE_CURVE('',#5872,#5872,#4868,.T.);
#7120=EDGE_CURVE('',#5872,#5334,#3469,.T.);
#7121=EDGE_CURVE('',#5488,#5873,#3470,.T.);
#7122=EDGE_CURVE('',#5873,#5873,#4869,.T.);
#7123=EDGE_CURVE('',#5874,#5874,#4870,.T.);
#7124=EDGE_CURVE('',#5874,#5333,#3471,.T.);
#7125=EDGE_CURVE('',#5487,#5875,#3472,.T.);
#7126=EDGE_CURVE('',#5875,#5875,#4871,.T.);
#7127=EDGE_CURVE('',#5876,#5876,#4872,.T.);
#7128=EDGE_CURVE('',#5876,#5332,#3473,.T.);
#7129=EDGE_CURVE('',#5486,#5877,#3474,.T.);
#7130=EDGE_CURVE('',#5877,#5877,#4873,.T.);
#7131=EDGE_CURVE('',#5878,#5878,#4874,.T.);
#7132=EDGE_CURVE('',#5878,#5331,#3475,.T.);
#7133=EDGE_CURVE('',#5485,#5879,#3476,.T.);
#7134=EDGE_CURVE('',#5879,#5879,#4875,.T.);
#7135=EDGE_CURVE('',#5880,#5880,#4876,.T.);
#7136=EDGE_CURVE('',#5880,#5330,#3477,.T.);
#7137=EDGE_CURVE('',#5484,#5881,#3478,.T.);
#7138=EDGE_CURVE('',#5881,#5881,#4877,.T.);
#7139=EDGE_CURVE('',#5882,#5882,#4878,.T.);
#7140=EDGE_CURVE('',#5882,#5329,#3479,.T.);
#7141=EDGE_CURVE('',#5483,#5883,#3480,.T.);
#7142=EDGE_CURVE('',#5883,#5883,#4879,.T.);
#7143=EDGE_CURVE('',#5884,#5884,#4880,.T.);
#7144=EDGE_CURVE('',#5884,#5328,#3481,.T.);
#7145=EDGE_CURVE('',#5482,#5885,#3482,.T.);
#7146=EDGE_CURVE('',#5885,#5885,#4881,.T.);
#7147=EDGE_CURVE('',#5886,#5886,#4882,.T.);
#7148=EDGE_CURVE('',#5886,#5327,#3483,.T.);
#7149=EDGE_CURVE('',#5481,#5887,#3484,.T.);
#7150=EDGE_CURVE('',#5887,#5887,#4883,.T.);
#7151=EDGE_CURVE('',#5888,#5888,#4884,.T.);
#7152=EDGE_CURVE('',#5888,#5326,#3485,.T.);
#7153=EDGE_CURVE('',#5480,#5889,#3486,.T.);
#7154=EDGE_CURVE('',#5889,#5889,#4885,.T.);
#7155=EDGE_CURVE('',#5890,#5890,#4886,.T.);
#7156=EDGE_CURVE('',#5890,#5325,#3487,.T.);
#7157=EDGE_CURVE('',#5479,#5891,#3488,.T.);
#7158=EDGE_CURVE('',#5891,#5891,#4887,.T.);
#7159=EDGE_CURVE('',#5892,#5892,#4888,.T.);
#7160=EDGE_CURVE('',#5892,#5324,#3489,.T.);
#7161=EDGE_CURVE('',#5478,#5893,#3490,.T.);
#7162=EDGE_CURVE('',#5893,#5893,#4889,.T.);
#7163=EDGE_CURVE('',#5894,#5894,#4890,.T.);
#7164=EDGE_CURVE('',#5894,#5323,#3491,.T.);
#7165=EDGE_CURVE('',#5477,#5895,#3492,.T.);
#7166=EDGE_CURVE('',#5895,#5895,#4891,.T.);
#7167=EDGE_CURVE('',#5896,#5896,#4892,.T.);
#7168=EDGE_CURVE('',#5896,#5322,#3493,.T.);
#7169=EDGE_CURVE('',#5476,#5897,#3494,.T.);
#7170=EDGE_CURVE('',#5897,#5897,#4893,.T.);
#7171=EDGE_CURVE('',#5898,#5898,#4894,.T.);
#7172=EDGE_CURVE('',#5898,#5321,#3495,.T.);
#7173=EDGE_CURVE('',#5475,#5899,#3496,.T.);
#7174=EDGE_CURVE('',#5899,#5899,#4895,.T.);
#7175=EDGE_CURVE('',#5900,#5900,#4896,.T.);
#7176=EDGE_CURVE('',#5900,#5320,#3497,.T.);
#7177=EDGE_CURVE('',#5474,#5901,#3498,.T.);
#7178=EDGE_CURVE('',#5901,#5901,#4897,.T.);
#7179=EDGE_CURVE('',#5902,#5902,#4898,.T.);
#7180=EDGE_CURVE('',#5902,#5319,#3499,.T.);
#7181=EDGE_CURVE('',#5473,#5903,#3500,.T.);
#7182=EDGE_CURVE('',#5903,#5903,#4899,.T.);
#7183=EDGE_CURVE('',#5904,#5904,#4900,.T.);
#7184=EDGE_CURVE('',#5904,#5318,#3501,.T.);
#7185=EDGE_CURVE('',#5472,#5905,#3502,.T.);
#7186=EDGE_CURVE('',#5905,#5905,#4901,.T.);
#7187=EDGE_CURVE('',#5906,#5906,#4902,.T.);
#7188=EDGE_CURVE('',#5906,#5317,#3503,.T.);
#7189=EDGE_CURVE('',#5471,#5907,#3504,.T.);
#7190=EDGE_CURVE('',#5907,#5907,#4903,.T.);
#7191=EDGE_CURVE('',#5908,#5908,#4904,.T.);
#7192=EDGE_CURVE('',#5908,#5316,#3505,.T.);
#7193=EDGE_CURVE('',#5470,#5909,#3506,.T.);
#7194=EDGE_CURVE('',#5909,#5909,#4905,.T.);
#7195=EDGE_CURVE('',#5910,#5910,#4906,.T.);
#7196=EDGE_CURVE('',#5910,#5315,#3507,.T.);
#7197=EDGE_CURVE('',#5469,#5911,#3508,.T.);
#7198=EDGE_CURVE('',#5911,#5911,#4907,.T.);
#7199=EDGE_CURVE('',#5912,#5912,#4908,.T.);
#7200=EDGE_CURVE('',#5912,#5314,#3509,.T.);
#7201=EDGE_CURVE('',#5468,#5913,#3510,.T.);
#7202=EDGE_CURVE('',#5913,#5913,#4909,.T.);
#7203=EDGE_CURVE('',#5914,#5914,#4910,.T.);
#7204=EDGE_CURVE('',#5914,#5313,#3511,.T.);
#7205=EDGE_CURVE('',#5467,#5915,#3512,.T.);
#7206=EDGE_CURVE('',#5915,#5915,#4911,.T.);
#7207=EDGE_CURVE('',#5916,#5916,#4912,.T.);
#7208=EDGE_CURVE('',#5916,#5312,#3513,.T.);
#7209=EDGE_CURVE('',#5466,#5917,#3514,.T.);
#7210=EDGE_CURVE('',#5917,#5917,#4913,.T.);
#7211=EDGE_CURVE('',#5918,#5918,#4914,.T.);
#7212=EDGE_CURVE('',#5918,#5311,#3515,.T.);
#7213=EDGE_CURVE('',#5465,#5919,#3516,.T.);
#7214=EDGE_CURVE('',#5919,#5919,#4915,.T.);
#7215=EDGE_CURVE('',#5920,#5920,#4916,.T.);
#7216=EDGE_CURVE('',#5920,#5310,#3517,.T.);
#7217=EDGE_CURVE('',#5464,#5921,#3518,.T.);
#7218=EDGE_CURVE('',#5921,#5921,#4917,.T.);
#7219=EDGE_CURVE('',#5922,#5922,#4918,.T.);
#7220=EDGE_CURVE('',#5922,#5309,#3519,.T.);
#7221=EDGE_CURVE('',#5463,#5923,#3520,.T.);
#7222=EDGE_CURVE('',#5923,#5923,#4919,.T.);
#7223=EDGE_CURVE('',#5924,#5924,#4920,.T.);
#7224=EDGE_CURVE('',#5924,#5308,#3521,.T.);
#7225=EDGE_CURVE('',#5462,#5925,#3522,.T.);
#7226=EDGE_CURVE('',#5925,#5925,#4921,.T.);
#7227=EDGE_CURVE('',#5926,#5926,#4922,.T.);
#7228=EDGE_CURVE('',#5926,#5307,#3523,.T.);
#7229=EDGE_CURVE('',#5461,#5927,#3524,.T.);
#7230=EDGE_CURVE('',#5927,#5927,#4923,.T.);
#7231=EDGE_CURVE('',#5928,#5928,#4924,.T.);
#7232=EDGE_CURVE('',#5928,#5306,#3525,.T.);
#7233=EDGE_CURVE('',#5460,#5929,#3526,.T.);
#7234=EDGE_CURVE('',#5929,#5929,#4925,.T.);
#7235=EDGE_CURVE('',#5930,#5930,#4926,.T.);
#7236=EDGE_CURVE('',#5930,#5305,#3527,.T.);
#7237=EDGE_CURVE('',#5459,#5931,#3528,.T.);
#7238=EDGE_CURVE('',#5931,#5931,#4927,.T.);
#7239=EDGE_CURVE('',#5932,#5932,#4928,.T.);
#7240=EDGE_CURVE('',#5932,#5304,#3529,.T.);
#7241=EDGE_CURVE('',#5458,#5933,#3530,.T.);
#7242=EDGE_CURVE('',#5933,#5933,#4929,.T.);
#7243=EDGE_CURVE('',#5934,#5934,#4930,.T.);
#7244=EDGE_CURVE('',#5934,#5303,#3531,.T.);
#7245=EDGE_CURVE('',#5457,#5935,#3532,.T.);
#7246=EDGE_CURVE('',#5935,#5935,#4931,.T.);
#7247=EDGE_CURVE('',#5936,#5936,#4932,.T.);
#7248=EDGE_CURVE('',#5936,#5302,#3533,.T.);
#7249=EDGE_CURVE('',#5456,#5937,#3534,.T.);
#7250=EDGE_CURVE('',#5937,#5937,#4933,.T.);
#7251=EDGE_CURVE('',#5938,#5938,#4934,.T.);
#7252=EDGE_CURVE('',#5938,#5301,#3535,.T.);
#7253=EDGE_CURVE('',#5455,#5939,#3536,.T.);
#7254=EDGE_CURVE('',#5939,#5939,#4935,.T.);
#7255=EDGE_CURVE('',#5940,#5940,#4936,.T.);
#7256=EDGE_CURVE('',#5940,#5300,#3537,.T.);
#7257=EDGE_CURVE('',#5454,#5941,#3538,.T.);
#7258=EDGE_CURVE('',#5941,#5941,#4937,.T.);
#7259=EDGE_CURVE('',#5942,#5942,#4938,.T.);
#7260=EDGE_CURVE('',#5942,#5299,#3539,.T.);
#7261=EDGE_CURVE('',#5453,#5943,#3540,.T.);
#7262=EDGE_CURVE('',#5943,#5943,#4939,.T.);
#7263=EDGE_CURVE('',#5944,#5944,#4940,.T.);
#7264=EDGE_CURVE('',#5944,#5298,#3541,.T.);
#7265=EDGE_CURVE('',#5452,#5945,#3542,.T.);
#7266=EDGE_CURVE('',#5945,#5945,#4941,.T.);
#7267=EDGE_CURVE('',#5946,#5946,#4942,.T.);
#7268=EDGE_CURVE('',#5946,#5297,#3543,.T.);
#7269=EDGE_CURVE('',#5451,#5947,#3544,.T.);
#7270=EDGE_CURVE('',#5947,#5947,#4943,.T.);
#7271=EDGE_CURVE('',#5948,#5948,#4944,.T.);
#7272=EDGE_CURVE('',#5948,#5296,#3545,.T.);
#7273=EDGE_CURVE('',#5450,#5949,#3546,.T.);
#7274=EDGE_CURVE('',#5949,#5949,#4945,.T.);
#7275=EDGE_CURVE('',#5950,#5950,#4946,.T.);
#7276=EDGE_CURVE('',#5950,#5295,#3547,.T.);
#7277=EDGE_CURVE('',#5449,#5951,#3548,.T.);
#7278=EDGE_CURVE('',#5951,#5951,#4947,.T.);
#7279=EDGE_CURVE('',#5952,#5952,#4948,.T.);
#7280=EDGE_CURVE('',#5952,#5294,#3549,.T.);
#7281=EDGE_CURVE('',#5448,#5953,#3550,.T.);
#7282=EDGE_CURVE('',#5953,#5953,#4949,.T.);
#7283=EDGE_CURVE('',#5954,#5954,#4950,.T.);
#7284=EDGE_CURVE('',#5954,#5293,#3551,.T.);
#7285=EDGE_CURVE('',#5447,#5955,#3552,.T.);
#7286=EDGE_CURVE('',#5955,#5955,#4951,.T.);
#7287=EDGE_CURVE('',#5956,#5956,#4952,.T.);
#7288=EDGE_CURVE('',#5956,#5292,#3553,.T.);
#7289=EDGE_CURVE('',#5446,#5957,#3554,.T.);
#7290=EDGE_CURVE('',#5957,#5957,#4953,.T.);
#7291=EDGE_CURVE('',#5958,#5958,#4954,.T.);
#7292=EDGE_CURVE('',#5958,#5291,#3555,.T.);
#7293=EDGE_CURVE('',#5445,#5959,#3556,.T.);
#7294=EDGE_CURVE('',#5959,#5959,#4955,.T.);
#7295=EDGE_CURVE('',#5960,#5960,#4956,.T.);
#7296=EDGE_CURVE('',#5960,#5290,#3557,.T.);
#7297=EDGE_CURVE('',#5444,#5961,#3558,.T.);
#7298=EDGE_CURVE('',#5961,#5961,#4957,.T.);
#7299=EDGE_CURVE('',#5962,#5962,#4958,.T.);
#7300=EDGE_CURVE('',#5962,#5289,#3559,.T.);
#7301=EDGE_CURVE('',#5443,#5963,#3560,.T.);
#7302=EDGE_CURVE('',#5963,#5963,#4959,.T.);
#7303=EDGE_CURVE('',#5964,#5964,#4960,.T.);
#7304=EDGE_CURVE('',#5964,#5288,#3561,.T.);
#7305=EDGE_CURVE('',#5442,#5965,#3562,.T.);
#7306=EDGE_CURVE('',#5965,#5965,#4961,.T.);
#7307=EDGE_CURVE('',#5966,#5966,#4962,.T.);
#7308=EDGE_CURVE('',#5966,#5287,#3563,.T.);
#7309=EDGE_CURVE('',#5441,#5967,#3564,.T.);
#7310=EDGE_CURVE('',#5967,#5967,#4963,.T.);
#7311=EDGE_CURVE('',#5968,#5968,#4964,.T.);
#7312=EDGE_CURVE('',#5968,#5286,#3565,.T.);
#7313=EDGE_CURVE('',#5440,#5969,#3566,.T.);
#7314=EDGE_CURVE('',#5969,#5969,#4965,.T.);
#7315=EDGE_CURVE('',#5970,#5970,#4966,.T.);
#7316=EDGE_CURVE('',#5970,#5285,#3567,.T.);
#7317=EDGE_CURVE('',#5439,#5971,#3568,.T.);
#7318=EDGE_CURVE('',#5971,#5971,#4967,.T.);
#7319=EDGE_CURVE('',#5972,#5972,#4968,.T.);
#7320=EDGE_CURVE('',#5972,#5284,#3569,.T.);
#7321=EDGE_CURVE('',#5438,#5973,#3570,.T.);
#7322=EDGE_CURVE('',#5973,#5973,#4969,.T.);
#7323=EDGE_CURVE('',#5974,#5974,#4970,.T.);
#7324=EDGE_CURVE('',#5974,#5283,#3571,.T.);
#7325=EDGE_CURVE('',#5437,#5975,#3572,.T.);
#7326=EDGE_CURVE('',#5975,#5975,#4971,.T.);
#7327=EDGE_CURVE('',#5976,#5976,#4972,.T.);
#7328=EDGE_CURVE('',#5976,#5282,#3573,.T.);
#7329=EDGE_CURVE('',#5436,#5977,#3574,.T.);
#7330=EDGE_CURVE('',#5977,#5977,#4973,.T.);
#7331=EDGE_CURVE('',#5978,#5978,#4974,.T.);
#7332=EDGE_CURVE('',#5978,#5281,#3575,.T.);
#7333=EDGE_CURVE('',#5435,#5979,#3576,.T.);
#7334=EDGE_CURVE('',#5979,#5979,#4975,.T.);
#7335=EDGE_CURVE('',#5980,#5980,#4976,.T.);
#7336=EDGE_CURVE('',#5980,#5280,#3577,.T.);
#7337=EDGE_CURVE('',#5434,#5981,#3578,.T.);
#7338=EDGE_CURVE('',#5981,#5981,#4977,.T.);
#7339=EDGE_CURVE('',#5982,#5982,#4978,.T.);
#7340=EDGE_CURVE('',#5982,#5279,#3579,.T.);
#7341=EDGE_CURVE('',#5433,#5983,#3580,.T.);
#7342=EDGE_CURVE('',#5983,#5983,#4979,.T.);
#7343=EDGE_CURVE('',#5984,#5984,#4980,.T.);
#7344=EDGE_CURVE('',#5984,#5278,#3581,.T.);
#7345=EDGE_CURVE('',#5432,#5985,#3582,.T.);
#7346=EDGE_CURVE('',#5985,#5985,#4981,.T.);
#7347=EDGE_CURVE('',#5986,#5986,#4982,.T.);
#7348=EDGE_CURVE('',#5986,#5277,#3583,.T.);
#7349=EDGE_CURVE('',#5431,#5987,#3584,.T.);
#7350=EDGE_CURVE('',#5987,#5987,#4983,.T.);
#7351=EDGE_CURVE('',#5988,#5988,#4984,.T.);
#7352=EDGE_CURVE('',#5988,#5276,#3585,.T.);
#7353=EDGE_CURVE('',#5430,#5989,#3586,.T.);
#7354=EDGE_CURVE('',#5989,#5989,#4985,.T.);
#7355=EDGE_CURVE('',#5990,#5990,#4986,.T.);
#7356=EDGE_CURVE('',#5990,#5275,#3587,.T.);
#7357=EDGE_CURVE('',#5429,#5991,#3588,.T.);
#7358=EDGE_CURVE('',#5991,#5991,#4987,.T.);
#7359=EDGE_CURVE('',#5992,#5992,#4988,.T.);
#7360=EDGE_CURVE('',#5992,#5274,#3589,.T.);
#7361=EDGE_CURVE('',#5428,#5993,#3590,.T.);
#7362=EDGE_CURVE('',#5993,#5993,#4989,.T.);
#7363=EDGE_CURVE('',#5994,#5994,#4990,.T.);
#7364=EDGE_CURVE('',#5994,#5273,#3591,.T.);
#7365=EDGE_CURVE('',#5427,#5995,#3592,.T.);
#7366=EDGE_CURVE('',#5995,#5995,#4991,.T.);
#7367=EDGE_CURVE('',#5996,#5996,#4992,.T.);
#7368=EDGE_CURVE('',#5996,#5272,#3593,.T.);
#7369=EDGE_CURVE('',#5426,#5997,#3594,.T.);
#7370=EDGE_CURVE('',#5997,#5997,#4993,.T.);
#7371=EDGE_CURVE('',#5998,#5998,#4994,.T.);
#7372=EDGE_CURVE('',#5998,#5271,#3595,.T.);
#7373=EDGE_CURVE('',#5425,#5999,#3596,.T.);
#7374=EDGE_CURVE('',#5999,#5999,#4995,.T.);
#7375=EDGE_CURVE('',#6000,#6000,#4996,.T.);
#7376=EDGE_CURVE('',#6000,#5270,#3597,.T.);
#7377=EDGE_CURVE('',#5424,#6001,#3598,.T.);
#7378=EDGE_CURVE('',#6001,#6001,#4997,.T.);
#7379=EDGE_CURVE('',#6002,#6002,#4998,.T.);
#7380=EDGE_CURVE('',#6002,#5269,#3599,.T.);
#7381=EDGE_CURVE('',#5423,#6003,#3600,.T.);
#7382=EDGE_CURVE('',#6003,#6003,#4999,.T.);
#7383=EDGE_CURVE('',#6004,#6004,#5000,.T.);
#7384=EDGE_CURVE('',#6004,#5268,#3601,.T.);
#7385=EDGE_CURVE('',#5422,#6005,#3602,.T.);
#7386=EDGE_CURVE('',#6005,#6005,#5001,.T.);
#7387=EDGE_CURVE('',#6006,#6006,#5002,.T.);
#7388=EDGE_CURVE('',#6006,#5267,#3603,.T.);
#7389=EDGE_CURVE('',#5421,#6007,#3604,.T.);
#7390=EDGE_CURVE('',#6007,#6007,#5003,.T.);
#7391=EDGE_CURVE('',#6008,#6008,#5004,.T.);
#7392=EDGE_CURVE('',#6008,#5266,#3605,.T.);
#7393=EDGE_CURVE('',#5420,#6009,#3606,.T.);
#7394=EDGE_CURVE('',#6009,#6009,#5005,.T.);
#7395=EDGE_CURVE('',#6010,#6010,#5006,.T.);
#7396=EDGE_CURVE('',#6010,#5265,#3607,.T.);
#7397=EDGE_CURVE('',#5419,#6011,#3608,.T.);
#7398=EDGE_CURVE('',#6011,#6011,#5007,.T.);
#7399=EDGE_CURVE('',#6012,#6012,#5008,.T.);
#7400=EDGE_CURVE('',#6012,#5264,#3609,.T.);
#7401=EDGE_CURVE('',#5418,#6013,#3610,.T.);
#7402=EDGE_CURVE('',#6013,#6013,#5009,.T.);
#7403=EDGE_CURVE('',#6014,#6014,#5010,.T.);
#7404=EDGE_CURVE('',#6014,#5263,#3611,.T.);
#7405=EDGE_CURVE('',#5417,#6015,#3612,.T.);
#7406=EDGE_CURVE('',#6015,#6015,#5011,.T.);
#7407=EDGE_CURVE('',#6016,#6016,#5012,.T.);
#7408=EDGE_CURVE('',#6016,#5262,#3613,.T.);
#7409=EDGE_CURVE('',#5416,#6017,#3614,.T.);
#7410=EDGE_CURVE('',#6017,#6017,#5013,.T.);
#7411=EDGE_CURVE('',#6018,#6018,#5014,.T.);
#7412=EDGE_CURVE('',#6018,#5261,#3615,.T.);
#7413=EDGE_CURVE('',#5415,#6019,#3616,.T.);
#7414=EDGE_CURVE('',#6019,#6019,#5015,.T.);
#7415=EDGE_CURVE('',#6020,#6020,#5016,.T.);
#7416=EDGE_CURVE('',#6020,#5260,#3617,.T.);
#7417=EDGE_CURVE('',#5414,#6021,#3618,.T.);
#7418=EDGE_CURVE('',#6021,#6021,#5017,.T.);
#7419=EDGE_CURVE('',#6022,#6022,#5018,.T.);
#7420=EDGE_CURVE('',#6022,#5259,#3619,.T.);
#7421=EDGE_CURVE('',#5413,#6023,#3620,.T.);
#7422=EDGE_CURVE('',#6023,#6023,#5019,.T.);
#7423=EDGE_CURVE('',#6024,#6024,#5020,.T.);
#7424=EDGE_CURVE('',#6024,#5258,#3621,.T.);
#7425=EDGE_CURVE('',#5412,#6025,#3622,.T.);
#7426=EDGE_CURVE('',#6025,#6025,#5021,.T.);
#7427=EDGE_CURVE('',#6026,#6026,#5022,.T.);
#7428=EDGE_CURVE('',#6026,#5257,#3623,.T.);
#7429=EDGE_CURVE('',#5411,#6027,#3624,.T.);
#7430=EDGE_CURVE('',#6027,#6027,#5023,.T.);
#7431=EDGE_CURVE('',#6028,#6028,#5024,.T.);
#7432=EDGE_CURVE('',#6028,#5256,#3625,.T.);
#7433=EDGE_CURVE('',#5410,#6029,#3626,.T.);
#7434=EDGE_CURVE('',#6029,#6029,#5025,.T.);
#7435=EDGE_CURVE('',#6030,#6030,#5026,.T.);
#7436=EDGE_CURVE('',#6030,#5255,#3627,.T.);
#7437=EDGE_CURVE('',#5409,#6031,#3628,.T.);
#7438=EDGE_CURVE('',#6031,#6031,#5027,.T.);
#7439=EDGE_CURVE('',#6032,#6032,#5028,.T.);
#7440=EDGE_CURVE('',#6032,#5254,#3629,.T.);
#7441=EDGE_CURVE('',#5408,#6033,#3630,.T.);
#7442=EDGE_CURVE('',#6033,#6033,#5029,.T.);
#7443=EDGE_CURVE('',#6034,#6034,#5030,.T.);
#7444=EDGE_CURVE('',#6034,#5253,#3631,.T.);
#7445=EDGE_CURVE('',#5407,#6035,#3632,.T.);
#7446=EDGE_CURVE('',#6035,#6035,#5031,.T.);
#7447=EDGE_CURVE('',#6036,#6036,#5032,.T.);
#7448=EDGE_CURVE('',#6036,#5252,#3633,.T.);
#7449=EDGE_CURVE('',#5406,#6037,#3634,.T.);
#7450=EDGE_CURVE('',#6037,#6037,#5033,.T.);
#7451=EDGE_CURVE('',#6038,#6038,#5034,.T.);
#7452=EDGE_CURVE('',#6038,#5251,#3635,.T.);
#7453=EDGE_CURVE('',#5405,#6039,#3636,.T.);
#7454=EDGE_CURVE('',#6039,#6039,#5035,.T.);
#7455=EDGE_CURVE('',#6040,#6040,#5036,.T.);
#7456=EDGE_CURVE('',#6040,#5250,#3637,.T.);
#7457=EDGE_CURVE('',#5404,#6041,#3638,.T.);
#7458=EDGE_CURVE('',#6041,#6041,#5037,.T.);
#7459=EDGE_CURVE('',#6042,#6042,#5038,.T.);
#7460=EDGE_CURVE('',#6042,#5249,#3639,.T.);
#7461=EDGE_CURVE('',#5403,#6043,#3640,.T.);
#7462=EDGE_CURVE('',#6043,#6043,#5039,.T.);
#7463=EDGE_CURVE('',#6044,#6044,#5040,.T.);
#7464=EDGE_CURVE('',#6044,#5248,#3641,.T.);
#7465=EDGE_CURVE('',#5402,#6045,#3642,.T.);
#7466=EDGE_CURVE('',#6045,#6045,#5041,.T.);
#7467=EDGE_CURVE('',#6046,#6046,#5042,.T.);
#7468=EDGE_CURVE('',#6046,#5247,#3643,.T.);
#7469=EDGE_CURVE('',#5401,#6047,#3644,.T.);
#7470=EDGE_CURVE('',#6047,#6047,#5043,.T.);
#7471=EDGE_CURVE('',#6048,#6048,#5044,.T.);
#7472=EDGE_CURVE('',#6048,#5246,#3645,.T.);
#7473=EDGE_CURVE('',#5400,#6049,#3646,.T.);
#7474=EDGE_CURVE('',#6049,#6049,#5045,.T.);
#7475=EDGE_CURVE('',#6050,#6050,#5046,.T.);
#7476=EDGE_CURVE('',#6050,#5245,#3647,.T.);
#7477=EDGE_CURVE('',#5399,#6051,#3648,.T.);
#7478=EDGE_CURVE('',#6051,#6051,#5047,.T.);
#7479=EDGE_CURVE('',#6052,#6052,#5048,.T.);
#7480=EDGE_CURVE('',#6052,#5244,#3649,.T.);
#7481=EDGE_CURVE('',#5398,#6053,#3650,.T.);
#7482=EDGE_CURVE('',#6053,#6053,#5049,.T.);
#7483=EDGE_CURVE('',#6054,#6054,#5050,.T.);
#7484=EDGE_CURVE('',#6054,#5243,#3651,.T.);
#7485=EDGE_CURVE('',#5397,#6055,#3652,.T.);
#7486=EDGE_CURVE('',#6055,#6055,#5051,.T.);
#7487=EDGE_CURVE('',#6056,#6056,#5052,.T.);
#7488=EDGE_CURVE('',#6056,#5242,#3653,.T.);
#7489=EDGE_CURVE('',#5396,#6057,#3654,.T.);
#7490=EDGE_CURVE('',#6057,#6057,#5053,.T.);
#7491=EDGE_CURVE('',#6058,#6058,#5054,.T.);
#7492=EDGE_CURVE('',#6058,#5241,#3655,.T.);
#7493=EDGE_CURVE('',#5395,#6059,#3656,.T.);
#7494=EDGE_CURVE('',#6059,#6059,#5055,.T.);
#7495=EDGE_CURVE('',#6060,#6060,#5056,.T.);
#7496=EDGE_CURVE('',#6060,#5240,#3657,.T.);
#7497=EDGE_CURVE('',#5394,#6061,#3658,.T.);
#7498=EDGE_CURVE('',#6061,#6061,#5057,.T.);
#7499=EDGE_CURVE('',#6062,#6062,#5058,.T.);
#7500=EDGE_CURVE('',#6062,#5239,#3659,.T.);
#7501=EDGE_CURVE('',#5393,#6063,#3660,.T.);
#7502=EDGE_CURVE('',#6063,#6063,#5059,.T.);
#7503=EDGE_CURVE('',#6064,#6064,#5060,.T.);
#7504=EDGE_CURVE('',#6064,#5238,#3661,.T.);
#7505=EDGE_CURVE('',#5392,#6065,#3662,.T.);
#7506=EDGE_CURVE('',#6065,#6065,#5061,.T.);
#7507=EDGE_CURVE('',#6066,#6066,#5062,.T.);
#7508=EDGE_CURVE('',#6066,#5237,#3663,.T.);
#7509=EDGE_CURVE('',#5391,#6067,#3664,.T.);
#7510=EDGE_CURVE('',#6067,#6067,#5063,.T.);
#7511=EDGE_CURVE('',#6068,#6068,#5064,.T.);
#7512=EDGE_CURVE('',#6068,#5236,#3665,.T.);
#7513=EDGE_CURVE('',#5390,#6069,#3666,.T.);
#7514=EDGE_CURVE('',#6069,#6069,#5065,.T.);
#7515=EDGE_CURVE('',#6070,#6070,#5066,.T.);
#7516=EDGE_CURVE('',#6070,#5235,#3667,.T.);
#7517=EDGE_CURVE('',#5389,#6071,#3668,.T.);
#7518=EDGE_CURVE('',#6071,#6071,#5067,.T.);
#7519=EDGE_CURVE('',#6072,#6072,#5068,.T.);
#7520=EDGE_CURVE('',#6072,#5234,#3669,.T.);
#7521=EDGE_CURVE('',#5388,#6073,#3670,.T.);
#7522=EDGE_CURVE('',#6073,#6073,#5069,.T.);
#7523=EDGE_CURVE('',#6074,#6074,#5070,.T.);
#7524=EDGE_CURVE('',#6074,#5233,#3671,.T.);
#7525=EDGE_CURVE('',#5387,#6075,#3672,.T.);
#7526=EDGE_CURVE('',#6075,#6075,#5071,.T.);
#7527=EDGE_CURVE('',#6076,#6076,#5072,.T.);
#7528=EDGE_CURVE('',#6076,#5232,#3673,.T.);
#7529=EDGE_CURVE('',#5386,#6077,#3674,.T.);
#7530=EDGE_CURVE('',#6077,#6077,#5073,.T.);
#7531=EDGE_CURVE('',#6078,#6078,#5074,.T.);
#7532=EDGE_CURVE('',#6078,#5231,#3675,.T.);
#7533=EDGE_CURVE('',#5385,#6079,#3676,.T.);
#7534=EDGE_CURVE('',#6079,#6079,#5075,.T.);
#7535=EDGE_CURVE('',#6080,#6080,#5076,.T.);
#7536=EDGE_CURVE('',#6080,#5230,#3677,.T.);
#7537=EDGE_CURVE('',#5384,#6081,#3678,.T.);
#7538=EDGE_CURVE('',#6081,#6081,#5077,.T.);
#7539=EDGE_CURVE('',#6082,#6082,#5078,.T.);
#7540=EDGE_CURVE('',#6082,#5229,#3679,.T.);
#7541=EDGE_CURVE('',#5383,#6083,#3680,.T.);
#7542=EDGE_CURVE('',#6083,#6083,#5079,.T.);
#7543=EDGE_CURVE('',#6084,#6084,#5080,.T.);
#7544=EDGE_CURVE('',#6084,#5228,#3681,.T.);
#7545=EDGE_CURVE('',#5382,#6085,#3682,.T.);
#7546=EDGE_CURVE('',#6085,#6085,#5081,.T.);
#7547=EDGE_CURVE('',#6086,#6086,#5082,.T.);
#7548=EDGE_CURVE('',#6086,#5227,#3683,.T.);
#7549=EDGE_CURVE('',#5381,#6087,#3684,.T.);
#7550=EDGE_CURVE('',#6087,#6087,#5083,.T.);
#7551=EDGE_CURVE('',#6088,#6088,#5084,.T.);
#7552=EDGE_CURVE('',#6088,#5226,#3685,.T.);
#7553=EDGE_CURVE('',#5380,#6089,#3686,.T.);
#7554=EDGE_CURVE('',#6089,#6089,#5085,.T.);
#7555=EDGE_CURVE('',#6090,#6090,#5086,.T.);
#7556=EDGE_CURVE('',#6090,#5225,#3687,.T.);
#7557=EDGE_CURVE('',#5379,#6091,#3688,.T.);
#7558=EDGE_CURVE('',#6091,#6091,#5087,.T.);
#7559=EDGE_CURVE('',#6092,#6092,#5088,.T.);
#7560=EDGE_CURVE('',#6092,#5224,#3689,.T.);
#7561=EDGE_CURVE('',#5378,#6093,#3690,.T.);
#7562=EDGE_CURVE('',#6093,#6093,#5089,.T.);
#7563=EDGE_CURVE('',#6094,#6094,#5090,.T.);
#7564=EDGE_CURVE('',#6094,#5223,#3691,.T.);
#7565=EDGE_CURVE('',#5377,#6095,#3692,.T.);
#7566=EDGE_CURVE('',#6095,#6095,#5091,.T.);
#7567=EDGE_CURVE('',#6096,#6096,#5092,.T.);
#7568=EDGE_CURVE('',#6096,#5222,#3693,.T.);
#7569=EDGE_CURVE('',#5376,#6097,#3694,.T.);
#7570=EDGE_CURVE('',#6097,#6097,#5093,.T.);
#7571=EDGE_CURVE('',#6098,#6098,#5094,.T.);
#7572=EDGE_CURVE('',#6098,#5221,#3695,.T.);
#7573=EDGE_CURVE('',#5375,#6099,#3696,.T.);
#7574=EDGE_CURVE('',#6099,#6099,#5095,.T.);
#7575=EDGE_CURVE('',#6100,#6100,#5096,.T.);
#7576=EDGE_CURVE('',#6100,#5220,#3697,.T.);
#7577=EDGE_CURVE('',#5374,#6101,#3698,.T.);
#7578=EDGE_CURVE('',#6101,#6101,#5097,.T.);
#7579=EDGE_CURVE('',#6102,#6102,#5098,.T.);
#7580=EDGE_CURVE('',#6102,#5219,#3699,.T.);
#7581=EDGE_CURVE('',#5373,#6103,#3700,.T.);
#7582=EDGE_CURVE('',#6103,#6103,#5099,.T.);
#7583=EDGE_CURVE('',#6104,#6104,#5100,.T.);
#7584=EDGE_CURVE('',#6104,#5218,#3701,.T.);
#7585=EDGE_CURVE('',#5372,#6105,#3702,.T.);
#7586=EDGE_CURVE('',#6105,#6105,#5101,.T.);
#7587=EDGE_CURVE('',#6106,#6106,#5102,.T.);
#7588=EDGE_CURVE('',#6106,#5217,#3703,.T.);
#7589=EDGE_CURVE('',#5371,#6107,#3704,.T.);
#7590=EDGE_CURVE('',#6107,#6107,#5103,.T.);
#7591=EDGE_CURVE('',#6108,#6108,#5104,.T.);
#7592=EDGE_CURVE('',#6108,#5216,#3705,.T.);
#7593=EDGE_CURVE('',#5370,#6109,#3706,.T.);
#7594=EDGE_CURVE('',#6109,#6109,#5105,.T.);
#7595=EDGE_CURVE('',#6110,#6110,#5106,.T.);
#7596=EDGE_CURVE('',#6110,#5215,#3707,.T.);
#7597=EDGE_CURVE('',#5369,#6111,#3708,.T.);
#7598=EDGE_CURVE('',#6111,#6111,#5107,.T.);
#7599=EDGE_CURVE('',#6112,#6112,#5108,.T.);
#7600=EDGE_CURVE('',#6112,#5214,#3709,.T.);
#7601=EDGE_CURVE('',#5368,#6113,#3710,.T.);
#7602=EDGE_CURVE('',#6113,#6113,#5109,.T.);
#7603=EDGE_CURVE('',#6114,#6114,#5110,.T.);
#7604=EDGE_CURVE('',#6114,#5213,#3711,.T.);
#7605=EDGE_CURVE('',#5367,#6115,#3712,.T.);
#7606=EDGE_CURVE('',#6115,#6115,#5111,.T.);
#7607=EDGE_CURVE('',#6116,#6116,#5112,.T.);
#7608=EDGE_CURVE('',#6116,#5212,#3713,.T.);
#7609=EDGE_CURVE('',#5366,#6117,#3714,.T.);
#7610=EDGE_CURVE('',#6117,#6117,#5113,.T.);
#7611=EDGE_CURVE('',#6118,#6118,#5114,.T.);
#7612=EDGE_CURVE('',#6118,#5211,#3715,.T.);
#7613=EDGE_CURVE('',#5365,#6119,#3716,.T.);
#7614=EDGE_CURVE('',#6119,#6119,#5115,.T.);
#7615=EDGE_CURVE('',#6120,#6120,#5116,.T.);
#7616=EDGE_CURVE('',#6120,#5210,#3717,.T.);
#7617=EDGE_CURVE('',#5364,#6121,#3718,.T.);
#7618=EDGE_CURVE('',#6121,#6121,#5117,.T.);
#7619=EDGE_CURVE('',#6122,#6122,#5118,.T.);
#7620=EDGE_CURVE('',#6122,#5209,#3719,.T.);
#7621=EDGE_CURVE('',#5363,#6123,#3720,.T.);
#7622=EDGE_CURVE('',#6123,#6123,#5119,.T.);
#7623=EDGE_CURVE('',#6124,#6124,#5120,.T.);
#7624=EDGE_CURVE('',#6124,#5208,#3721,.T.);
#7625=EDGE_CURVE('',#5362,#6125,#3722,.T.);
#7626=EDGE_CURVE('',#6125,#6125,#5121,.T.);
#7627=EDGE_CURVE('',#6126,#6126,#5122,.T.);
#7628=EDGE_CURVE('',#6126,#5207,#3723,.T.);
#7629=EDGE_CURVE('',#5361,#6127,#3724,.T.);
#7630=EDGE_CURVE('',#6127,#6127,#5123,.T.);
#7631=EDGE_CURVE('',#6128,#6128,#5124,.T.);
#7632=EDGE_CURVE('',#6128,#5206,#3725,.T.);
#7633=EDGE_CURVE('',#5360,#6129,#3726,.T.);
#7634=EDGE_CURVE('',#6129,#6129,#5125,.T.);
#7635=EDGE_CURVE('',#6130,#6130,#5126,.T.);
#7636=EDGE_CURVE('',#6130,#5205,#3727,.T.);
#7637=EDGE_CURVE('',#5359,#6131,#3728,.T.);
#7638=EDGE_CURVE('',#6131,#6131,#5127,.T.);
#7639=EDGE_CURVE('',#6132,#6132,#5128,.T.);
#7640=EDGE_CURVE('',#6132,#5204,#3729,.T.);
#7641=EDGE_CURVE('',#5358,#6133,#3730,.T.);
#7642=EDGE_CURVE('',#6133,#6133,#5129,.T.);
#7643=EDGE_CURVE('',#6134,#6134,#5130,.T.);
#7644=EDGE_CURVE('',#6134,#5203,#3731,.T.);
#7645=EDGE_CURVE('',#5357,#6135,#3732,.T.);
#7646=EDGE_CURVE('',#6135,#6135,#5131,.T.);
#7647=EDGE_CURVE('',#6136,#6136,#5132,.T.);
#7648=EDGE_CURVE('',#6136,#5202,#3733,.T.);
#7649=EDGE_CURVE('',#5356,#6137,#3734,.T.);
#7650=EDGE_CURVE('',#6137,#6137,#5133,.T.);
#7651=EDGE_CURVE('',#6138,#6138,#5134,.T.);
#7652=EDGE_CURVE('',#6138,#5201,#3735,.T.);
#7653=EDGE_CURVE('',#5355,#6139,#3736,.T.);
#7654=EDGE_CURVE('',#6139,#6139,#5135,.T.);
#7655=EDGE_CURVE('',#6140,#6140,#5136,.T.);
#7656=EDGE_CURVE('',#6140,#5200,#3737,.T.);
#7657=EDGE_CURVE('',#5354,#6141,#3738,.T.);
#7658=EDGE_CURVE('',#6141,#6141,#5137,.T.);
#7659=EDGE_CURVE('',#6142,#6142,#5138,.T.);
#7660=EDGE_CURVE('',#6142,#5199,#3739,.T.);
#7661=EDGE_CURVE('',#5353,#6143,#3740,.T.);
#7662=EDGE_CURVE('',#6143,#6143,#5139,.T.);
#7663=EDGE_CURVE('',#6144,#6144,#5140,.T.);
#7664=EDGE_CURVE('',#6144,#5198,#3741,.T.);
#7665=EDGE_CURVE('',#5352,#6145,#3742,.T.);
#7666=EDGE_CURVE('',#6145,#6145,#5141,.T.);
#7667=EDGE_CURVE('',#6146,#6146,#5142,.T.);
#7668=EDGE_CURVE('',#6146,#5197,#3743,.T.);
#7669=EDGE_CURVE('',#5351,#6147,#3744,.T.);
#7670=EDGE_CURVE('',#6147,#6147,#5143,.T.);
#7671=EDGE_CURVE('',#6148,#6148,#5144,.T.);
#7672=EDGE_CURVE('',#6148,#5196,#3745,.T.);
#7673=EDGE_CURVE('',#5350,#6149,#3746,.T.);
#7674=EDGE_CURVE('',#6149,#6149,#5145,.T.);
#7675=EDGE_CURVE('',#6150,#6150,#5146,.T.);
#7676=EDGE_CURVE('',#6150,#5195,#3747,.T.);
#7677=EDGE_CURVE('',#5349,#6151,#3748,.T.);
#7678=EDGE_CURVE('',#6151,#6151,#5147,.T.);
#7679=EDGE_CURVE('',#6152,#6152,#5148,.T.);
#7680=EDGE_CURVE('',#6152,#5194,#3749,.T.);
#7681=EDGE_CURVE('',#5348,#6153,#3750,.T.);
#7682=EDGE_CURVE('',#6153,#6153,#5149,.T.);
#7683=EDGE_CURVE('',#6154,#6154,#5150,.T.);
#7684=EDGE_CURVE('',#6154,#5193,#3751,.T.);
#7685=EDGE_CURVE('',#5347,#6155,#3752,.T.);
#7686=EDGE_CURVE('',#6155,#6155,#5151,.T.);
#7687=EDGE_CURVE('',#6156,#6156,#5152,.T.);
#7688=EDGE_CURVE('',#6156,#5192,#3753,.T.);
#7689=EDGE_CURVE('',#5346,#6157,#3754,.T.);
#7690=EDGE_CURVE('',#6157,#6157,#5153,.T.);
#7691=EDGE_CURVE('',#6158,#6158,#5154,.T.);
#7692=EDGE_CURVE('',#6158,#5191,#3755,.T.);
#7693=EDGE_CURVE('',#5345,#6159,#3756,.T.);
#7694=EDGE_CURVE('',#6159,#6159,#5155,.T.);
#7695=EDGE_CURVE('',#6160,#6160,#5156,.T.);
#7696=EDGE_CURVE('',#6160,#5190,#3757,.T.);
#7697=EDGE_CURVE('',#5344,#6161,#3758,.T.);
#7698=EDGE_CURVE('',#6161,#6161,#5157,.T.);
#7699=EDGE_CURVE('',#6162,#6163,#3759,.T.);
#7700=EDGE_CURVE('',#5501,#6162,#3760,.T.);
#7701=EDGE_CURVE('',#5500,#6163,#3761,.T.);
#7702=EDGE_CURVE('',#6163,#6164,#3762,.T.);
#7703=EDGE_CURVE('',#5499,#6164,#3763,.T.);
#7704=EDGE_CURVE('',#6164,#6165,#3764,.T.);
#7705=EDGE_CURVE('',#5498,#6165,#3765,.T.);
#7706=EDGE_CURVE('',#6165,#6162,#3766,.T.);
#7707=EDGE_CURVE('',#6166,#6166,#5158,.T.);
#7708=EDGE_CURVE('',#6166,#5861,#3767,.T.);
#7709=EDGE_CURVE('',#6167,#6167,#5159,.T.);
#7710=EDGE_CURVE('',#6167,#5860,#3768,.T.);
#7711=EDGE_CURVE('',#6168,#6168,#5160,.T.);
#7712=EDGE_CURVE('',#6168,#5859,#3769,.T.);
#7713=EDGE_CURVE('',#6169,#6169,#5161,.T.);
#7714=EDGE_CURVE('',#6169,#5858,#3770,.T.);
#7715=EDGE_CURVE('',#6170,#6171,#3771,.F.);
#7716=EDGE_CURVE('',#6170,#5854,#3772,.F.);
#7717=EDGE_CURVE('',#6171,#5853,#3773,.T.);
#7718=EDGE_CURVE('',#5856,#6170,#3774,.F.);
#7719=EDGE_CURVE('',#6171,#5857,#3775,.F.);
#7720=EDGE_CURVE('',#6172,#6173,#3776,.T.);
#7721=EDGE_CURVE('',#6173,#6174,#3777,.T.);
#7722=EDGE_CURVE('',#6174,#6172,#3778,.T.);
#7723=EDGE_CURVE('',#6175,#6176,#3779,.T.);
#7724=EDGE_CURVE('',#6176,#6177,#3780,.T.);
#7725=EDGE_CURVE('',#6177,#6175,#3781,.T.);
#7726=EDGE_CURVE('',#6172,#6176,#3782,.T.);
#7727=EDGE_CURVE('',#6174,#6177,#3783,.T.);
#7728=EDGE_CURVE('',#6173,#6175,#3784,.T.);
#7729=EDGE_CURVE('',#6178,#6179,#3785,.T.);
#7730=EDGE_CURVE('',#6180,#6178,#3786,.T.);
#7731=EDGE_CURVE('',#6181,#6180,#3787,.T.);
#7732=EDGE_CURVE('',#6181,#6179,#3788,.T.);
#7733=EDGE_CURVE('',#6179,#6182,#3789,.T.);
#7734=EDGE_CURVE('',#6183,#6181,#3790,.T.);
#7735=EDGE_CURVE('',#6183,#6182,#3791,.T.);
#7736=EDGE_CURVE('',#6182,#6178,#3792,.T.);
#7737=EDGE_CURVE('',#6180,#6183,#3793,.T.);
#7738=EDGE_CURVE('',#6184,#6185,#298,.T.);
#7739=EDGE_CURVE('',#6185,#6186,#3794,.T.);
#7740=EDGE_CURVE('',#6186,#6187,#299,.T.);
#7741=EDGE_CURVE('',#6187,#6188,#300,.T.);
#7742=EDGE_CURVE('',#6188,#6184,#301,.T.);
#7743=EDGE_CURVE('',#6189,#6190,#302,.T.);
#7744=EDGE_CURVE('',#6190,#6191,#303,.T.);
#7745=EDGE_CURVE('',#6191,#6192,#304,.T.);
#7746=EDGE_CURVE('',#6192,#6193,#305,.T.);
#7747=EDGE_CURVE('',#6193,#6189,#3795,.T.);
#7748=EDGE_CURVE('',#6188,#6191,#3796,.T.);
#7749=EDGE_CURVE('',#6187,#6192,#3797,.T.);
#7750=EDGE_CURVE('',#6184,#6190,#3798,.T.);
#7751=EDGE_CURVE('',#6185,#6189,#3799,.T.);
#7752=EDGE_CURVE('',#6186,#6193,#3800,.T.);
#7753=ORIENTED_EDGE('',*,*,#6194,.F.);
#7754=ORIENTED_EDGE('',*,*,#6195,.T.);
#7755=ORIENTED_EDGE('',*,*,#6196,.T.);
#7756=ORIENTED_EDGE('',*,*,#6195,.F.);
#7757=ORIENTED_EDGE('',*,*,#6196,.F.);
#7758=ORIENTED_EDGE('',*,*,#6197,.T.);
#7759=ORIENTED_EDGE('',*,*,#6198,.F.);
#7760=ORIENTED_EDGE('',*,*,#6197,.F.);
#7761=ORIENTED_EDGE('',*,*,#6199,.F.);
#7762=ORIENTED_EDGE('',*,*,#6200,.T.);
#7763=ORIENTED_EDGE('',*,*,#6201,.T.);
#7764=ORIENTED_EDGE('',*,*,#6200,.F.);
#7765=ORIENTED_EDGE('',*,*,#6201,.F.);
#7766=ORIENTED_EDGE('',*,*,#6202,.T.);
#7767=ORIENTED_EDGE('',*,*,#6203,.F.);
#7768=ORIENTED_EDGE('',*,*,#6202,.F.);
#7769=ORIENTED_EDGE('',*,*,#6204,.F.);
#7770=ORIENTED_EDGE('',*,*,#6205,.F.);
#7771=ORIENTED_EDGE('',*,*,#6206,.F.);
#7772=ORIENTED_EDGE('',*,*,#6207,.F.);
#7773=ORIENTED_EDGE('',*,*,#6208,.F.);
#7774=ORIENTED_EDGE('',*,*,#6209,.F.);
#7775=ORIENTED_EDGE('',*,*,#6208,.T.);
#7776=ORIENTED_EDGE('',*,*,#6210,.T.);
#7777=ORIENTED_EDGE('',*,*,#6205,.T.);
#7778=ORIENTED_EDGE('',*,*,#6211,.T.);
#7779=ORIENTED_EDGE('',*,*,#6212,.T.);
#7780=ORIENTED_EDGE('',*,*,#6207,.T.);
#7781=ORIENTED_EDGE('',*,*,#6213,.T.);
#7782=ORIENTED_EDGE('',*,*,#6214,.T.);
#7783=ORIENTED_EDGE('',*,*,#6215,.F.);
#7784=ORIENTED_EDGE('',*,*,#6216,.F.);
#7785=ORIENTED_EDGE('',*,*,#6217,.F.);
#7786=ORIENTED_EDGE('',*,*,#6218,.F.);
#7787=ORIENTED_EDGE('',*,*,#6219,.F.);
#7788=ORIENTED_EDGE('',*,*,#6220,.F.);
#7789=ORIENTED_EDGE('',*,*,#6219,.T.);
#7790=ORIENTED_EDGE('',*,*,#6221,.T.);
#7791=ORIENTED_EDGE('',*,*,#6206,.T.);
#7792=ORIENTED_EDGE('',*,*,#6222,.T.);
#7793=ORIENTED_EDGE('',*,*,#6223,.T.);
#7794=ORIENTED_EDGE('',*,*,#6220,.T.);
#7795=ORIENTED_EDGE('',*,*,#6224,.T.);
#7796=ORIENTED_EDGE('',*,*,#6214,.F.);
#7797=ORIENTED_EDGE('',*,*,#6225,.F.);
#7798=ORIENTED_EDGE('',*,*,#6226,.F.);
#7799=ORIENTED_EDGE('',*,*,#6227,.F.);
#7800=ORIENTED_EDGE('',*,*,#6226,.T.);
#7801=ORIENTED_EDGE('',*,*,#6228,.T.);
#7802=ORIENTED_EDGE('',*,*,#6209,.T.);
#7803=ORIENTED_EDGE('',*,*,#6229,.T.);
#7804=ORIENTED_EDGE('',*,*,#6216,.T.);
#7805=ORIENTED_EDGE('',*,*,#6230,.T.);
#7806=ORIENTED_EDGE('',*,*,#6227,.T.);
#7807=ORIENTED_EDGE('',*,*,#6231,.T.);
#7808=ORIENTED_EDGE('',*,*,#6232,.F.);
#7809=ORIENTED_EDGE('',*,*,#6233,.F.);
#7810=ORIENTED_EDGE('',*,*,#6234,.F.);
#7811=ORIENTED_EDGE('',*,*,#6233,.T.);
#7812=ORIENTED_EDGE('',*,*,#6235,.T.);
#7813=ORIENTED_EDGE('',*,*,#6215,.T.);
#7814=ORIENTED_EDGE('',*,*,#6236,.T.);
#7815=ORIENTED_EDGE('',*,*,#6218,.T.);
#7816=ORIENTED_EDGE('',*,*,#6237,.T.);
#7817=ORIENTED_EDGE('',*,*,#6234,.T.);
#7818=ORIENTED_EDGE('',*,*,#6238,.T.);
#7819=ORIENTED_EDGE('',*,*,#6239,.T.);
#7820=ORIENTED_EDGE('',*,*,#6225,.T.);
#7821=ORIENTED_EDGE('',*,*,#6240,.T.);
#7822=ORIENTED_EDGE('',*,*,#6241,.T.);
#7823=ORIENTED_EDGE('',*,*,#6242,.T.);
#7824=ORIENTED_EDGE('',*,*,#6232,.T.);
#7825=ORIENTED_EDGE('',*,*,#6243,.T.);
#7826=ORIENTED_EDGE('',*,*,#6241,.F.);
#7827=ORIENTED_EDGE('',*,*,#6204,.T.);
#7828=ORIENTED_EDGE('',*,*,#6244,.T.);
#7829=ORIENTED_EDGE('',*,*,#6217,.T.);
#7830=ORIENTED_EDGE('',*,*,#6245,.T.);
#7831=ORIENTED_EDGE('',*,*,#6243,.F.);
#7832=ORIENTED_EDGE('',*,*,#6237,.F.);
#7833=ORIENTED_EDGE('',*,*,#6223,.F.);
#7834=ORIENTED_EDGE('',*,*,#6246,.T.);
#7835=ORIENTED_EDGE('',*,*,#6210,.F.);
#7836=ORIENTED_EDGE('',*,*,#6212,.F.);
#7837=ORIENTED_EDGE('',*,*,#6224,.F.);
#7838=ORIENTED_EDGE('',*,*,#6222,.F.);
#7839=ORIENTED_EDGE('',*,*,#6247,.T.);
#7840=ORIENTED_EDGE('',*,*,#6248,.T.);
#7841=ORIENTED_EDGE('',*,*,#6249,.T.);
#7842=ORIENTED_EDGE('',*,*,#6250,.T.);
#7843=ORIENTED_EDGE('',*,*,#6251,.T.);
#7844=ORIENTED_EDGE('',*,*,#6252,.T.);
#7845=ORIENTED_EDGE('',*,*,#6253,.T.);
#7846=ORIENTED_EDGE('',*,*,#6254,.T.);
#7847=ORIENTED_EDGE('',*,*,#6255,.T.);
#7848=ORIENTED_EDGE('',*,*,#6256,.T.);
#7849=ORIENTED_EDGE('',*,*,#6257,.T.);
#7850=ORIENTED_EDGE('',*,*,#6258,.T.);
#7851=ORIENTED_EDGE('',*,*,#6259,.T.);
#7852=ORIENTED_EDGE('',*,*,#6260,.T.);
#7853=ORIENTED_EDGE('',*,*,#6261,.T.);
#7854=ORIENTED_EDGE('',*,*,#6262,.T.);
#7855=ORIENTED_EDGE('',*,*,#6263,.T.);
#7856=ORIENTED_EDGE('',*,*,#6264,.T.);
#7857=ORIENTED_EDGE('',*,*,#6265,.T.);
#7858=ORIENTED_EDGE('',*,*,#6266,.T.);
#7859=ORIENTED_EDGE('',*,*,#6267,.T.);
#7860=ORIENTED_EDGE('',*,*,#6268,.T.);
#7861=ORIENTED_EDGE('',*,*,#6269,.T.);
#7862=ORIENTED_EDGE('',*,*,#6270,.T.);
#7863=ORIENTED_EDGE('',*,*,#6271,.T.);
#7864=ORIENTED_EDGE('',*,*,#6272,.T.);
#7865=ORIENTED_EDGE('',*,*,#6273,.T.);
#7866=ORIENTED_EDGE('',*,*,#6274,.T.);
#7867=ORIENTED_EDGE('',*,*,#6275,.T.);
#7868=ORIENTED_EDGE('',*,*,#6276,.T.);
#7869=ORIENTED_EDGE('',*,*,#6277,.T.);
#7870=ORIENTED_EDGE('',*,*,#6278,.T.);
#7871=ORIENTED_EDGE('',*,*,#6279,.T.);
#7872=ORIENTED_EDGE('',*,*,#6280,.T.);
#7873=ORIENTED_EDGE('',*,*,#6281,.T.);
#7874=ORIENTED_EDGE('',*,*,#6282,.T.);
#7875=ORIENTED_EDGE('',*,*,#6283,.T.);
#7876=ORIENTED_EDGE('',*,*,#6284,.T.);
#7877=ORIENTED_EDGE('',*,*,#6285,.T.);
#7878=ORIENTED_EDGE('',*,*,#6286,.T.);
#7879=ORIENTED_EDGE('',*,*,#6287,.T.);
#7880=ORIENTED_EDGE('',*,*,#6288,.T.);
#7881=ORIENTED_EDGE('',*,*,#6289,.T.);
#7882=ORIENTED_EDGE('',*,*,#6290,.T.);
#7883=ORIENTED_EDGE('',*,*,#6291,.T.);
#7884=ORIENTED_EDGE('',*,*,#6292,.T.);
#7885=ORIENTED_EDGE('',*,*,#6293,.T.);
#7886=ORIENTED_EDGE('',*,*,#6294,.T.);
#7887=ORIENTED_EDGE('',*,*,#6295,.T.);
#7888=ORIENTED_EDGE('',*,*,#6296,.T.);
#7889=ORIENTED_EDGE('',*,*,#6297,.T.);
#7890=ORIENTED_EDGE('',*,*,#6298,.T.);
#7891=ORIENTED_EDGE('',*,*,#6299,.T.);
#7892=ORIENTED_EDGE('',*,*,#6300,.T.);
#7893=ORIENTED_EDGE('',*,*,#6301,.T.);
#7894=ORIENTED_EDGE('',*,*,#6302,.T.);
#7895=ORIENTED_EDGE('',*,*,#6303,.T.);
#7896=ORIENTED_EDGE('',*,*,#6304,.T.);
#7897=ORIENTED_EDGE('',*,*,#6305,.T.);
#7898=ORIENTED_EDGE('',*,*,#6306,.T.);
#7899=ORIENTED_EDGE('',*,*,#6307,.T.);
#7900=ORIENTED_EDGE('',*,*,#6308,.T.);
#7901=ORIENTED_EDGE('',*,*,#6309,.T.);
#7902=ORIENTED_EDGE('',*,*,#6310,.T.);
#7903=ORIENTED_EDGE('',*,*,#6311,.T.);
#7904=ORIENTED_EDGE('',*,*,#6312,.T.);
#7905=ORIENTED_EDGE('',*,*,#6313,.T.);
#7906=ORIENTED_EDGE('',*,*,#6314,.T.);
#7907=ORIENTED_EDGE('',*,*,#6315,.T.);
#7908=ORIENTED_EDGE('',*,*,#6316,.T.);
#7909=ORIENTED_EDGE('',*,*,#6317,.T.);
#7910=ORIENTED_EDGE('',*,*,#6318,.T.);
#7911=ORIENTED_EDGE('',*,*,#6319,.T.);
#7912=ORIENTED_EDGE('',*,*,#6320,.T.);
#7913=ORIENTED_EDGE('',*,*,#6321,.T.);
#7914=ORIENTED_EDGE('',*,*,#6322,.T.);
#7915=ORIENTED_EDGE('',*,*,#6323,.T.);
#7916=ORIENTED_EDGE('',*,*,#6324,.T.);
#7917=ORIENTED_EDGE('',*,*,#6325,.T.);
#7918=ORIENTED_EDGE('',*,*,#6326,.T.);
#7919=ORIENTED_EDGE('',*,*,#6327,.T.);
#7920=ORIENTED_EDGE('',*,*,#6328,.T.);
#7921=ORIENTED_EDGE('',*,*,#6329,.T.);
#7922=ORIENTED_EDGE('',*,*,#6330,.T.);
#7923=ORIENTED_EDGE('',*,*,#6331,.T.);
#7924=ORIENTED_EDGE('',*,*,#6332,.T.);
#7925=ORIENTED_EDGE('',*,*,#6333,.T.);
#7926=ORIENTED_EDGE('',*,*,#6334,.T.);
#7927=ORIENTED_EDGE('',*,*,#6335,.T.);
#7928=ORIENTED_EDGE('',*,*,#6336,.T.);
#7929=ORIENTED_EDGE('',*,*,#6337,.T.);
#7930=ORIENTED_EDGE('',*,*,#6338,.T.);
#7931=ORIENTED_EDGE('',*,*,#6339,.T.);
#7932=ORIENTED_EDGE('',*,*,#6340,.T.);
#7933=ORIENTED_EDGE('',*,*,#6341,.T.);
#7934=ORIENTED_EDGE('',*,*,#6342,.T.);
#7935=ORIENTED_EDGE('',*,*,#6343,.T.);
#7936=ORIENTED_EDGE('',*,*,#6344,.T.);
#7937=ORIENTED_EDGE('',*,*,#6345,.T.);
#7938=ORIENTED_EDGE('',*,*,#6346,.T.);
#7939=ORIENTED_EDGE('',*,*,#6347,.T.);
#7940=ORIENTED_EDGE('',*,*,#6348,.T.);
#7941=ORIENTED_EDGE('',*,*,#6349,.T.);
#7942=ORIENTED_EDGE('',*,*,#6350,.T.);
#7943=ORIENTED_EDGE('',*,*,#6351,.T.);
#7944=ORIENTED_EDGE('',*,*,#6352,.T.);
#7945=ORIENTED_EDGE('',*,*,#6353,.T.);
#7946=ORIENTED_EDGE('',*,*,#6354,.T.);
#7947=ORIENTED_EDGE('',*,*,#6355,.T.);
#7948=ORIENTED_EDGE('',*,*,#6356,.T.);
#7949=ORIENTED_EDGE('',*,*,#6357,.T.);
#7950=ORIENTED_EDGE('',*,*,#6358,.T.);
#7951=ORIENTED_EDGE('',*,*,#6359,.T.);
#7952=ORIENTED_EDGE('',*,*,#6360,.T.);
#7953=ORIENTED_EDGE('',*,*,#6361,.T.);
#7954=ORIENTED_EDGE('',*,*,#6362,.T.);
#7955=ORIENTED_EDGE('',*,*,#6363,.T.);
#7956=ORIENTED_EDGE('',*,*,#6364,.T.);
#7957=ORIENTED_EDGE('',*,*,#6365,.T.);
#7958=ORIENTED_EDGE('',*,*,#6366,.T.);
#7959=ORIENTED_EDGE('',*,*,#6367,.T.);
#7960=ORIENTED_EDGE('',*,*,#6368,.T.);
#7961=ORIENTED_EDGE('',*,*,#6369,.T.);
#7962=ORIENTED_EDGE('',*,*,#6370,.T.);
#7963=ORIENTED_EDGE('',*,*,#6371,.T.);
#7964=ORIENTED_EDGE('',*,*,#6372,.T.);
#7965=ORIENTED_EDGE('',*,*,#6373,.T.);
#7966=ORIENTED_EDGE('',*,*,#6374,.T.);
#7967=ORIENTED_EDGE('',*,*,#6375,.T.);
#7968=ORIENTED_EDGE('',*,*,#6376,.T.);
#7969=ORIENTED_EDGE('',*,*,#6377,.T.);
#7970=ORIENTED_EDGE('',*,*,#6378,.T.);
#7971=ORIENTED_EDGE('',*,*,#6379,.T.);
#7972=ORIENTED_EDGE('',*,*,#6380,.T.);
#7973=ORIENTED_EDGE('',*,*,#6381,.T.);
#7974=ORIENTED_EDGE('',*,*,#6382,.T.);
#7975=ORIENTED_EDGE('',*,*,#6383,.T.);
#7976=ORIENTED_EDGE('',*,*,#6384,.T.);
#7977=ORIENTED_EDGE('',*,*,#6385,.T.);
#7978=ORIENTED_EDGE('',*,*,#6386,.T.);
#7979=ORIENTED_EDGE('',*,*,#6387,.T.);
#7980=ORIENTED_EDGE('',*,*,#6388,.T.);
#7981=ORIENTED_EDGE('',*,*,#6389,.T.);
#7982=ORIENTED_EDGE('',*,*,#6390,.T.);
#7983=ORIENTED_EDGE('',*,*,#6391,.T.);
#7984=ORIENTED_EDGE('',*,*,#6392,.T.);
#7985=ORIENTED_EDGE('',*,*,#6393,.T.);
#7986=ORIENTED_EDGE('',*,*,#6394,.T.);
#7987=ORIENTED_EDGE('',*,*,#6395,.T.);
#7988=ORIENTED_EDGE('',*,*,#6396,.T.);
#7989=ORIENTED_EDGE('',*,*,#6199,.T.);
#7990=ORIENTED_EDGE('',*,*,#6211,.F.);
#7991=ORIENTED_EDGE('',*,*,#6245,.F.);
#7992=ORIENTED_EDGE('',*,*,#6231,.F.);
#7993=ORIENTED_EDGE('',*,*,#6229,.F.);
#7994=ORIENTED_EDGE('',*,*,#6397,.T.);
#7995=ORIENTED_EDGE('',*,*,#6398,.T.);
#7996=ORIENTED_EDGE('',*,*,#6399,.T.);
#7997=ORIENTED_EDGE('',*,*,#6400,.T.);
#7998=ORIENTED_EDGE('',*,*,#6230,.F.);
#7999=ORIENTED_EDGE('',*,*,#6235,.F.);
#8000=ORIENTED_EDGE('',*,*,#6242,.F.);
#8001=ORIENTED_EDGE('',*,*,#6240,.F.);
#8002=ORIENTED_EDGE('',*,*,#6401,.T.);
#8003=ORIENTED_EDGE('',*,*,#6402,.T.);
#8004=ORIENTED_EDGE('',*,*,#6403,.T.);
#8005=ORIENTED_EDGE('',*,*,#6404,.T.);
#8006=ORIENTED_EDGE('',*,*,#6405,.T.);
#8007=ORIENTED_EDGE('',*,*,#6406,.T.);
#8008=ORIENTED_EDGE('',*,*,#6407,.T.);
#8009=ORIENTED_EDGE('',*,*,#6408,.T.);
#8010=ORIENTED_EDGE('',*,*,#6409,.T.);
#8011=ORIENTED_EDGE('',*,*,#6410,.T.);
#8012=ORIENTED_EDGE('',*,*,#6411,.T.);
#8013=ORIENTED_EDGE('',*,*,#6412,.T.);
#8014=ORIENTED_EDGE('',*,*,#6413,.T.);
#8015=ORIENTED_EDGE('',*,*,#6414,.T.);
#8016=ORIENTED_EDGE('',*,*,#6415,.T.);
#8017=ORIENTED_EDGE('',*,*,#6416,.T.);
#8018=ORIENTED_EDGE('',*,*,#6417,.T.);
#8019=ORIENTED_EDGE('',*,*,#6418,.T.);
#8020=ORIENTED_EDGE('',*,*,#6419,.T.);
#8021=ORIENTED_EDGE('',*,*,#6420,.T.);
#8022=ORIENTED_EDGE('',*,*,#6421,.T.);
#8023=ORIENTED_EDGE('',*,*,#6422,.T.);
#8024=ORIENTED_EDGE('',*,*,#6423,.T.);
#8025=ORIENTED_EDGE('',*,*,#6424,.T.);
#8026=ORIENTED_EDGE('',*,*,#6425,.T.);
#8027=ORIENTED_EDGE('',*,*,#6426,.T.);
#8028=ORIENTED_EDGE('',*,*,#6427,.T.);
#8029=ORIENTED_EDGE('',*,*,#6428,.T.);
#8030=ORIENTED_EDGE('',*,*,#6429,.T.);
#8031=ORIENTED_EDGE('',*,*,#6430,.T.);
#8032=ORIENTED_EDGE('',*,*,#6431,.T.);
#8033=ORIENTED_EDGE('',*,*,#6432,.T.);
#8034=ORIENTED_EDGE('',*,*,#6433,.T.);
#8035=ORIENTED_EDGE('',*,*,#6434,.T.);
#8036=ORIENTED_EDGE('',*,*,#6435,.T.);
#8037=ORIENTED_EDGE('',*,*,#6436,.T.);
#8038=ORIENTED_EDGE('',*,*,#6437,.T.);
#8039=ORIENTED_EDGE('',*,*,#6438,.T.);
#8040=ORIENTED_EDGE('',*,*,#6439,.T.);
#8041=ORIENTED_EDGE('',*,*,#6440,.T.);
#8042=ORIENTED_EDGE('',*,*,#6441,.T.);
#8043=ORIENTED_EDGE('',*,*,#6442,.T.);
#8044=ORIENTED_EDGE('',*,*,#6443,.T.);
#8045=ORIENTED_EDGE('',*,*,#6444,.T.);
#8046=ORIENTED_EDGE('',*,*,#6445,.T.);
#8047=ORIENTED_EDGE('',*,*,#6446,.T.);
#8048=ORIENTED_EDGE('',*,*,#6447,.T.);
#8049=ORIENTED_EDGE('',*,*,#6448,.T.);
#8050=ORIENTED_EDGE('',*,*,#6449,.T.);
#8051=ORIENTED_EDGE('',*,*,#6450,.T.);
#8052=ORIENTED_EDGE('',*,*,#6451,.T.);
#8053=ORIENTED_EDGE('',*,*,#6452,.T.);
#8054=ORIENTED_EDGE('',*,*,#6453,.T.);
#8055=ORIENTED_EDGE('',*,*,#6454,.T.);
#8056=ORIENTED_EDGE('',*,*,#6455,.T.);
#8057=ORIENTED_EDGE('',*,*,#6456,.T.);
#8058=ORIENTED_EDGE('',*,*,#6457,.T.);
#8059=ORIENTED_EDGE('',*,*,#6458,.T.);
#8060=ORIENTED_EDGE('',*,*,#6459,.T.);
#8061=ORIENTED_EDGE('',*,*,#6460,.T.);
#8062=ORIENTED_EDGE('',*,*,#6461,.T.);
#8063=ORIENTED_EDGE('',*,*,#6462,.T.);
#8064=ORIENTED_EDGE('',*,*,#6463,.T.);
#8065=ORIENTED_EDGE('',*,*,#6464,.T.);
#8066=ORIENTED_EDGE('',*,*,#6465,.T.);
#8067=ORIENTED_EDGE('',*,*,#6466,.T.);
#8068=ORIENTED_EDGE('',*,*,#6467,.T.);
#8069=ORIENTED_EDGE('',*,*,#6468,.T.);
#8070=ORIENTED_EDGE('',*,*,#6469,.T.);
#8071=ORIENTED_EDGE('',*,*,#6470,.T.);
#8072=ORIENTED_EDGE('',*,*,#6471,.T.);
#8073=ORIENTED_EDGE('',*,*,#6472,.T.);
#8074=ORIENTED_EDGE('',*,*,#6473,.T.);
#8075=ORIENTED_EDGE('',*,*,#6474,.T.);
#8076=ORIENTED_EDGE('',*,*,#6475,.T.);
#8077=ORIENTED_EDGE('',*,*,#6476,.T.);
#8078=ORIENTED_EDGE('',*,*,#6477,.T.);
#8079=ORIENTED_EDGE('',*,*,#6478,.T.);
#8080=ORIENTED_EDGE('',*,*,#6479,.T.);
#8081=ORIENTED_EDGE('',*,*,#6480,.T.);
#8082=ORIENTED_EDGE('',*,*,#6481,.T.);
#8083=ORIENTED_EDGE('',*,*,#6482,.T.);
#8084=ORIENTED_EDGE('',*,*,#6483,.T.);
#8085=ORIENTED_EDGE('',*,*,#6484,.T.);
#8086=ORIENTED_EDGE('',*,*,#6485,.T.);
#8087=ORIENTED_EDGE('',*,*,#6486,.T.);
#8088=ORIENTED_EDGE('',*,*,#6487,.T.);
#8089=ORIENTED_EDGE('',*,*,#6488,.T.);
#8090=ORIENTED_EDGE('',*,*,#6489,.T.);
#8091=ORIENTED_EDGE('',*,*,#6490,.T.);
#8092=ORIENTED_EDGE('',*,*,#6491,.T.);
#8093=ORIENTED_EDGE('',*,*,#6492,.T.);
#8094=ORIENTED_EDGE('',*,*,#6493,.T.);
#8095=ORIENTED_EDGE('',*,*,#6494,.T.);
#8096=ORIENTED_EDGE('',*,*,#6495,.T.);
#8097=ORIENTED_EDGE('',*,*,#6496,.T.);
#8098=ORIENTED_EDGE('',*,*,#6497,.T.);
#8099=ORIENTED_EDGE('',*,*,#6498,.T.);
#8100=ORIENTED_EDGE('',*,*,#6499,.T.);
#8101=ORIENTED_EDGE('',*,*,#6500,.T.);
#8102=ORIENTED_EDGE('',*,*,#6501,.T.);
#8103=ORIENTED_EDGE('',*,*,#6502,.T.);
#8104=ORIENTED_EDGE('',*,*,#6503,.T.);
#8105=ORIENTED_EDGE('',*,*,#6504,.T.);
#8106=ORIENTED_EDGE('',*,*,#6505,.T.);
#8107=ORIENTED_EDGE('',*,*,#6506,.T.);
#8108=ORIENTED_EDGE('',*,*,#6507,.T.);
#8109=ORIENTED_EDGE('',*,*,#6508,.T.);
#8110=ORIENTED_EDGE('',*,*,#6509,.T.);
#8111=ORIENTED_EDGE('',*,*,#6510,.T.);
#8112=ORIENTED_EDGE('',*,*,#6511,.T.);
#8113=ORIENTED_EDGE('',*,*,#6512,.T.);
#8114=ORIENTED_EDGE('',*,*,#6513,.T.);
#8115=ORIENTED_EDGE('',*,*,#6514,.T.);
#8116=ORIENTED_EDGE('',*,*,#6515,.T.);
#8117=ORIENTED_EDGE('',*,*,#6516,.T.);
#8118=ORIENTED_EDGE('',*,*,#6517,.T.);
#8119=ORIENTED_EDGE('',*,*,#6518,.T.);
#8120=ORIENTED_EDGE('',*,*,#6519,.T.);
#8121=ORIENTED_EDGE('',*,*,#6520,.T.);
#8122=ORIENTED_EDGE('',*,*,#6521,.T.);
#8123=ORIENTED_EDGE('',*,*,#6522,.T.);
#8124=ORIENTED_EDGE('',*,*,#6523,.T.);
#8125=ORIENTED_EDGE('',*,*,#6524,.T.);
#8126=ORIENTED_EDGE('',*,*,#6525,.T.);
#8127=ORIENTED_EDGE('',*,*,#6526,.T.);
#8128=ORIENTED_EDGE('',*,*,#6527,.T.);
#8129=ORIENTED_EDGE('',*,*,#6528,.T.);
#8130=ORIENTED_EDGE('',*,*,#6529,.T.);
#8131=ORIENTED_EDGE('',*,*,#6530,.T.);
#8132=ORIENTED_EDGE('',*,*,#6531,.T.);
#8133=ORIENTED_EDGE('',*,*,#6532,.T.);
#8134=ORIENTED_EDGE('',*,*,#6533,.T.);
#8135=ORIENTED_EDGE('',*,*,#6534,.T.);
#8136=ORIENTED_EDGE('',*,*,#6535,.T.);
#8137=ORIENTED_EDGE('',*,*,#6536,.T.);
#8138=ORIENTED_EDGE('',*,*,#6537,.T.);
#8139=ORIENTED_EDGE('',*,*,#6538,.T.);
#8140=ORIENTED_EDGE('',*,*,#6539,.T.);
#8141=ORIENTED_EDGE('',*,*,#6540,.T.);
#8142=ORIENTED_EDGE('',*,*,#6541,.T.);
#8143=ORIENTED_EDGE('',*,*,#6542,.T.);
#8144=ORIENTED_EDGE('',*,*,#6543,.T.);
#8145=ORIENTED_EDGE('',*,*,#6544,.T.);
#8146=ORIENTED_EDGE('',*,*,#6545,.T.);
#8147=ORIENTED_EDGE('',*,*,#6546,.T.);
#8148=ORIENTED_EDGE('',*,*,#6547,.T.);
#8149=ORIENTED_EDGE('',*,*,#6548,.T.);
#8150=ORIENTED_EDGE('',*,*,#6549,.T.);
#8151=ORIENTED_EDGE('',*,*,#6550,.T.);
#8152=ORIENTED_EDGE('',*,*,#6194,.T.);
#8153=ORIENTED_EDGE('',*,*,#6236,.F.);
#8154=ORIENTED_EDGE('',*,*,#6244,.F.);
#8155=ORIENTED_EDGE('',*,*,#6221,.F.);
#8156=ORIENTED_EDGE('',*,*,#6238,.F.);
#8157=ORIENTED_EDGE('',*,*,#6551,.T.);
#8158=ORIENTED_EDGE('',*,*,#6552,.T.);
#8159=ORIENTED_EDGE('',*,*,#6553,.T.);
#8160=ORIENTED_EDGE('',*,*,#6554,.T.);
#8161=ORIENTED_EDGE('',*,*,#6555,.T.);
#8162=ORIENTED_EDGE('',*,*,#6556,.T.);
#8163=ORIENTED_EDGE('',*,*,#6557,.T.);
#8164=ORIENTED_EDGE('',*,*,#6558,.T.);
#8165=ORIENTED_EDGE('',*,*,#6559,.T.);
#8166=ORIENTED_EDGE('',*,*,#6560,.T.);
#8167=ORIENTED_EDGE('',*,*,#6561,.T.);
#8168=ORIENTED_EDGE('',*,*,#6562,.T.);
#8169=ORIENTED_EDGE('',*,*,#6563,.T.);
#8170=ORIENTED_EDGE('',*,*,#6564,.T.);
#8171=ORIENTED_EDGE('',*,*,#6565,.T.);
#8172=ORIENTED_EDGE('',*,*,#6566,.T.);
#8173=ORIENTED_EDGE('',*,*,#6567,.T.);
#8174=ORIENTED_EDGE('',*,*,#6568,.T.);
#8175=ORIENTED_EDGE('',*,*,#6569,.T.);
#8176=ORIENTED_EDGE('',*,*,#6570,.T.);
#8177=ORIENTED_EDGE('',*,*,#6571,.T.);
#8178=ORIENTED_EDGE('',*,*,#6572,.T.);
#8179=ORIENTED_EDGE('',*,*,#6573,.T.);
#8180=ORIENTED_EDGE('',*,*,#6574,.T.);
#8181=ORIENTED_EDGE('',*,*,#6575,.T.);
#8182=ORIENTED_EDGE('',*,*,#6576,.T.);
#8183=ORIENTED_EDGE('',*,*,#6577,.T.);
#8184=ORIENTED_EDGE('',*,*,#6578,.T.);
#8185=ORIENTED_EDGE('',*,*,#6579,.T.);
#8186=ORIENTED_EDGE('',*,*,#6580,.T.);
#8187=ORIENTED_EDGE('',*,*,#6581,.T.);
#8188=ORIENTED_EDGE('',*,*,#6582,.T.);
#8189=ORIENTED_EDGE('',*,*,#6583,.T.);
#8190=ORIENTED_EDGE('',*,*,#6584,.T.);
#8191=ORIENTED_EDGE('',*,*,#6585,.T.);
#8192=ORIENTED_EDGE('',*,*,#6586,.T.);
#8193=ORIENTED_EDGE('',*,*,#6587,.T.);
#8194=ORIENTED_EDGE('',*,*,#6588,.T.);
#8195=ORIENTED_EDGE('',*,*,#6589,.T.);
#8196=ORIENTED_EDGE('',*,*,#6590,.T.);
#8197=ORIENTED_EDGE('',*,*,#6591,.T.);
#8198=ORIENTED_EDGE('',*,*,#6592,.T.);
#8199=ORIENTED_EDGE('',*,*,#6593,.T.);
#8200=ORIENTED_EDGE('',*,*,#6594,.T.);
#8201=ORIENTED_EDGE('',*,*,#6595,.T.);
#8202=ORIENTED_EDGE('',*,*,#6596,.T.);
#8203=ORIENTED_EDGE('',*,*,#6597,.T.);
#8204=ORIENTED_EDGE('',*,*,#6598,.T.);
#8205=ORIENTED_EDGE('',*,*,#6599,.T.);
#8206=ORIENTED_EDGE('',*,*,#6600,.T.);
#8207=ORIENTED_EDGE('',*,*,#6601,.T.);
#8208=ORIENTED_EDGE('',*,*,#6602,.T.);
#8209=ORIENTED_EDGE('',*,*,#6603,.T.);
#8210=ORIENTED_EDGE('',*,*,#6604,.T.);
#8211=ORIENTED_EDGE('',*,*,#6605,.T.);
#8212=ORIENTED_EDGE('',*,*,#6606,.T.);
#8213=ORIENTED_EDGE('',*,*,#6607,.T.);
#8214=ORIENTED_EDGE('',*,*,#6608,.T.);
#8215=ORIENTED_EDGE('',*,*,#6609,.T.);
#8216=ORIENTED_EDGE('',*,*,#6610,.T.);
#8217=ORIENTED_EDGE('',*,*,#6611,.T.);
#8218=ORIENTED_EDGE('',*,*,#6612,.T.);
#8219=ORIENTED_EDGE('',*,*,#6613,.T.);
#8220=ORIENTED_EDGE('',*,*,#6614,.T.);
#8221=ORIENTED_EDGE('',*,*,#6615,.T.);
#8222=ORIENTED_EDGE('',*,*,#6616,.T.);
#8223=ORIENTED_EDGE('',*,*,#6617,.T.);
#8224=ORIENTED_EDGE('',*,*,#6618,.T.);
#8225=ORIENTED_EDGE('',*,*,#6619,.T.);
#8226=ORIENTED_EDGE('',*,*,#6620,.T.);
#8227=ORIENTED_EDGE('',*,*,#6621,.T.);
#8228=ORIENTED_EDGE('',*,*,#6622,.T.);
#8229=ORIENTED_EDGE('',*,*,#6623,.T.);
#8230=ORIENTED_EDGE('',*,*,#6624,.T.);
#8231=ORIENTED_EDGE('',*,*,#6625,.T.);
#8232=ORIENTED_EDGE('',*,*,#6626,.T.);
#8233=ORIENTED_EDGE('',*,*,#6627,.T.);
#8234=ORIENTED_EDGE('',*,*,#6628,.T.);
#8235=ORIENTED_EDGE('',*,*,#6629,.T.);
#8236=ORIENTED_EDGE('',*,*,#6630,.T.);
#8237=ORIENTED_EDGE('',*,*,#6631,.T.);
#8238=ORIENTED_EDGE('',*,*,#6632,.T.);
#8239=ORIENTED_EDGE('',*,*,#6633,.T.);
#8240=ORIENTED_EDGE('',*,*,#6634,.T.);
#8241=ORIENTED_EDGE('',*,*,#6635,.T.);
#8242=ORIENTED_EDGE('',*,*,#6636,.T.);
#8243=ORIENTED_EDGE('',*,*,#6637,.T.);
#8244=ORIENTED_EDGE('',*,*,#6638,.T.);
#8245=ORIENTED_EDGE('',*,*,#6639,.T.);
#8246=ORIENTED_EDGE('',*,*,#6640,.T.);
#8247=ORIENTED_EDGE('',*,*,#6641,.T.);
#8248=ORIENTED_EDGE('',*,*,#6642,.T.);
#8249=ORIENTED_EDGE('',*,*,#6643,.T.);
#8250=ORIENTED_EDGE('',*,*,#6644,.F.);
#8251=ORIENTED_EDGE('',*,*,#6645,.F.);
#8252=ORIENTED_EDGE('',*,*,#6553,.F.);
#8253=ORIENTED_EDGE('',*,*,#6646,.T.);
#8254=ORIENTED_EDGE('',*,*,#6647,.F.);
#8255=ORIENTED_EDGE('',*,*,#6646,.F.);
#8256=ORIENTED_EDGE('',*,*,#6552,.F.);
#8257=ORIENTED_EDGE('',*,*,#6648,.T.);
#8258=ORIENTED_EDGE('',*,*,#6649,.F.);
#8259=ORIENTED_EDGE('',*,*,#6648,.F.);
#8260=ORIENTED_EDGE('',*,*,#6551,.F.);
#8261=ORIENTED_EDGE('',*,*,#6650,.T.);
#8262=ORIENTED_EDGE('',*,*,#6651,.F.);
#8263=ORIENTED_EDGE('',*,*,#6650,.F.);
#8264=ORIENTED_EDGE('',*,*,#6554,.F.);
#8265=ORIENTED_EDGE('',*,*,#6645,.T.);
#8266=ORIENTED_EDGE('',*,*,#6652,.F.);
#8267=ORIENTED_EDGE('',*,*,#6653,.F.);
#8268=ORIENTED_EDGE('',*,*,#6399,.F.);
#8269=ORIENTED_EDGE('',*,*,#6654,.T.);
#8270=ORIENTED_EDGE('',*,*,#6655,.F.);
#8271=ORIENTED_EDGE('',*,*,#6654,.F.);
#8272=ORIENTED_EDGE('',*,*,#6398,.F.);
#8273=ORIENTED_EDGE('',*,*,#6656,.T.);
#8274=ORIENTED_EDGE('',*,*,#6657,.F.);
#8275=ORIENTED_EDGE('',*,*,#6656,.F.);
#8276=ORIENTED_EDGE('',*,*,#6397,.F.);
#8277=ORIENTED_EDGE('',*,*,#6658,.T.);
#8278=ORIENTED_EDGE('',*,*,#6659,.F.);
#8279=ORIENTED_EDGE('',*,*,#6658,.F.);
#8280=ORIENTED_EDGE('',*,*,#6400,.F.);
#8281=ORIENTED_EDGE('',*,*,#6653,.T.);
#8282=ORIENTED_EDGE('',*,*,#6660,.F.);
#8283=ORIENTED_EDGE('',*,*,#6661,.F.);
#8284=ORIENTED_EDGE('',*,*,#6638,.F.);
#8285=ORIENTED_EDGE('',*,*,#6662,.T.);
#8286=ORIENTED_EDGE('',*,*,#6663,.F.);
#8287=ORIENTED_EDGE('',*,*,#6662,.F.);
#8288=ORIENTED_EDGE('',*,*,#6637,.F.);
#8289=ORIENTED_EDGE('',*,*,#6664,.T.);
#8290=ORIENTED_EDGE('',*,*,#6665,.F.);
#8291=ORIENTED_EDGE('',*,*,#6664,.F.);
#8292=ORIENTED_EDGE('',*,*,#6636,.F.);
#8293=ORIENTED_EDGE('',*,*,#6666,.T.);
#8294=ORIENTED_EDGE('',*,*,#6667,.F.);
#8295=ORIENTED_EDGE('',*,*,#6666,.F.);
#8296=ORIENTED_EDGE('',*,*,#6635,.F.);
#8297=ORIENTED_EDGE('',*,*,#6668,.T.);
#8298=ORIENTED_EDGE('',*,*,#6669,.F.);
#8299=ORIENTED_EDGE('',*,*,#6668,.F.);
#8300=ORIENTED_EDGE('',*,*,#6634,.F.);
#8301=ORIENTED_EDGE('',*,*,#6670,.T.);
#8302=ORIENTED_EDGE('',*,*,#6671,.F.);
#8303=ORIENTED_EDGE('',*,*,#6670,.F.);
#8304=ORIENTED_EDGE('',*,*,#6633,.F.);
#8305=ORIENTED_EDGE('',*,*,#6672,.T.);
#8306=ORIENTED_EDGE('',*,*,#6673,.F.);
#8307=ORIENTED_EDGE('',*,*,#6672,.F.);
#8308=ORIENTED_EDGE('',*,*,#6632,.F.);
#8309=ORIENTED_EDGE('',*,*,#6674,.T.);
#8310=ORIENTED_EDGE('',*,*,#6675,.F.);
#8311=ORIENTED_EDGE('',*,*,#6674,.F.);
#8312=ORIENTED_EDGE('',*,*,#6643,.F.);
#8313=ORIENTED_EDGE('',*,*,#6676,.T.);
#8314=ORIENTED_EDGE('',*,*,#6677,.F.);
#8315=ORIENTED_EDGE('',*,*,#6676,.F.);
#8316=ORIENTED_EDGE('',*,*,#6642,.F.);
#8317=ORIENTED_EDGE('',*,*,#6678,.T.);
#8318=ORIENTED_EDGE('',*,*,#6679,.F.);
#8319=ORIENTED_EDGE('',*,*,#6678,.F.);
#8320=ORIENTED_EDGE('',*,*,#6641,.F.);
#8321=ORIENTED_EDGE('',*,*,#6680,.T.);
#8322=ORIENTED_EDGE('',*,*,#6681,.F.);
#8323=ORIENTED_EDGE('',*,*,#6680,.F.);
#8324=ORIENTED_EDGE('',*,*,#6640,.F.);
#8325=ORIENTED_EDGE('',*,*,#6682,.T.);
#8326=ORIENTED_EDGE('',*,*,#6683,.F.);
#8327=ORIENTED_EDGE('',*,*,#6682,.F.);
#8328=ORIENTED_EDGE('',*,*,#6639,.F.);
#8329=ORIENTED_EDGE('',*,*,#6661,.T.);
#8330=ORIENTED_EDGE('',*,*,#6684,.F.);
#8331=ORIENTED_EDGE('',*,*,#6685,.F.);
#8332=ORIENTED_EDGE('',*,*,#6622,.F.);
#8333=ORIENTED_EDGE('',*,*,#6686,.T.);
#8334=ORIENTED_EDGE('',*,*,#6687,.F.);
#8335=ORIENTED_EDGE('',*,*,#6686,.F.);
#8336=ORIENTED_EDGE('',*,*,#6621,.F.);
#8337=ORIENTED_EDGE('',*,*,#6688,.T.);
#8338=ORIENTED_EDGE('',*,*,#6689,.F.);
#8339=ORIENTED_EDGE('',*,*,#6688,.F.);
#8340=ORIENTED_EDGE('',*,*,#6620,.F.);
#8341=ORIENTED_EDGE('',*,*,#6690,.T.);
#8342=ORIENTED_EDGE('',*,*,#6691,.F.);
#8343=ORIENTED_EDGE('',*,*,#6690,.F.);
#8344=ORIENTED_EDGE('',*,*,#6619,.F.);
#8345=ORIENTED_EDGE('',*,*,#6692,.T.);
#8346=ORIENTED_EDGE('',*,*,#6693,.F.);
#8347=ORIENTED_EDGE('',*,*,#6692,.F.);
#8348=ORIENTED_EDGE('',*,*,#6618,.F.);
#8349=ORIENTED_EDGE('',*,*,#6694,.T.);
#8350=ORIENTED_EDGE('',*,*,#6695,.F.);
#8351=ORIENTED_EDGE('',*,*,#6694,.F.);
#8352=ORIENTED_EDGE('',*,*,#6617,.F.);
#8353=ORIENTED_EDGE('',*,*,#6696,.T.);
#8354=ORIENTED_EDGE('',*,*,#6697,.F.);
#8355=ORIENTED_EDGE('',*,*,#6696,.F.);
#8356=ORIENTED_EDGE('',*,*,#6616,.F.);
#8357=ORIENTED_EDGE('',*,*,#6698,.T.);
#8358=ORIENTED_EDGE('',*,*,#6699,.F.);
#8359=ORIENTED_EDGE('',*,*,#6698,.F.);
#8360=ORIENTED_EDGE('',*,*,#6615,.F.);
#8361=ORIENTED_EDGE('',*,*,#6700,.T.);
#8362=ORIENTED_EDGE('',*,*,#6701,.F.);
#8363=ORIENTED_EDGE('',*,*,#6700,.F.);
#8364=ORIENTED_EDGE('',*,*,#6614,.F.);
#8365=ORIENTED_EDGE('',*,*,#6702,.T.);
#8366=ORIENTED_EDGE('',*,*,#6703,.F.);
#8367=ORIENTED_EDGE('',*,*,#6702,.F.);
#8368=ORIENTED_EDGE('',*,*,#6613,.F.);
#8369=ORIENTED_EDGE('',*,*,#6704,.T.);
#8370=ORIENTED_EDGE('',*,*,#6705,.F.);
#8371=ORIENTED_EDGE('',*,*,#6704,.F.);
#8372=ORIENTED_EDGE('',*,*,#6631,.F.);
#8373=ORIENTED_EDGE('',*,*,#6706,.T.);
#8374=ORIENTED_EDGE('',*,*,#6707,.F.);
#8375=ORIENTED_EDGE('',*,*,#6706,.F.);
#8376=ORIENTED_EDGE('',*,*,#6630,.F.);
#8377=ORIENTED_EDGE('',*,*,#6708,.T.);
#8378=ORIENTED_EDGE('',*,*,#6709,.F.);
#8379=ORIENTED_EDGE('',*,*,#6708,.F.);
#8380=ORIENTED_EDGE('',*,*,#6629,.F.);
#8381=ORIENTED_EDGE('',*,*,#6710,.T.);
#8382=ORIENTED_EDGE('',*,*,#6711,.F.);
#8383=ORIENTED_EDGE('',*,*,#6710,.F.);
#8384=ORIENTED_EDGE('',*,*,#6628,.F.);
#8385=ORIENTED_EDGE('',*,*,#6712,.T.);
#8386=ORIENTED_EDGE('',*,*,#6713,.F.);
#8387=ORIENTED_EDGE('',*,*,#6712,.F.);
#8388=ORIENTED_EDGE('',*,*,#6627,.F.);
#8389=ORIENTED_EDGE('',*,*,#6714,.T.);
#8390=ORIENTED_EDGE('',*,*,#6715,.F.);
#8391=ORIENTED_EDGE('',*,*,#6714,.F.);
#8392=ORIENTED_EDGE('',*,*,#6626,.F.);
#8393=ORIENTED_EDGE('',*,*,#6716,.T.);
#8394=ORIENTED_EDGE('',*,*,#6717,.F.);
#8395=ORIENTED_EDGE('',*,*,#6716,.F.);
#8396=ORIENTED_EDGE('',*,*,#6625,.F.);
#8397=ORIENTED_EDGE('',*,*,#6718,.T.);
#8398=ORIENTED_EDGE('',*,*,#6719,.F.);
#8399=ORIENTED_EDGE('',*,*,#6718,.F.);
#8400=ORIENTED_EDGE('',*,*,#6624,.F.);
#8401=ORIENTED_EDGE('',*,*,#6720,.T.);
#8402=ORIENTED_EDGE('',*,*,#6721,.F.);
#8403=ORIENTED_EDGE('',*,*,#6720,.F.);
#8404=ORIENTED_EDGE('',*,*,#6623,.F.);
#8405=ORIENTED_EDGE('',*,*,#6685,.T.);
#8406=ORIENTED_EDGE('',*,*,#6722,.F.);
#8407=ORIENTED_EDGE('',*,*,#6723,.F.);
#8408=ORIENTED_EDGE('',*,*,#6604,.F.);
#8409=ORIENTED_EDGE('',*,*,#6724,.T.);
#8410=ORIENTED_EDGE('',*,*,#6725,.F.);
#8411=ORIENTED_EDGE('',*,*,#6724,.F.);
#8412=ORIENTED_EDGE('',*,*,#6603,.F.);
#8413=ORIENTED_EDGE('',*,*,#6726,.T.);
#8414=ORIENTED_EDGE('',*,*,#6727,.F.);
#8415=ORIENTED_EDGE('',*,*,#6726,.F.);
#8416=ORIENTED_EDGE('',*,*,#6602,.F.);
#8417=ORIENTED_EDGE('',*,*,#6728,.T.);
#8418=ORIENTED_EDGE('',*,*,#6729,.F.);
#8419=ORIENTED_EDGE('',*,*,#6728,.F.);
#8420=ORIENTED_EDGE('',*,*,#6601,.F.);
#8421=ORIENTED_EDGE('',*,*,#6730,.T.);
#8422=ORIENTED_EDGE('',*,*,#6731,.F.);
#8423=ORIENTED_EDGE('',*,*,#6730,.F.);
#8424=ORIENTED_EDGE('',*,*,#6600,.F.);
#8425=ORIENTED_EDGE('',*,*,#6732,.T.);
#8426=ORIENTED_EDGE('',*,*,#6733,.F.);
#8427=ORIENTED_EDGE('',*,*,#6732,.F.);
#8428=ORIENTED_EDGE('',*,*,#6599,.F.);
#8429=ORIENTED_EDGE('',*,*,#6734,.T.);
#8430=ORIENTED_EDGE('',*,*,#6735,.F.);
#8431=ORIENTED_EDGE('',*,*,#6734,.F.);
#8432=ORIENTED_EDGE('',*,*,#6598,.F.);
#8433=ORIENTED_EDGE('',*,*,#6736,.T.);
#8434=ORIENTED_EDGE('',*,*,#6737,.F.);
#8435=ORIENTED_EDGE('',*,*,#6736,.F.);
#8436=ORIENTED_EDGE('',*,*,#6597,.F.);
#8437=ORIENTED_EDGE('',*,*,#6738,.T.);
#8438=ORIENTED_EDGE('',*,*,#6739,.F.);
#8439=ORIENTED_EDGE('',*,*,#6738,.F.);
#8440=ORIENTED_EDGE('',*,*,#6596,.F.);
#8441=ORIENTED_EDGE('',*,*,#6740,.T.);
#8442=ORIENTED_EDGE('',*,*,#6741,.F.);
#8443=ORIENTED_EDGE('',*,*,#6740,.F.);
#8444=ORIENTED_EDGE('',*,*,#6612,.F.);
#8445=ORIENTED_EDGE('',*,*,#6742,.T.);
#8446=ORIENTED_EDGE('',*,*,#6743,.F.);
#8447=ORIENTED_EDGE('',*,*,#6742,.F.);
#8448=ORIENTED_EDGE('',*,*,#6611,.F.);
#8449=ORIENTED_EDGE('',*,*,#6744,.T.);
#8450=ORIENTED_EDGE('',*,*,#6745,.F.);
#8451=ORIENTED_EDGE('',*,*,#6744,.F.);
#8452=ORIENTED_EDGE('',*,*,#6610,.F.);
#8453=ORIENTED_EDGE('',*,*,#6746,.T.);
#8454=ORIENTED_EDGE('',*,*,#6747,.F.);
#8455=ORIENTED_EDGE('',*,*,#6746,.F.);
#8456=ORIENTED_EDGE('',*,*,#6609,.F.);
#8457=ORIENTED_EDGE('',*,*,#6748,.T.);
#8458=ORIENTED_EDGE('',*,*,#6749,.F.);
#8459=ORIENTED_EDGE('',*,*,#6748,.F.);
#8460=ORIENTED_EDGE('',*,*,#6608,.F.);
#8461=ORIENTED_EDGE('',*,*,#6750,.T.);
#8462=ORIENTED_EDGE('',*,*,#6751,.F.);
#8463=ORIENTED_EDGE('',*,*,#6750,.F.);
#8464=ORIENTED_EDGE('',*,*,#6607,.F.);
#8465=ORIENTED_EDGE('',*,*,#6752,.T.);
#8466=ORIENTED_EDGE('',*,*,#6753,.F.);
#8467=ORIENTED_EDGE('',*,*,#6752,.F.);
#8468=ORIENTED_EDGE('',*,*,#6606,.F.);
#8469=ORIENTED_EDGE('',*,*,#6754,.T.);
#8470=ORIENTED_EDGE('',*,*,#6755,.F.);
#8471=ORIENTED_EDGE('',*,*,#6754,.F.);
#8472=ORIENTED_EDGE('',*,*,#6605,.F.);
#8473=ORIENTED_EDGE('',*,*,#6723,.T.);
#8474=ORIENTED_EDGE('',*,*,#6756,.F.);
#8475=ORIENTED_EDGE('',*,*,#6757,.F.);
#8476=ORIENTED_EDGE('',*,*,#6591,.F.);
#8477=ORIENTED_EDGE('',*,*,#6758,.T.);
#8478=ORIENTED_EDGE('',*,*,#6759,.F.);
#8479=ORIENTED_EDGE('',*,*,#6758,.F.);
#8480=ORIENTED_EDGE('',*,*,#6590,.F.);
#8481=ORIENTED_EDGE('',*,*,#6760,.T.);
#8482=ORIENTED_EDGE('',*,*,#6761,.F.);
#8483=ORIENTED_EDGE('',*,*,#6760,.F.);
#8484=ORIENTED_EDGE('',*,*,#6589,.F.);
#8485=ORIENTED_EDGE('',*,*,#6762,.T.);
#8486=ORIENTED_EDGE('',*,*,#6763,.F.);
#8487=ORIENTED_EDGE('',*,*,#6762,.F.);
#8488=ORIENTED_EDGE('',*,*,#6588,.F.);
#8489=ORIENTED_EDGE('',*,*,#6764,.T.);
#8490=ORIENTED_EDGE('',*,*,#6765,.F.);
#8491=ORIENTED_EDGE('',*,*,#6764,.F.);
#8492=ORIENTED_EDGE('',*,*,#6587,.F.);
#8493=ORIENTED_EDGE('',*,*,#6766,.T.);
#8494=ORIENTED_EDGE('',*,*,#6767,.F.);
#8495=ORIENTED_EDGE('',*,*,#6766,.F.);
#8496=ORIENTED_EDGE('',*,*,#6586,.F.);
#8497=ORIENTED_EDGE('',*,*,#6768,.T.);
#8498=ORIENTED_EDGE('',*,*,#6769,.F.);
#8499=ORIENTED_EDGE('',*,*,#6768,.F.);
#8500=ORIENTED_EDGE('',*,*,#6595,.F.);
#8501=ORIENTED_EDGE('',*,*,#6770,.T.);
#8502=ORIENTED_EDGE('',*,*,#6771,.F.);
#8503=ORIENTED_EDGE('',*,*,#6770,.F.);
#8504=ORIENTED_EDGE('',*,*,#6594,.F.);
#8505=ORIENTED_EDGE('',*,*,#6772,.T.);
#8506=ORIENTED_EDGE('',*,*,#6773,.F.);
#8507=ORIENTED_EDGE('',*,*,#6772,.F.);
#8508=ORIENTED_EDGE('',*,*,#6593,.F.);
#8509=ORIENTED_EDGE('',*,*,#6774,.T.);
#8510=ORIENTED_EDGE('',*,*,#6775,.F.);
#8511=ORIENTED_EDGE('',*,*,#6774,.F.);
#8512=ORIENTED_EDGE('',*,*,#6592,.F.);
#8513=ORIENTED_EDGE('',*,*,#6757,.T.);
#8514=ORIENTED_EDGE('',*,*,#6776,.F.);
#8515=ORIENTED_EDGE('',*,*,#6777,.F.);
#8516=ORIENTED_EDGE('',*,*,#6576,.F.);
#8517=ORIENTED_EDGE('',*,*,#6778,.T.);
#8518=ORIENTED_EDGE('',*,*,#6779,.F.);
#8519=ORIENTED_EDGE('',*,*,#6778,.F.);
#8520=ORIENTED_EDGE('',*,*,#6575,.F.);
#8521=ORIENTED_EDGE('',*,*,#6780,.T.);
#8522=ORIENTED_EDGE('',*,*,#6781,.F.);
#8523=ORIENTED_EDGE('',*,*,#6780,.F.);
#8524=ORIENTED_EDGE('',*,*,#6574,.F.);
#8525=ORIENTED_EDGE('',*,*,#6782,.T.);
#8526=ORIENTED_EDGE('',*,*,#6783,.F.);
#8527=ORIENTED_EDGE('',*,*,#6782,.F.);
#8528=ORIENTED_EDGE('',*,*,#6573,.F.);
#8529=ORIENTED_EDGE('',*,*,#6784,.T.);
#8530=ORIENTED_EDGE('',*,*,#6785,.F.);
#8531=ORIENTED_EDGE('',*,*,#6784,.F.);
#8532=ORIENTED_EDGE('',*,*,#6572,.F.);
#8533=ORIENTED_EDGE('',*,*,#6786,.T.);
#8534=ORIENTED_EDGE('',*,*,#6787,.F.);
#8535=ORIENTED_EDGE('',*,*,#6786,.F.);
#8536=ORIENTED_EDGE('',*,*,#6571,.F.);
#8537=ORIENTED_EDGE('',*,*,#6788,.T.);
#8538=ORIENTED_EDGE('',*,*,#6789,.F.);
#8539=ORIENTED_EDGE('',*,*,#6788,.F.);
#8540=ORIENTED_EDGE('',*,*,#6570,.F.);
#8541=ORIENTED_EDGE('',*,*,#6790,.T.);
#8542=ORIENTED_EDGE('',*,*,#6791,.F.);
#8543=ORIENTED_EDGE('',*,*,#6790,.F.);
#8544=ORIENTED_EDGE('',*,*,#6569,.F.);
#8545=ORIENTED_EDGE('',*,*,#6792,.T.);
#8546=ORIENTED_EDGE('',*,*,#6793,.F.);
#8547=ORIENTED_EDGE('',*,*,#6792,.F.);
#8548=ORIENTED_EDGE('',*,*,#6568,.F.);
#8549=ORIENTED_EDGE('',*,*,#6794,.T.);
#8550=ORIENTED_EDGE('',*,*,#6795,.F.);
#8551=ORIENTED_EDGE('',*,*,#6794,.F.);
#8552=ORIENTED_EDGE('',*,*,#6567,.F.);
#8553=ORIENTED_EDGE('',*,*,#6796,.T.);
#8554=ORIENTED_EDGE('',*,*,#6797,.F.);
#8555=ORIENTED_EDGE('',*,*,#6796,.F.);
#8556=ORIENTED_EDGE('',*,*,#6585,.F.);
#8557=ORIENTED_EDGE('',*,*,#6798,.T.);
#8558=ORIENTED_EDGE('',*,*,#6799,.F.);
#8559=ORIENTED_EDGE('',*,*,#6798,.F.);
#8560=ORIENTED_EDGE('',*,*,#6584,.F.);
#8561=ORIENTED_EDGE('',*,*,#6800,.T.);
#8562=ORIENTED_EDGE('',*,*,#6801,.F.);
#8563=ORIENTED_EDGE('',*,*,#6800,.F.);
#8564=ORIENTED_EDGE('',*,*,#6583,.F.);
#8565=ORIENTED_EDGE('',*,*,#6802,.T.);
#8566=ORIENTED_EDGE('',*,*,#6803,.F.);
#8567=ORIENTED_EDGE('',*,*,#6802,.F.);
#8568=ORIENTED_EDGE('',*,*,#6582,.F.);
#8569=ORIENTED_EDGE('',*,*,#6804,.T.);
#8570=ORIENTED_EDGE('',*,*,#6805,.F.);
#8571=ORIENTED_EDGE('',*,*,#6804,.F.);
#8572=ORIENTED_EDGE('',*,*,#6581,.F.);
#8573=ORIENTED_EDGE('',*,*,#6806,.T.);
#8574=ORIENTED_EDGE('',*,*,#6807,.F.);
#8575=ORIENTED_EDGE('',*,*,#6806,.F.);
#8576=ORIENTED_EDGE('',*,*,#6580,.F.);
#8577=ORIENTED_EDGE('',*,*,#6808,.T.);
#8578=ORIENTED_EDGE('',*,*,#6809,.F.);
#8579=ORIENTED_EDGE('',*,*,#6808,.F.);
#8580=ORIENTED_EDGE('',*,*,#6579,.F.);
#8581=ORIENTED_EDGE('',*,*,#6810,.T.);
#8582=ORIENTED_EDGE('',*,*,#6811,.F.);
#8583=ORIENTED_EDGE('',*,*,#6810,.F.);
#8584=ORIENTED_EDGE('',*,*,#6578,.F.);
#8585=ORIENTED_EDGE('',*,*,#6812,.T.);
#8586=ORIENTED_EDGE('',*,*,#6813,.F.);
#8587=ORIENTED_EDGE('',*,*,#6812,.F.);
#8588=ORIENTED_EDGE('',*,*,#6577,.F.);
#8589=ORIENTED_EDGE('',*,*,#6777,.T.);
#8590=ORIENTED_EDGE('',*,*,#6814,.F.);
#8591=ORIENTED_EDGE('',*,*,#6815,.F.);
#8592=ORIENTED_EDGE('',*,*,#6563,.F.);
#8593=ORIENTED_EDGE('',*,*,#6816,.T.);
#8594=ORIENTED_EDGE('',*,*,#6817,.F.);
#8595=ORIENTED_EDGE('',*,*,#6816,.F.);
#8596=ORIENTED_EDGE('',*,*,#6562,.F.);
#8597=ORIENTED_EDGE('',*,*,#6818,.T.);
#8598=ORIENTED_EDGE('',*,*,#6819,.F.);
#8599=ORIENTED_EDGE('',*,*,#6818,.F.);
#8600=ORIENTED_EDGE('',*,*,#6561,.F.);
#8601=ORIENTED_EDGE('',*,*,#6820,.T.);
#8602=ORIENTED_EDGE('',*,*,#6821,.F.);
#8603=ORIENTED_EDGE('',*,*,#6820,.F.);
#8604=ORIENTED_EDGE('',*,*,#6560,.F.);
#8605=ORIENTED_EDGE('',*,*,#6822,.T.);
#8606=ORIENTED_EDGE('',*,*,#6823,.F.);
#8607=ORIENTED_EDGE('',*,*,#6822,.F.);
#8608=ORIENTED_EDGE('',*,*,#6559,.F.);
#8609=ORIENTED_EDGE('',*,*,#6824,.T.);
#8610=ORIENTED_EDGE('',*,*,#6825,.F.);
#8611=ORIENTED_EDGE('',*,*,#6824,.F.);
#8612=ORIENTED_EDGE('',*,*,#6566,.F.);
#8613=ORIENTED_EDGE('',*,*,#6826,.T.);
#8614=ORIENTED_EDGE('',*,*,#6827,.F.);
#8615=ORIENTED_EDGE('',*,*,#6826,.F.);
#8616=ORIENTED_EDGE('',*,*,#6565,.F.);
#8617=ORIENTED_EDGE('',*,*,#6828,.T.);
#8618=ORIENTED_EDGE('',*,*,#6829,.F.);
#8619=ORIENTED_EDGE('',*,*,#6828,.F.);
#8620=ORIENTED_EDGE('',*,*,#6564,.F.);
#8621=ORIENTED_EDGE('',*,*,#6815,.T.);
#8622=ORIENTED_EDGE('',*,*,#6830,.F.);
#8623=ORIENTED_EDGE('',*,*,#6831,.F.);
#8624=ORIENTED_EDGE('',*,*,#6832,.F.);
#8625=ORIENTED_EDGE('',*,*,#6833,.T.);
#8626=ORIENTED_EDGE('',*,*,#6834,.F.);
#8627=ORIENTED_EDGE('',*,*,#6833,.F.);
#8628=ORIENTED_EDGE('',*,*,#6835,.F.);
#8629=ORIENTED_EDGE('',*,*,#6836,.T.);
#8630=ORIENTED_EDGE('',*,*,#6837,.F.);
#8631=ORIENTED_EDGE('',*,*,#6836,.F.);
#8632=ORIENTED_EDGE('',*,*,#6838,.F.);
#8633=ORIENTED_EDGE('',*,*,#6839,.T.);
#8634=ORIENTED_EDGE('',*,*,#6840,.F.);
#8635=ORIENTED_EDGE('',*,*,#6839,.F.);
#8636=ORIENTED_EDGE('',*,*,#6841,.F.);
#8637=ORIENTED_EDGE('',*,*,#6842,.T.);
#8638=ORIENTED_EDGE('',*,*,#6843,.F.);
#8639=ORIENTED_EDGE('',*,*,#6842,.F.);
#8640=ORIENTED_EDGE('',*,*,#6844,.F.);
#8641=ORIENTED_EDGE('',*,*,#6845,.T.);
#8642=ORIENTED_EDGE('',*,*,#6846,.F.);
#8643=ORIENTED_EDGE('',*,*,#6845,.F.);
#8644=ORIENTED_EDGE('',*,*,#6847,.F.);
#8645=ORIENTED_EDGE('',*,*,#6848,.T.);
#8646=ORIENTED_EDGE('',*,*,#6849,.F.);
#8647=ORIENTED_EDGE('',*,*,#6848,.F.);
#8648=ORIENTED_EDGE('',*,*,#6850,.F.);
#8649=ORIENTED_EDGE('',*,*,#6851,.T.);
#8650=ORIENTED_EDGE('',*,*,#6852,.F.);
#8651=ORIENTED_EDGE('',*,*,#6851,.F.);
#8652=ORIENTED_EDGE('',*,*,#6853,.F.);
#8653=ORIENTED_EDGE('',*,*,#6854,.T.);
#8654=ORIENTED_EDGE('',*,*,#6855,.F.);
#8655=ORIENTED_EDGE('',*,*,#6854,.F.);
#8656=ORIENTED_EDGE('',*,*,#6856,.F.);
#8657=ORIENTED_EDGE('',*,*,#6857,.T.);
#8658=ORIENTED_EDGE('',*,*,#6858,.F.);
#8659=ORIENTED_EDGE('',*,*,#6857,.F.);
#8660=ORIENTED_EDGE('',*,*,#6859,.F.);
#8661=ORIENTED_EDGE('',*,*,#6860,.T.);
#8662=ORIENTED_EDGE('',*,*,#6861,.F.);
#8663=ORIENTED_EDGE('',*,*,#6860,.F.);
#8664=ORIENTED_EDGE('',*,*,#6862,.F.);
#8665=ORIENTED_EDGE('',*,*,#6863,.T.);
#8666=ORIENTED_EDGE('',*,*,#6864,.T.);
#8667=ORIENTED_EDGE('',*,*,#6865,.F.);
#8668=ORIENTED_EDGE('',*,*,#6866,.F.);
#8669=ORIENTED_EDGE('',*,*,#6867,.T.);
#8670=ORIENTED_EDGE('',*,*,#6868,.F.);
#8671=ORIENTED_EDGE('',*,*,#6869,.F.);
#8672=ORIENTED_EDGE('',*,*,#6870,.T.);
#8673=ORIENTED_EDGE('',*,*,#6871,.F.);
#8674=ORIENTED_EDGE('',*,*,#6872,.F.);
#8675=ORIENTED_EDGE('',*,*,#6864,.F.);
#8676=ORIENTED_EDGE('',*,*,#6873,.F.);
#8677=ORIENTED_EDGE('',*,*,#6874,.F.);
#8678=ORIENTED_EDGE('',*,*,#6875,.F.);
#8679=ORIENTED_EDGE('',*,*,#6876,.F.);
#8680=ORIENTED_EDGE('',*,*,#6877,.F.);
#8681=ORIENTED_EDGE('',*,*,#6878,.F.);
#8682=ORIENTED_EDGE('',*,*,#6879,.F.);
#8683=ORIENTED_EDGE('',*,*,#6867,.F.);
#8684=ORIENTED_EDGE('',*,*,#6880,.F.);
#8685=ORIENTED_EDGE('',*,*,#6875,.T.);
#8686=ORIENTED_EDGE('',*,*,#6881,.F.);
#8687=ORIENTED_EDGE('',*,*,#6882,.F.);
#8688=ORIENTED_EDGE('',*,*,#6883,.T.);
#8689=ORIENTED_EDGE('',*,*,#6884,.F.);
#8690=ORIENTED_EDGE('',*,*,#6885,.F.);
#8691=ORIENTED_EDGE('',*,*,#6886,.T.);
#8692=ORIENTED_EDGE('',*,*,#6878,.T.);
#8693=ORIENTED_EDGE('',*,*,#6887,.F.);
#8694=ORIENTED_EDGE('',*,*,#6888,.F.);
#8695=ORIENTED_EDGE('',*,*,#6868,.T.);
#8696=ORIENTED_EDGE('',*,*,#6879,.T.);
#8697=ORIENTED_EDGE('',*,*,#6886,.F.);
#8698=ORIENTED_EDGE('',*,*,#6889,.F.);
#8699=ORIENTED_EDGE('',*,*,#6870,.F.);
#8700=ORIENTED_EDGE('',*,*,#6890,.F.);
#8701=ORIENTED_EDGE('',*,*,#6891,.T.);
#8702=ORIENTED_EDGE('',*,*,#6892,.F.);
#8703=ORIENTED_EDGE('',*,*,#6891,.F.);
#8704=ORIENTED_EDGE('',*,*,#6893,.F.);
#8705=ORIENTED_EDGE('',*,*,#6894,.T.);
#8706=ORIENTED_EDGE('',*,*,#6895,.F.);
#8707=ORIENTED_EDGE('',*,*,#6894,.F.);
#8708=ORIENTED_EDGE('',*,*,#6896,.F.);
#8709=ORIENTED_EDGE('',*,*,#6897,.T.);
#8710=ORIENTED_EDGE('',*,*,#6898,.F.);
#8711=ORIENTED_EDGE('',*,*,#6897,.F.);
#8712=ORIENTED_EDGE('',*,*,#6899,.F.);
#8713=ORIENTED_EDGE('',*,*,#6900,.T.);
#8714=ORIENTED_EDGE('',*,*,#6901,.F.);
#8715=ORIENTED_EDGE('',*,*,#6900,.F.);
#8716=ORIENTED_EDGE('',*,*,#6902,.F.);
#8717=ORIENTED_EDGE('',*,*,#6903,.T.);
#8718=ORIENTED_EDGE('',*,*,#6904,.F.);
#8719=ORIENTED_EDGE('',*,*,#6903,.F.);
#8720=ORIENTED_EDGE('',*,*,#6905,.F.);
#8721=ORIENTED_EDGE('',*,*,#6906,.T.);
#8722=ORIENTED_EDGE('',*,*,#6907,.F.);
#8723=ORIENTED_EDGE('',*,*,#6906,.F.);
#8724=ORIENTED_EDGE('',*,*,#6908,.F.);
#8725=ORIENTED_EDGE('',*,*,#6909,.T.);
#8726=ORIENTED_EDGE('',*,*,#6910,.F.);
#8727=ORIENTED_EDGE('',*,*,#6909,.F.);
#8728=ORIENTED_EDGE('',*,*,#6911,.F.);
#8729=ORIENTED_EDGE('',*,*,#6912,.T.);
#8730=ORIENTED_EDGE('',*,*,#6913,.F.);
#8731=ORIENTED_EDGE('',*,*,#6912,.F.);
#8732=ORIENTED_EDGE('',*,*,#6914,.F.);
#8733=ORIENTED_EDGE('',*,*,#6915,.T.);
#8734=ORIENTED_EDGE('',*,*,#6916,.F.);
#8735=ORIENTED_EDGE('',*,*,#6915,.F.);
#8736=ORIENTED_EDGE('',*,*,#6917,.F.);
#8737=ORIENTED_EDGE('',*,*,#6918,.T.);
#8738=ORIENTED_EDGE('',*,*,#6919,.F.);
#8739=ORIENTED_EDGE('',*,*,#6918,.F.);
#8740=ORIENTED_EDGE('',*,*,#6920,.F.);
#8741=ORIENTED_EDGE('',*,*,#6921,.T.);
#8742=ORIENTED_EDGE('',*,*,#6922,.F.);
#8743=ORIENTED_EDGE('',*,*,#6921,.F.);
#8744=ORIENTED_EDGE('',*,*,#6923,.F.);
#8745=ORIENTED_EDGE('',*,*,#6924,.T.);
#8746=ORIENTED_EDGE('',*,*,#6925,.F.);
#8747=ORIENTED_EDGE('',*,*,#6924,.F.);
#8748=ORIENTED_EDGE('',*,*,#6926,.F.);
#8749=ORIENTED_EDGE('',*,*,#6831,.T.);
#8750=ORIENTED_EDGE('',*,*,#6927,.F.);
#8751=ORIENTED_EDGE('',*,*,#6928,.T.);
#8752=ORIENTED_EDGE('',*,*,#6873,.T.);
#8753=ORIENTED_EDGE('',*,*,#6863,.F.);
#8754=ORIENTED_EDGE('',*,*,#6929,.F.);
#8755=ORIENTED_EDGE('',*,*,#6881,.T.);
#8756=ORIENTED_EDGE('',*,*,#6874,.T.);
#8757=ORIENTED_EDGE('',*,*,#6928,.F.);
#8758=ORIENTED_EDGE('',*,*,#6930,.F.);
#8759=ORIENTED_EDGE('',*,*,#6883,.F.);
#8760=ORIENTED_EDGE('',*,*,#6931,.F.);
#8761=ORIENTED_EDGE('',*,*,#6932,.T.);
#8762=ORIENTED_EDGE('',*,*,#6933,.F.);
#8763=ORIENTED_EDGE('',*,*,#6934,.F.);
#8764=ORIENTED_EDGE('',*,*,#6932,.F.);
#8765=ORIENTED_EDGE('',*,*,#6935,.F.);
#8766=ORIENTED_EDGE('',*,*,#6887,.T.);
#8767=ORIENTED_EDGE('',*,*,#6877,.T.);
#8768=ORIENTED_EDGE('',*,*,#6936,.F.);
#8769=ORIENTED_EDGE('',*,*,#6937,.F.);
#8770=ORIENTED_EDGE('',*,*,#6938,.F.);
#8771=ORIENTED_EDGE('',*,*,#6939,.T.);
#8772=ORIENTED_EDGE('',*,*,#6940,.F.);
#8773=ORIENTED_EDGE('',*,*,#6939,.F.);
#8774=ORIENTED_EDGE('',*,*,#6941,.F.);
#8775=ORIENTED_EDGE('',*,*,#6942,.T.);
#8776=ORIENTED_EDGE('',*,*,#6943,.T.);
#8777=ORIENTED_EDGE('',*,*,#6944,.F.);
#8778=ORIENTED_EDGE('',*,*,#6945,.F.);
#8779=ORIENTED_EDGE('',*,*,#6943,.F.);
#8780=ORIENTED_EDGE('',*,*,#6946,.F.);
#8781=ORIENTED_EDGE('',*,*,#6947,.F.);
#8782=ORIENTED_EDGE('',*,*,#6948,.F.);
#8783=ORIENTED_EDGE('',*,*,#6949,.F.);
#8784=ORIENTED_EDGE('',*,*,#6948,.T.);
#8785=ORIENTED_EDGE('',*,*,#6950,.F.);
#8786=ORIENTED_EDGE('',*,*,#6951,.F.);
#8787=ORIENTED_EDGE('',*,*,#6952,.T.);
#8788=ORIENTED_EDGE('',*,*,#6953,.F.);
#8789=ORIENTED_EDGE('',*,*,#6954,.F.);
#8790=ORIENTED_EDGE('',*,*,#6950,.T.);
#8791=ORIENTED_EDGE('',*,*,#6947,.T.);
#8792=ORIENTED_EDGE('',*,*,#6955,.F.);
#8793=ORIENTED_EDGE('',*,*,#6956,.F.);
#8794=ORIENTED_EDGE('',*,*,#6952,.F.);
#8795=ORIENTED_EDGE('',*,*,#6957,.F.);
#8796=ORIENTED_EDGE('',*,*,#6958,.T.);
#8797=ORIENTED_EDGE('',*,*,#6959,.F.);
#8798=ORIENTED_EDGE('',*,*,#6958,.F.);
#8799=ORIENTED_EDGE('',*,*,#6960,.F.);
#8800=ORIENTED_EDGE('',*,*,#6961,.T.);
#8801=ORIENTED_EDGE('',*,*,#6962,.F.);
#8802=ORIENTED_EDGE('',*,*,#6961,.F.);
#8803=ORIENTED_EDGE('',*,*,#6963,.F.);
#8804=ORIENTED_EDGE('',*,*,#6964,.T.);
#8805=ORIENTED_EDGE('',*,*,#6965,.F.);
#8806=ORIENTED_EDGE('',*,*,#6964,.F.);
#8807=ORIENTED_EDGE('',*,*,#6966,.F.);
#8808=ORIENTED_EDGE('',*,*,#6937,.T.);
#8809=ORIENTED_EDGE('',*,*,#6967,.F.);
#8810=ORIENTED_EDGE('',*,*,#6955,.T.);
#8811=ORIENTED_EDGE('',*,*,#6946,.T.);
#8812=ORIENTED_EDGE('',*,*,#6942,.F.);
#8813=ORIENTED_EDGE('',*,*,#6968,.F.);
#8814=ORIENTED_EDGE('',*,*,#6969,.F.);
#8815=ORIENTED_EDGE('',*,*,#6970,.F.);
#8816=ORIENTED_EDGE('',*,*,#6971,.T.);
#8817=ORIENTED_EDGE('',*,*,#6972,.T.);
#8818=ORIENTED_EDGE('',*,*,#6973,.F.);
#8819=ORIENTED_EDGE('',*,*,#6974,.F.);
#8820=ORIENTED_EDGE('',*,*,#6975,.T.);
#8821=ORIENTED_EDGE('',*,*,#6976,.F.);
#8822=ORIENTED_EDGE('',*,*,#6977,.F.);
#8823=ORIENTED_EDGE('',*,*,#6978,.T.);
#8824=ORIENTED_EDGE('',*,*,#6979,.F.);
#8825=ORIENTED_EDGE('',*,*,#6980,.F.);
#8826=ORIENTED_EDGE('',*,*,#6981,.F.);
#8827=ORIENTED_EDGE('',*,*,#6982,.F.);
#8828=ORIENTED_EDGE('',*,*,#6983,.T.);
#8829=ORIENTED_EDGE('',*,*,#6984,.F.);
#8830=ORIENTED_EDGE('',*,*,#6983,.F.);
#8831=ORIENTED_EDGE('',*,*,#6985,.F.);
#8832=ORIENTED_EDGE('',*,*,#6986,.T.);
#8833=ORIENTED_EDGE('',*,*,#6987,.F.);
#8834=ORIENTED_EDGE('',*,*,#6986,.F.);
#8835=ORIENTED_EDGE('',*,*,#6988,.F.);
#8836=ORIENTED_EDGE('',*,*,#6989,.T.);
#8837=ORIENTED_EDGE('',*,*,#6990,.F.);
#8838=ORIENTED_EDGE('',*,*,#6989,.F.);
#8839=ORIENTED_EDGE('',*,*,#6991,.F.);
#8840=ORIENTED_EDGE('',*,*,#6992,.T.);
#8841=ORIENTED_EDGE('',*,*,#6993,.F.);
#8842=ORIENTED_EDGE('',*,*,#6992,.F.);
#8843=ORIENTED_EDGE('',*,*,#6994,.F.);
#8844=ORIENTED_EDGE('',*,*,#6995,.T.);
#8845=ORIENTED_EDGE('',*,*,#6996,.T.);
#8846=ORIENTED_EDGE('',*,*,#6997,.F.);
#8847=ORIENTED_EDGE('',*,*,#6998,.F.);
#8848=ORIENTED_EDGE('',*,*,#6972,.F.);
#8849=ORIENTED_EDGE('',*,*,#6999,.F.);
#8850=ORIENTED_EDGE('',*,*,#7000,.F.);
#8851=ORIENTED_EDGE('',*,*,#6996,.F.);
#8852=ORIENTED_EDGE('',*,*,#7001,.F.);
#8853=ORIENTED_EDGE('',*,*,#7002,.F.);
#8854=ORIENTED_EDGE('',*,*,#7003,.F.);
#8855=ORIENTED_EDGE('',*,*,#7004,.F.);
#8856=ORIENTED_EDGE('',*,*,#6975,.F.);
#8857=ORIENTED_EDGE('',*,*,#7005,.F.);
#8858=ORIENTED_EDGE('',*,*,#6999,.T.);
#8859=ORIENTED_EDGE('',*,*,#6971,.F.);
#8860=ORIENTED_EDGE('',*,*,#7006,.F.);
#8861=ORIENTED_EDGE('',*,*,#7007,.T.);
#8862=ORIENTED_EDGE('',*,*,#7008,.F.);
#8863=ORIENTED_EDGE('',*,*,#7009,.F.);
#8864=ORIENTED_EDGE('',*,*,#7010,.F.);
#8865=ORIENTED_EDGE('',*,*,#7011,.F.);
#8866=ORIENTED_EDGE('',*,*,#6981,.T.);
#8867=ORIENTED_EDGE('',*,*,#7012,.F.);
#8868=ORIENTED_EDGE('',*,*,#7013,.T.);
#8869=ORIENTED_EDGE('',*,*,#7001,.T.);
#8870=ORIENTED_EDGE('',*,*,#6995,.F.);
#8871=ORIENTED_EDGE('',*,*,#7014,.F.);
#8872=ORIENTED_EDGE('',*,*,#7015,.T.);
#8873=ORIENTED_EDGE('',*,*,#7002,.T.);
#8874=ORIENTED_EDGE('',*,*,#7013,.F.);
#8875=ORIENTED_EDGE('',*,*,#7016,.F.);
#8876=ORIENTED_EDGE('',*,*,#7017,.T.);
#8877=ORIENTED_EDGE('',*,*,#7003,.T.);
#8878=ORIENTED_EDGE('',*,*,#7015,.F.);
#8879=ORIENTED_EDGE('',*,*,#7018,.F.);
#8880=ORIENTED_EDGE('',*,*,#6976,.T.);
#8881=ORIENTED_EDGE('',*,*,#7004,.T.);
#8882=ORIENTED_EDGE('',*,*,#7017,.F.);
#8883=ORIENTED_EDGE('',*,*,#7019,.F.);
#8884=ORIENTED_EDGE('',*,*,#6978,.F.);
#8885=ORIENTED_EDGE('',*,*,#7020,.F.);
#8886=ORIENTED_EDGE('',*,*,#7021,.T.);
#8887=ORIENTED_EDGE('',*,*,#7022,.F.);
#8888=ORIENTED_EDGE('',*,*,#7021,.F.);
#8889=ORIENTED_EDGE('',*,*,#7023,.F.);
#8890=ORIENTED_EDGE('',*,*,#6969,.T.);
#8891=ORIENTED_EDGE('',*,*,#7024,.F.);
#8892=ORIENTED_EDGE('',*,*,#7007,.F.);
#8893=ORIENTED_EDGE('',*,*,#7025,.F.);
#8894=ORIENTED_EDGE('',*,*,#7026,.T.);
#8895=ORIENTED_EDGE('',*,*,#7027,.F.);
#8896=ORIENTED_EDGE('',*,*,#7026,.F.);
#8897=ORIENTED_EDGE('',*,*,#7028,.F.);
#8898=ORIENTED_EDGE('',*,*,#7029,.T.);
#8899=ORIENTED_EDGE('',*,*,#7030,.F.);
#8900=ORIENTED_EDGE('',*,*,#7029,.F.);
#8901=ORIENTED_EDGE('',*,*,#7031,.F.);
#8902=ORIENTED_EDGE('',*,*,#7032,.T.);
#8903=ORIENTED_EDGE('',*,*,#7033,.F.);
#8904=ORIENTED_EDGE('',*,*,#7032,.F.);
#8905=ORIENTED_EDGE('',*,*,#7034,.F.);
#8906=ORIENTED_EDGE('',*,*,#7035,.T.);
#8907=ORIENTED_EDGE('',*,*,#7036,.F.);
#8908=ORIENTED_EDGE('',*,*,#7035,.F.);
#8909=ORIENTED_EDGE('',*,*,#7037,.F.);
#8910=ORIENTED_EDGE('',*,*,#7038,.T.);
#8911=ORIENTED_EDGE('',*,*,#7039,.F.);
#8912=ORIENTED_EDGE('',*,*,#7038,.F.);
#8913=ORIENTED_EDGE('',*,*,#7040,.F.);
#8914=ORIENTED_EDGE('',*,*,#7041,.T.);
#8915=ORIENTED_EDGE('',*,*,#7042,.F.);
#8916=ORIENTED_EDGE('',*,*,#7041,.F.);
#8917=ORIENTED_EDGE('',*,*,#7043,.F.);
#8918=ORIENTED_EDGE('',*,*,#7010,.T.);
#8919=ORIENTED_EDGE('',*,*,#7044,.F.);
#8920=ORIENTED_EDGE('',*,*,#7045,.F.);
#8921=ORIENTED_EDGE('',*,*,#7046,.F.);
#8922=ORIENTED_EDGE('',*,*,#7047,.T.);
#8923=ORIENTED_EDGE('',*,*,#7048,.F.);
#8924=ORIENTED_EDGE('',*,*,#7047,.F.);
#8925=ORIENTED_EDGE('',*,*,#7049,.F.);
#8926=ORIENTED_EDGE('',*,*,#7050,.T.);
#8927=ORIENTED_EDGE('',*,*,#7051,.F.);
#8928=ORIENTED_EDGE('',*,*,#7050,.F.);
#8929=ORIENTED_EDGE('',*,*,#7052,.F.);
#8930=ORIENTED_EDGE('',*,*,#7053,.T.);
#8931=ORIENTED_EDGE('',*,*,#7054,.T.);
#8932=ORIENTED_EDGE('',*,*,#7055,.F.);
#8933=ORIENTED_EDGE('',*,*,#7056,.F.);
#8934=ORIENTED_EDGE('',*,*,#7054,.F.);
#8935=ORIENTED_EDGE('',*,*,#7057,.F.);
#8936=ORIENTED_EDGE('',*,*,#7058,.F.);
#8937=ORIENTED_EDGE('',*,*,#7059,.F.);
#8938=ORIENTED_EDGE('',*,*,#7058,.T.);
#8939=ORIENTED_EDGE('',*,*,#7060,.F.);
#8940=ORIENTED_EDGE('',*,*,#7061,.F.);
#8941=ORIENTED_EDGE('',*,*,#7062,.T.);
#8942=ORIENTED_EDGE('',*,*,#7063,.F.);
#8943=ORIENTED_EDGE('',*,*,#7064,.F.);
#8944=ORIENTED_EDGE('',*,*,#7065,.F.);
#8945=ORIENTED_EDGE('',*,*,#7066,.F.);
#8946=ORIENTED_EDGE('',*,*,#7067,.T.);
#8947=ORIENTED_EDGE('',*,*,#7068,.F.);
#8948=ORIENTED_EDGE('',*,*,#7067,.F.);
#8949=ORIENTED_EDGE('',*,*,#7069,.F.);
#8950=ORIENTED_EDGE('',*,*,#7070,.T.);
#8951=ORIENTED_EDGE('',*,*,#7071,.F.);
#8952=ORIENTED_EDGE('',*,*,#7070,.F.);
#8953=ORIENTED_EDGE('',*,*,#7072,.F.);
#8954=ORIENTED_EDGE('',*,*,#7045,.T.);
#8955=ORIENTED_EDGE('',*,*,#7073,.F.);
#8956=ORIENTED_EDGE('',*,*,#7060,.T.);
#8957=ORIENTED_EDGE('',*,*,#7057,.T.);
#8958=ORIENTED_EDGE('',*,*,#7053,.F.);
#8959=ORIENTED_EDGE('',*,*,#7074,.F.);
#8960=ORIENTED_EDGE('',*,*,#7062,.F.);
#8961=ORIENTED_EDGE('',*,*,#7075,.F.);
#8962=ORIENTED_EDGE('',*,*,#7076,.T.);
#8963=ORIENTED_EDGE('',*,*,#7077,.F.);
#8964=ORIENTED_EDGE('',*,*,#7076,.F.);
#8965=ORIENTED_EDGE('',*,*,#7078,.F.);
#8966=ORIENTED_EDGE('',*,*,#7079,.T.);
#8967=ORIENTED_EDGE('',*,*,#7080,.F.);
#8968=ORIENTED_EDGE('',*,*,#7079,.F.);
#8969=ORIENTED_EDGE('',*,*,#7081,.F.);
#8970=ORIENTED_EDGE('',*,*,#7065,.T.);
#8971=ORIENTED_EDGE('',*,*,#6865,.T.);
#8972=ORIENTED_EDGE('',*,*,#6872,.T.);
#8973=ORIENTED_EDGE('',*,*,#6866,.T.);
#8974=ORIENTED_EDGE('',*,*,#7082,.F.);
#8975=ORIENTED_EDGE('',*,*,#6933,.T.);
#8976=ORIENTED_EDGE('',*,*,#6876,.T.);
#8977=ORIENTED_EDGE('',*,*,#6880,.T.);
#8978=ORIENTED_EDGE('',*,*,#7083,.F.);
#8979=ORIENTED_EDGE('',*,*,#6997,.T.);
#8980=ORIENTED_EDGE('',*,*,#7000,.T.);
#8981=ORIENTED_EDGE('',*,*,#7005,.T.);
#8982=ORIENTED_EDGE('',*,*,#7084,.F.);
#8983=ORIENTED_EDGE('',*,*,#6973,.T.);
#8984=ORIENTED_EDGE('',*,*,#6998,.T.);
#8985=ORIENTED_EDGE('',*,*,#6974,.T.);
#8986=ORIENTED_EDGE('',*,*,#7085,.F.);
#8987=ORIENTED_EDGE('',*,*,#6944,.T.);
#8988=ORIENTED_EDGE('',*,*,#6945,.T.);
#8989=ORIENTED_EDGE('',*,*,#6949,.T.);
#8990=ORIENTED_EDGE('',*,*,#7086,.F.);
#8991=ORIENTED_EDGE('',*,*,#7087,.F.);
#8992=ORIENTED_EDGE('',*,*,#7088,.F.);
#8993=ORIENTED_EDGE('',*,*,#7089,.F.);
#8994=ORIENTED_EDGE('',*,*,#7090,.F.);
#8995=ORIENTED_EDGE('',*,*,#7055,.T.);
#8996=ORIENTED_EDGE('',*,*,#7056,.T.);
#8997=ORIENTED_EDGE('',*,*,#7059,.T.);
#8998=ORIENTED_EDGE('',*,*,#7091,.F.);
#8999=ORIENTED_EDGE('',*,*,#6861,.T.);
#9000=ORIENTED_EDGE('',*,*,#7091,.T.);
#9001=ORIENTED_EDGE('',*,*,#7063,.T.);
#9002=ORIENTED_EDGE('',*,*,#7074,.T.);
#9003=ORIENTED_EDGE('',*,*,#7077,.T.);
#9004=ORIENTED_EDGE('',*,*,#7080,.T.);
#9005=ORIENTED_EDGE('',*,*,#7064,.T.);
#9006=ORIENTED_EDGE('',*,*,#7068,.T.);
#9007=ORIENTED_EDGE('',*,*,#7071,.T.);
#9008=ORIENTED_EDGE('',*,*,#7044,.T.);
#9009=ORIENTED_EDGE('',*,*,#7048,.T.);
#9010=ORIENTED_EDGE('',*,*,#7051,.T.);
#9011=ORIENTED_EDGE('',*,*,#7090,.T.);
#9012=ORIENTED_EDGE('',*,*,#7092,.F.);
#9013=ORIENTED_EDGE('',*,*,#7093,.F.);
#9014=ORIENTED_EDGE('',*,*,#7094,.T.);
#9015=ORIENTED_EDGE('',*,*,#7086,.T.);
#9016=ORIENTED_EDGE('',*,*,#6953,.T.);
#9017=ORIENTED_EDGE('',*,*,#6956,.T.);
#9018=ORIENTED_EDGE('',*,*,#6959,.T.);
#9019=ORIENTED_EDGE('',*,*,#6962,.T.);
#9020=ORIENTED_EDGE('',*,*,#6965,.T.);
#9021=ORIENTED_EDGE('',*,*,#6936,.T.);
#9022=ORIENTED_EDGE('',*,*,#6940,.T.);
#9023=ORIENTED_EDGE('',*,*,#7085,.T.);
#9024=ORIENTED_EDGE('',*,*,#6979,.T.);
#9025=ORIENTED_EDGE('',*,*,#7019,.T.);
#9026=ORIENTED_EDGE('',*,*,#7022,.T.);
#9027=ORIENTED_EDGE('',*,*,#6968,.T.);
#9028=ORIENTED_EDGE('',*,*,#7084,.T.);
#9029=ORIENTED_EDGE('',*,*,#7008,.T.);
#9030=ORIENTED_EDGE('',*,*,#7024,.T.);
#9031=ORIENTED_EDGE('',*,*,#7027,.T.);
#9032=ORIENTED_EDGE('',*,*,#7030,.T.);
#9033=ORIENTED_EDGE('',*,*,#7033,.T.);
#9034=ORIENTED_EDGE('',*,*,#7036,.T.);
#9035=ORIENTED_EDGE('',*,*,#7039,.T.);
#9036=ORIENTED_EDGE('',*,*,#7042,.T.);
#9037=ORIENTED_EDGE('',*,*,#7009,.T.);
#9038=ORIENTED_EDGE('',*,*,#6980,.T.);
#9039=ORIENTED_EDGE('',*,*,#6984,.T.);
#9040=ORIENTED_EDGE('',*,*,#6987,.T.);
#9041=ORIENTED_EDGE('',*,*,#6990,.T.);
#9042=ORIENTED_EDGE('',*,*,#6993,.T.);
#9043=ORIENTED_EDGE('',*,*,#7083,.T.);
#9044=ORIENTED_EDGE('',*,*,#6884,.T.);
#9045=ORIENTED_EDGE('',*,*,#6930,.T.);
#9046=ORIENTED_EDGE('',*,*,#6934,.T.);
#9047=ORIENTED_EDGE('',*,*,#7082,.T.);
#9048=ORIENTED_EDGE('',*,*,#6871,.T.);
#9049=ORIENTED_EDGE('',*,*,#6889,.T.);
#9050=ORIENTED_EDGE('',*,*,#6892,.T.);
#9051=ORIENTED_EDGE('',*,*,#6895,.T.);
#9052=ORIENTED_EDGE('',*,*,#6898,.T.);
#9053=ORIENTED_EDGE('',*,*,#6901,.T.);
#9054=ORIENTED_EDGE('',*,*,#6904,.T.);
#9055=ORIENTED_EDGE('',*,*,#6907,.T.);
#9056=ORIENTED_EDGE('',*,*,#6910,.T.);
#9057=ORIENTED_EDGE('',*,*,#6913,.T.);
#9058=ORIENTED_EDGE('',*,*,#6916,.T.);
#9059=ORIENTED_EDGE('',*,*,#6919,.T.);
#9060=ORIENTED_EDGE('',*,*,#6922,.T.);
#9061=ORIENTED_EDGE('',*,*,#6925,.T.);
#9062=ORIENTED_EDGE('',*,*,#6830,.T.);
#9063=ORIENTED_EDGE('',*,*,#6834,.T.);
#9064=ORIENTED_EDGE('',*,*,#6837,.T.);
#9065=ORIENTED_EDGE('',*,*,#6840,.T.);
#9066=ORIENTED_EDGE('',*,*,#6843,.T.);
#9067=ORIENTED_EDGE('',*,*,#6846,.T.);
#9068=ORIENTED_EDGE('',*,*,#6849,.T.);
#9069=ORIENTED_EDGE('',*,*,#6852,.T.);
#9070=ORIENTED_EDGE('',*,*,#6855,.T.);
#9071=ORIENTED_EDGE('',*,*,#6858,.T.);
#9072=ORIENTED_EDGE('',*,*,#7095,.T.);
#9073=ORIENTED_EDGE('',*,*,#7096,.T.);
#9074=ORIENTED_EDGE('',*,*,#7097,.T.);
#9075=ORIENTED_EDGE('',*,*,#7098,.T.);
#9076=ORIENTED_EDGE('',*,*,#7099,.F.);
#9077=ORIENTED_EDGE('',*,*,#7100,.T.);
#9078=ORIENTED_EDGE('',*,*,#6396,.F.);
#9079=ORIENTED_EDGE('',*,*,#7100,.F.);
#9080=ORIENTED_EDGE('',*,*,#6550,.F.);
#9081=ORIENTED_EDGE('',*,*,#7101,.T.);
#9082=ORIENTED_EDGE('',*,*,#7102,.F.);
#9083=ORIENTED_EDGE('',*,*,#7101,.F.);
#9084=ORIENTED_EDGE('',*,*,#7103,.F.);
#9085=ORIENTED_EDGE('',*,*,#7104,.T.);
#9086=ORIENTED_EDGE('',*,*,#6395,.F.);
#9087=ORIENTED_EDGE('',*,*,#7104,.F.);
#9088=ORIENTED_EDGE('',*,*,#6549,.F.);
#9089=ORIENTED_EDGE('',*,*,#7105,.T.);
#9090=ORIENTED_EDGE('',*,*,#7106,.F.);
#9091=ORIENTED_EDGE('',*,*,#7105,.F.);
#9092=ORIENTED_EDGE('',*,*,#7107,.F.);
#9093=ORIENTED_EDGE('',*,*,#7108,.T.);
#9094=ORIENTED_EDGE('',*,*,#6394,.F.);
#9095=ORIENTED_EDGE('',*,*,#7108,.F.);
#9096=ORIENTED_EDGE('',*,*,#6548,.F.);
#9097=ORIENTED_EDGE('',*,*,#7109,.T.);
#9098=ORIENTED_EDGE('',*,*,#7110,.F.);
#9099=ORIENTED_EDGE('',*,*,#7109,.F.);
#9100=ORIENTED_EDGE('',*,*,#7111,.F.);
#9101=ORIENTED_EDGE('',*,*,#7112,.T.);
#9102=ORIENTED_EDGE('',*,*,#6393,.F.);
#9103=ORIENTED_EDGE('',*,*,#7112,.F.);
#9104=ORIENTED_EDGE('',*,*,#6547,.F.);
#9105=ORIENTED_EDGE('',*,*,#7113,.T.);
#9106=ORIENTED_EDGE('',*,*,#7114,.F.);
#9107=ORIENTED_EDGE('',*,*,#7113,.F.);
#9108=ORIENTED_EDGE('',*,*,#7115,.F.);
#9109=ORIENTED_EDGE('',*,*,#7116,.T.);
#9110=ORIENTED_EDGE('',*,*,#6392,.F.);
#9111=ORIENTED_EDGE('',*,*,#7116,.F.);
#9112=ORIENTED_EDGE('',*,*,#6546,.F.);
#9113=ORIENTED_EDGE('',*,*,#7117,.T.);
#9114=ORIENTED_EDGE('',*,*,#7118,.F.);
#9115=ORIENTED_EDGE('',*,*,#7117,.F.);
#9116=ORIENTED_EDGE('',*,*,#7119,.F.);
#9117=ORIENTED_EDGE('',*,*,#7120,.T.);
#9118=ORIENTED_EDGE('',*,*,#6391,.F.);
#9119=ORIENTED_EDGE('',*,*,#7120,.F.);
#9120=ORIENTED_EDGE('',*,*,#6545,.F.);
#9121=ORIENTED_EDGE('',*,*,#7121,.T.);
#9122=ORIENTED_EDGE('',*,*,#7122,.F.);
#9123=ORIENTED_EDGE('',*,*,#7121,.F.);
#9124=ORIENTED_EDGE('',*,*,#7123,.F.);
#9125=ORIENTED_EDGE('',*,*,#7124,.T.);
#9126=ORIENTED_EDGE('',*,*,#6390,.F.);
#9127=ORIENTED_EDGE('',*,*,#7124,.F.);
#9128=ORIENTED_EDGE('',*,*,#6544,.F.);
#9129=ORIENTED_EDGE('',*,*,#7125,.T.);
#9130=ORIENTED_EDGE('',*,*,#7126,.F.);
#9131=ORIENTED_EDGE('',*,*,#7125,.F.);
#9132=ORIENTED_EDGE('',*,*,#7127,.F.);
#9133=ORIENTED_EDGE('',*,*,#7128,.T.);
#9134=ORIENTED_EDGE('',*,*,#6389,.F.);
#9135=ORIENTED_EDGE('',*,*,#7128,.F.);
#9136=ORIENTED_EDGE('',*,*,#6543,.F.);
#9137=ORIENTED_EDGE('',*,*,#7129,.T.);
#9138=ORIENTED_EDGE('',*,*,#7130,.F.);
#9139=ORIENTED_EDGE('',*,*,#7129,.F.);
#9140=ORIENTED_EDGE('',*,*,#7131,.F.);
#9141=ORIENTED_EDGE('',*,*,#7132,.T.);
#9142=ORIENTED_EDGE('',*,*,#6388,.F.);
#9143=ORIENTED_EDGE('',*,*,#7132,.F.);
#9144=ORIENTED_EDGE('',*,*,#6542,.F.);
#9145=ORIENTED_EDGE('',*,*,#7133,.T.);
#9146=ORIENTED_EDGE('',*,*,#7134,.F.);
#9147=ORIENTED_EDGE('',*,*,#7133,.F.);
#9148=ORIENTED_EDGE('',*,*,#7135,.F.);
#9149=ORIENTED_EDGE('',*,*,#7136,.T.);
#9150=ORIENTED_EDGE('',*,*,#6387,.F.);
#9151=ORIENTED_EDGE('',*,*,#7136,.F.);
#9152=ORIENTED_EDGE('',*,*,#6541,.F.);
#9153=ORIENTED_EDGE('',*,*,#7137,.T.);
#9154=ORIENTED_EDGE('',*,*,#7138,.F.);
#9155=ORIENTED_EDGE('',*,*,#7137,.F.);
#9156=ORIENTED_EDGE('',*,*,#7139,.F.);
#9157=ORIENTED_EDGE('',*,*,#7140,.T.);
#9158=ORIENTED_EDGE('',*,*,#6386,.F.);
#9159=ORIENTED_EDGE('',*,*,#7140,.F.);
#9160=ORIENTED_EDGE('',*,*,#6540,.F.);
#9161=ORIENTED_EDGE('',*,*,#7141,.T.);
#9162=ORIENTED_EDGE('',*,*,#7142,.F.);
#9163=ORIENTED_EDGE('',*,*,#7141,.F.);
#9164=ORIENTED_EDGE('',*,*,#7143,.F.);
#9165=ORIENTED_EDGE('',*,*,#7144,.T.);
#9166=ORIENTED_EDGE('',*,*,#6385,.F.);
#9167=ORIENTED_EDGE('',*,*,#7144,.F.);
#9168=ORIENTED_EDGE('',*,*,#6539,.F.);
#9169=ORIENTED_EDGE('',*,*,#7145,.T.);
#9170=ORIENTED_EDGE('',*,*,#7146,.F.);
#9171=ORIENTED_EDGE('',*,*,#7145,.F.);
#9172=ORIENTED_EDGE('',*,*,#7147,.F.);
#9173=ORIENTED_EDGE('',*,*,#7148,.T.);
#9174=ORIENTED_EDGE('',*,*,#6384,.F.);
#9175=ORIENTED_EDGE('',*,*,#7148,.F.);
#9176=ORIENTED_EDGE('',*,*,#6538,.F.);
#9177=ORIENTED_EDGE('',*,*,#7149,.T.);
#9178=ORIENTED_EDGE('',*,*,#7150,.F.);
#9179=ORIENTED_EDGE('',*,*,#7149,.F.);
#9180=ORIENTED_EDGE('',*,*,#7151,.F.);
#9181=ORIENTED_EDGE('',*,*,#7152,.T.);
#9182=ORIENTED_EDGE('',*,*,#6383,.F.);
#9183=ORIENTED_EDGE('',*,*,#7152,.F.);
#9184=ORIENTED_EDGE('',*,*,#6537,.F.);
#9185=ORIENTED_EDGE('',*,*,#7153,.T.);
#9186=ORIENTED_EDGE('',*,*,#7154,.F.);
#9187=ORIENTED_EDGE('',*,*,#7153,.F.);
#9188=ORIENTED_EDGE('',*,*,#7155,.F.);
#9189=ORIENTED_EDGE('',*,*,#7156,.T.);
#9190=ORIENTED_EDGE('',*,*,#6382,.F.);
#9191=ORIENTED_EDGE('',*,*,#7156,.F.);
#9192=ORIENTED_EDGE('',*,*,#6536,.F.);
#9193=ORIENTED_EDGE('',*,*,#7157,.T.);
#9194=ORIENTED_EDGE('',*,*,#7158,.F.);
#9195=ORIENTED_EDGE('',*,*,#7157,.F.);
#9196=ORIENTED_EDGE('',*,*,#7159,.F.);
#9197=ORIENTED_EDGE('',*,*,#7160,.T.);
#9198=ORIENTED_EDGE('',*,*,#6381,.F.);
#9199=ORIENTED_EDGE('',*,*,#7160,.F.);
#9200=ORIENTED_EDGE('',*,*,#6535,.F.);
#9201=ORIENTED_EDGE('',*,*,#7161,.T.);
#9202=ORIENTED_EDGE('',*,*,#7162,.F.);
#9203=ORIENTED_EDGE('',*,*,#7161,.F.);
#9204=ORIENTED_EDGE('',*,*,#7163,.F.);
#9205=ORIENTED_EDGE('',*,*,#7164,.T.);
#9206=ORIENTED_EDGE('',*,*,#6380,.F.);
#9207=ORIENTED_EDGE('',*,*,#7164,.F.);
#9208=ORIENTED_EDGE('',*,*,#6534,.F.);
#9209=ORIENTED_EDGE('',*,*,#7165,.T.);
#9210=ORIENTED_EDGE('',*,*,#7166,.F.);
#9211=ORIENTED_EDGE('',*,*,#7165,.F.);
#9212=ORIENTED_EDGE('',*,*,#7167,.F.);
#9213=ORIENTED_EDGE('',*,*,#7168,.T.);
#9214=ORIENTED_EDGE('',*,*,#6379,.F.);
#9215=ORIENTED_EDGE('',*,*,#7168,.F.);
#9216=ORIENTED_EDGE('',*,*,#6533,.F.);
#9217=ORIENTED_EDGE('',*,*,#7169,.T.);
#9218=ORIENTED_EDGE('',*,*,#7170,.F.);
#9219=ORIENTED_EDGE('',*,*,#7169,.F.);
#9220=ORIENTED_EDGE('',*,*,#7171,.F.);
#9221=ORIENTED_EDGE('',*,*,#7172,.T.);
#9222=ORIENTED_EDGE('',*,*,#6378,.F.);
#9223=ORIENTED_EDGE('',*,*,#7172,.F.);
#9224=ORIENTED_EDGE('',*,*,#6532,.F.);
#9225=ORIENTED_EDGE('',*,*,#7173,.T.);
#9226=ORIENTED_EDGE('',*,*,#7174,.F.);
#9227=ORIENTED_EDGE('',*,*,#7173,.F.);
#9228=ORIENTED_EDGE('',*,*,#7175,.F.);
#9229=ORIENTED_EDGE('',*,*,#7176,.T.);
#9230=ORIENTED_EDGE('',*,*,#6377,.F.);
#9231=ORIENTED_EDGE('',*,*,#7176,.F.);
#9232=ORIENTED_EDGE('',*,*,#6531,.F.);
#9233=ORIENTED_EDGE('',*,*,#7177,.T.);
#9234=ORIENTED_EDGE('',*,*,#7178,.F.);
#9235=ORIENTED_EDGE('',*,*,#7177,.F.);
#9236=ORIENTED_EDGE('',*,*,#7179,.F.);
#9237=ORIENTED_EDGE('',*,*,#7180,.T.);
#9238=ORIENTED_EDGE('',*,*,#6376,.F.);
#9239=ORIENTED_EDGE('',*,*,#7180,.F.);
#9240=ORIENTED_EDGE('',*,*,#6530,.F.);
#9241=ORIENTED_EDGE('',*,*,#7181,.T.);
#9242=ORIENTED_EDGE('',*,*,#7182,.F.);
#9243=ORIENTED_EDGE('',*,*,#7181,.F.);
#9244=ORIENTED_EDGE('',*,*,#7183,.F.);
#9245=ORIENTED_EDGE('',*,*,#7184,.T.);
#9246=ORIENTED_EDGE('',*,*,#6375,.F.);
#9247=ORIENTED_EDGE('',*,*,#7184,.F.);
#9248=ORIENTED_EDGE('',*,*,#6529,.F.);
#9249=ORIENTED_EDGE('',*,*,#7185,.T.);
#9250=ORIENTED_EDGE('',*,*,#7186,.F.);
#9251=ORIENTED_EDGE('',*,*,#7185,.F.);
#9252=ORIENTED_EDGE('',*,*,#7187,.F.);
#9253=ORIENTED_EDGE('',*,*,#7188,.T.);
#9254=ORIENTED_EDGE('',*,*,#6374,.F.);
#9255=ORIENTED_EDGE('',*,*,#7188,.F.);
#9256=ORIENTED_EDGE('',*,*,#6528,.F.);
#9257=ORIENTED_EDGE('',*,*,#7189,.T.);
#9258=ORIENTED_EDGE('',*,*,#7190,.F.);
#9259=ORIENTED_EDGE('',*,*,#7189,.F.);
#9260=ORIENTED_EDGE('',*,*,#7191,.F.);
#9261=ORIENTED_EDGE('',*,*,#7192,.T.);
#9262=ORIENTED_EDGE('',*,*,#6373,.F.);
#9263=ORIENTED_EDGE('',*,*,#7192,.F.);
#9264=ORIENTED_EDGE('',*,*,#6527,.F.);
#9265=ORIENTED_EDGE('',*,*,#7193,.T.);
#9266=ORIENTED_EDGE('',*,*,#7194,.F.);
#9267=ORIENTED_EDGE('',*,*,#7193,.F.);
#9268=ORIENTED_EDGE('',*,*,#7195,.F.);
#9269=ORIENTED_EDGE('',*,*,#7196,.T.);
#9270=ORIENTED_EDGE('',*,*,#6372,.F.);
#9271=ORIENTED_EDGE('',*,*,#7196,.F.);
#9272=ORIENTED_EDGE('',*,*,#6526,.F.);
#9273=ORIENTED_EDGE('',*,*,#7197,.T.);
#9274=ORIENTED_EDGE('',*,*,#7198,.F.);
#9275=ORIENTED_EDGE('',*,*,#7197,.F.);
#9276=ORIENTED_EDGE('',*,*,#7199,.F.);
#9277=ORIENTED_EDGE('',*,*,#7200,.T.);
#9278=ORIENTED_EDGE('',*,*,#6371,.F.);
#9279=ORIENTED_EDGE('',*,*,#7200,.F.);
#9280=ORIENTED_EDGE('',*,*,#6525,.F.);
#9281=ORIENTED_EDGE('',*,*,#7201,.T.);
#9282=ORIENTED_EDGE('',*,*,#7202,.F.);
#9283=ORIENTED_EDGE('',*,*,#7201,.F.);
#9284=ORIENTED_EDGE('',*,*,#7203,.F.);
#9285=ORIENTED_EDGE('',*,*,#7204,.T.);
#9286=ORIENTED_EDGE('',*,*,#6370,.F.);
#9287=ORIENTED_EDGE('',*,*,#7204,.F.);
#9288=ORIENTED_EDGE('',*,*,#6524,.F.);
#9289=ORIENTED_EDGE('',*,*,#7205,.T.);
#9290=ORIENTED_EDGE('',*,*,#7206,.F.);
#9291=ORIENTED_EDGE('',*,*,#7205,.F.);
#9292=ORIENTED_EDGE('',*,*,#7207,.F.);
#9293=ORIENTED_EDGE('',*,*,#7208,.T.);
#9294=ORIENTED_EDGE('',*,*,#6369,.F.);
#9295=ORIENTED_EDGE('',*,*,#7208,.F.);
#9296=ORIENTED_EDGE('',*,*,#6523,.F.);
#9297=ORIENTED_EDGE('',*,*,#7209,.T.);
#9298=ORIENTED_EDGE('',*,*,#7210,.F.);
#9299=ORIENTED_EDGE('',*,*,#7209,.F.);
#9300=ORIENTED_EDGE('',*,*,#7211,.F.);
#9301=ORIENTED_EDGE('',*,*,#7212,.T.);
#9302=ORIENTED_EDGE('',*,*,#6368,.F.);
#9303=ORIENTED_EDGE('',*,*,#7212,.F.);
#9304=ORIENTED_EDGE('',*,*,#6522,.F.);
#9305=ORIENTED_EDGE('',*,*,#7213,.T.);
#9306=ORIENTED_EDGE('',*,*,#7214,.F.);
#9307=ORIENTED_EDGE('',*,*,#7213,.F.);
#9308=ORIENTED_EDGE('',*,*,#7215,.F.);
#9309=ORIENTED_EDGE('',*,*,#7216,.T.);
#9310=ORIENTED_EDGE('',*,*,#6367,.F.);
#9311=ORIENTED_EDGE('',*,*,#7216,.F.);
#9312=ORIENTED_EDGE('',*,*,#6521,.F.);
#9313=ORIENTED_EDGE('',*,*,#7217,.T.);
#9314=ORIENTED_EDGE('',*,*,#7218,.F.);
#9315=ORIENTED_EDGE('',*,*,#7217,.F.);
#9316=ORIENTED_EDGE('',*,*,#7219,.F.);
#9317=ORIENTED_EDGE('',*,*,#7220,.T.);
#9318=ORIENTED_EDGE('',*,*,#6366,.F.);
#9319=ORIENTED_EDGE('',*,*,#7220,.F.);
#9320=ORIENTED_EDGE('',*,*,#6520,.F.);
#9321=ORIENTED_EDGE('',*,*,#7221,.T.);
#9322=ORIENTED_EDGE('',*,*,#7222,.F.);
#9323=ORIENTED_EDGE('',*,*,#7221,.F.);
#9324=ORIENTED_EDGE('',*,*,#7223,.F.);
#9325=ORIENTED_EDGE('',*,*,#7224,.T.);
#9326=ORIENTED_EDGE('',*,*,#6365,.F.);
#9327=ORIENTED_EDGE('',*,*,#7224,.F.);
#9328=ORIENTED_EDGE('',*,*,#6519,.F.);
#9329=ORIENTED_EDGE('',*,*,#7225,.T.);
#9330=ORIENTED_EDGE('',*,*,#7226,.F.);
#9331=ORIENTED_EDGE('',*,*,#7225,.F.);
#9332=ORIENTED_EDGE('',*,*,#7227,.F.);
#9333=ORIENTED_EDGE('',*,*,#7228,.T.);
#9334=ORIENTED_EDGE('',*,*,#6364,.F.);
#9335=ORIENTED_EDGE('',*,*,#7228,.F.);
#9336=ORIENTED_EDGE('',*,*,#6518,.F.);
#9337=ORIENTED_EDGE('',*,*,#7229,.T.);
#9338=ORIENTED_EDGE('',*,*,#7230,.F.);
#9339=ORIENTED_EDGE('',*,*,#7229,.F.);
#9340=ORIENTED_EDGE('',*,*,#7231,.F.);
#9341=ORIENTED_EDGE('',*,*,#7232,.T.);
#9342=ORIENTED_EDGE('',*,*,#6363,.F.);
#9343=ORIENTED_EDGE('',*,*,#7232,.F.);
#9344=ORIENTED_EDGE('',*,*,#6517,.F.);
#9345=ORIENTED_EDGE('',*,*,#7233,.T.);
#9346=ORIENTED_EDGE('',*,*,#7234,.F.);
#9347=ORIENTED_EDGE('',*,*,#7233,.F.);
#9348=ORIENTED_EDGE('',*,*,#7235,.F.);
#9349=ORIENTED_EDGE('',*,*,#7236,.T.);
#9350=ORIENTED_EDGE('',*,*,#6362,.F.);
#9351=ORIENTED_EDGE('',*,*,#7236,.F.);
#9352=ORIENTED_EDGE('',*,*,#6516,.F.);
#9353=ORIENTED_EDGE('',*,*,#7237,.T.);
#9354=ORIENTED_EDGE('',*,*,#7238,.F.);
#9355=ORIENTED_EDGE('',*,*,#7237,.F.);
#9356=ORIENTED_EDGE('',*,*,#7239,.F.);
#9357=ORIENTED_EDGE('',*,*,#7240,.T.);
#9358=ORIENTED_EDGE('',*,*,#6361,.F.);
#9359=ORIENTED_EDGE('',*,*,#7240,.F.);
#9360=ORIENTED_EDGE('',*,*,#6515,.F.);
#9361=ORIENTED_EDGE('',*,*,#7241,.T.);
#9362=ORIENTED_EDGE('',*,*,#7242,.F.);
#9363=ORIENTED_EDGE('',*,*,#7241,.F.);
#9364=ORIENTED_EDGE('',*,*,#7243,.F.);
#9365=ORIENTED_EDGE('',*,*,#7244,.T.);
#9366=ORIENTED_EDGE('',*,*,#6360,.F.);
#9367=ORIENTED_EDGE('',*,*,#7244,.F.);
#9368=ORIENTED_EDGE('',*,*,#6514,.F.);
#9369=ORIENTED_EDGE('',*,*,#7245,.T.);
#9370=ORIENTED_EDGE('',*,*,#7246,.F.);
#9371=ORIENTED_EDGE('',*,*,#7245,.F.);
#9372=ORIENTED_EDGE('',*,*,#7247,.F.);
#9373=ORIENTED_EDGE('',*,*,#7248,.T.);
#9374=ORIENTED_EDGE('',*,*,#6359,.F.);
#9375=ORIENTED_EDGE('',*,*,#7248,.F.);
#9376=ORIENTED_EDGE('',*,*,#6513,.F.);
#9377=ORIENTED_EDGE('',*,*,#7249,.T.);
#9378=ORIENTED_EDGE('',*,*,#7250,.F.);
#9379=ORIENTED_EDGE('',*,*,#7249,.F.);
#9380=ORIENTED_EDGE('',*,*,#7251,.F.);
#9381=ORIENTED_EDGE('',*,*,#7252,.T.);
#9382=ORIENTED_EDGE('',*,*,#6358,.F.);
#9383=ORIENTED_EDGE('',*,*,#7252,.F.);
#9384=ORIENTED_EDGE('',*,*,#6512,.F.);
#9385=ORIENTED_EDGE('',*,*,#7253,.T.);
#9386=ORIENTED_EDGE('',*,*,#7254,.F.);
#9387=ORIENTED_EDGE('',*,*,#7253,.F.);
#9388=ORIENTED_EDGE('',*,*,#7255,.F.);
#9389=ORIENTED_EDGE('',*,*,#7256,.T.);
#9390=ORIENTED_EDGE('',*,*,#6357,.F.);
#9391=ORIENTED_EDGE('',*,*,#7256,.F.);
#9392=ORIENTED_EDGE('',*,*,#6511,.F.);
#9393=ORIENTED_EDGE('',*,*,#7257,.T.);
#9394=ORIENTED_EDGE('',*,*,#7258,.F.);
#9395=ORIENTED_EDGE('',*,*,#7257,.F.);
#9396=ORIENTED_EDGE('',*,*,#7259,.F.);
#9397=ORIENTED_EDGE('',*,*,#7260,.T.);
#9398=ORIENTED_EDGE('',*,*,#6356,.F.);
#9399=ORIENTED_EDGE('',*,*,#7260,.F.);
#9400=ORIENTED_EDGE('',*,*,#6510,.F.);
#9401=ORIENTED_EDGE('',*,*,#7261,.T.);
#9402=ORIENTED_EDGE('',*,*,#7262,.F.);
#9403=ORIENTED_EDGE('',*,*,#7261,.F.);
#9404=ORIENTED_EDGE('',*,*,#7263,.F.);
#9405=ORIENTED_EDGE('',*,*,#7264,.T.);
#9406=ORIENTED_EDGE('',*,*,#6355,.F.);
#9407=ORIENTED_EDGE('',*,*,#7264,.F.);
#9408=ORIENTED_EDGE('',*,*,#6509,.F.);
#9409=ORIENTED_EDGE('',*,*,#7265,.T.);
#9410=ORIENTED_EDGE('',*,*,#7266,.F.);
#9411=ORIENTED_EDGE('',*,*,#7265,.F.);
#9412=ORIENTED_EDGE('',*,*,#7267,.F.);
#9413=ORIENTED_EDGE('',*,*,#7268,.T.);
#9414=ORIENTED_EDGE('',*,*,#6354,.F.);
#9415=ORIENTED_EDGE('',*,*,#7268,.F.);
#9416=ORIENTED_EDGE('',*,*,#6508,.F.);
#9417=ORIENTED_EDGE('',*,*,#7269,.T.);
#9418=ORIENTED_EDGE('',*,*,#7270,.F.);
#9419=ORIENTED_EDGE('',*,*,#7269,.F.);
#9420=ORIENTED_EDGE('',*,*,#7271,.F.);
#9421=ORIENTED_EDGE('',*,*,#7272,.T.);
#9422=ORIENTED_EDGE('',*,*,#6353,.F.);
#9423=ORIENTED_EDGE('',*,*,#7272,.F.);
#9424=ORIENTED_EDGE('',*,*,#6507,.F.);
#9425=ORIENTED_EDGE('',*,*,#7273,.T.);
#9426=ORIENTED_EDGE('',*,*,#7274,.F.);
#9427=ORIENTED_EDGE('',*,*,#7273,.F.);
#9428=ORIENTED_EDGE('',*,*,#7275,.F.);
#9429=ORIENTED_EDGE('',*,*,#7276,.T.);
#9430=ORIENTED_EDGE('',*,*,#6352,.F.);
#9431=ORIENTED_EDGE('',*,*,#7276,.F.);
#9432=ORIENTED_EDGE('',*,*,#6506,.F.);
#9433=ORIENTED_EDGE('',*,*,#7277,.T.);
#9434=ORIENTED_EDGE('',*,*,#7278,.F.);
#9435=ORIENTED_EDGE('',*,*,#7277,.F.);
#9436=ORIENTED_EDGE('',*,*,#7279,.F.);
#9437=ORIENTED_EDGE('',*,*,#7280,.T.);
#9438=ORIENTED_EDGE('',*,*,#6351,.F.);
#9439=ORIENTED_EDGE('',*,*,#7280,.F.);
#9440=ORIENTED_EDGE('',*,*,#6505,.F.);
#9441=ORIENTED_EDGE('',*,*,#7281,.T.);
#9442=ORIENTED_EDGE('',*,*,#7282,.F.);
#9443=ORIENTED_EDGE('',*,*,#7281,.F.);
#9444=ORIENTED_EDGE('',*,*,#7283,.F.);
#9445=ORIENTED_EDGE('',*,*,#7284,.T.);
#9446=ORIENTED_EDGE('',*,*,#6350,.F.);
#9447=ORIENTED_EDGE('',*,*,#7284,.F.);
#9448=ORIENTED_EDGE('',*,*,#6504,.F.);
#9449=ORIENTED_EDGE('',*,*,#7285,.T.);
#9450=ORIENTED_EDGE('',*,*,#7286,.F.);
#9451=ORIENTED_EDGE('',*,*,#7285,.F.);
#9452=ORIENTED_EDGE('',*,*,#7287,.F.);
#9453=ORIENTED_EDGE('',*,*,#7288,.T.);
#9454=ORIENTED_EDGE('',*,*,#6349,.F.);
#9455=ORIENTED_EDGE('',*,*,#7288,.F.);
#9456=ORIENTED_EDGE('',*,*,#6503,.F.);
#9457=ORIENTED_EDGE('',*,*,#7289,.T.);
#9458=ORIENTED_EDGE('',*,*,#7290,.F.);
#9459=ORIENTED_EDGE('',*,*,#7289,.F.);
#9460=ORIENTED_EDGE('',*,*,#7291,.F.);
#9461=ORIENTED_EDGE('',*,*,#7292,.T.);
#9462=ORIENTED_EDGE('',*,*,#6348,.F.);
#9463=ORIENTED_EDGE('',*,*,#7292,.F.);
#9464=ORIENTED_EDGE('',*,*,#6502,.F.);
#9465=ORIENTED_EDGE('',*,*,#7293,.T.);
#9466=ORIENTED_EDGE('',*,*,#7294,.F.);
#9467=ORIENTED_EDGE('',*,*,#7293,.F.);
#9468=ORIENTED_EDGE('',*,*,#7295,.F.);
#9469=ORIENTED_EDGE('',*,*,#7296,.T.);
#9470=ORIENTED_EDGE('',*,*,#6347,.F.);
#9471=ORIENTED_EDGE('',*,*,#7296,.F.);
#9472=ORIENTED_EDGE('',*,*,#6501,.F.);
#9473=ORIENTED_EDGE('',*,*,#7297,.T.);
#9474=ORIENTED_EDGE('',*,*,#7298,.F.);
#9475=ORIENTED_EDGE('',*,*,#7297,.F.);
#9476=ORIENTED_EDGE('',*,*,#7299,.F.);
#9477=ORIENTED_EDGE('',*,*,#7300,.T.);
#9478=ORIENTED_EDGE('',*,*,#6346,.F.);
#9479=ORIENTED_EDGE('',*,*,#7300,.F.);
#9480=ORIENTED_EDGE('',*,*,#6500,.F.);
#9481=ORIENTED_EDGE('',*,*,#7301,.T.);
#9482=ORIENTED_EDGE('',*,*,#7302,.F.);
#9483=ORIENTED_EDGE('',*,*,#7301,.F.);
#9484=ORIENTED_EDGE('',*,*,#7303,.F.);
#9485=ORIENTED_EDGE('',*,*,#7304,.T.);
#9486=ORIENTED_EDGE('',*,*,#6345,.F.);
#9487=ORIENTED_EDGE('',*,*,#7304,.F.);
#9488=ORIENTED_EDGE('',*,*,#6499,.F.);
#9489=ORIENTED_EDGE('',*,*,#7305,.T.);
#9490=ORIENTED_EDGE('',*,*,#7306,.F.);
#9491=ORIENTED_EDGE('',*,*,#7305,.F.);
#9492=ORIENTED_EDGE('',*,*,#7307,.F.);
#9493=ORIENTED_EDGE('',*,*,#7308,.T.);
#9494=ORIENTED_EDGE('',*,*,#6344,.F.);
#9495=ORIENTED_EDGE('',*,*,#7308,.F.);
#9496=ORIENTED_EDGE('',*,*,#6498,.F.);
#9497=ORIENTED_EDGE('',*,*,#7309,.T.);
#9498=ORIENTED_EDGE('',*,*,#7310,.F.);
#9499=ORIENTED_EDGE('',*,*,#7309,.F.);
#9500=ORIENTED_EDGE('',*,*,#7311,.F.);
#9501=ORIENTED_EDGE('',*,*,#7312,.T.);
#9502=ORIENTED_EDGE('',*,*,#6343,.F.);
#9503=ORIENTED_EDGE('',*,*,#7312,.F.);
#9504=ORIENTED_EDGE('',*,*,#6497,.F.);
#9505=ORIENTED_EDGE('',*,*,#7313,.T.);
#9506=ORIENTED_EDGE('',*,*,#7314,.F.);
#9507=ORIENTED_EDGE('',*,*,#7313,.F.);
#9508=ORIENTED_EDGE('',*,*,#7315,.F.);
#9509=ORIENTED_EDGE('',*,*,#7316,.T.);
#9510=ORIENTED_EDGE('',*,*,#6342,.F.);
#9511=ORIENTED_EDGE('',*,*,#7316,.F.);
#9512=ORIENTED_EDGE('',*,*,#6496,.F.);
#9513=ORIENTED_EDGE('',*,*,#7317,.T.);
#9514=ORIENTED_EDGE('',*,*,#7318,.F.);
#9515=ORIENTED_EDGE('',*,*,#7317,.F.);
#9516=ORIENTED_EDGE('',*,*,#7319,.F.);
#9517=ORIENTED_EDGE('',*,*,#7320,.T.);
#9518=ORIENTED_EDGE('',*,*,#6341,.F.);
#9519=ORIENTED_EDGE('',*,*,#7320,.F.);
#9520=ORIENTED_EDGE('',*,*,#6495,.F.);
#9521=ORIENTED_EDGE('',*,*,#7321,.T.);
#9522=ORIENTED_EDGE('',*,*,#7322,.F.);
#9523=ORIENTED_EDGE('',*,*,#7321,.F.);
#9524=ORIENTED_EDGE('',*,*,#7323,.F.);
#9525=ORIENTED_EDGE('',*,*,#7324,.T.);
#9526=ORIENTED_EDGE('',*,*,#6340,.F.);
#9527=ORIENTED_EDGE('',*,*,#7324,.F.);
#9528=ORIENTED_EDGE('',*,*,#6494,.F.);
#9529=ORIENTED_EDGE('',*,*,#7325,.T.);
#9530=ORIENTED_EDGE('',*,*,#7326,.F.);
#9531=ORIENTED_EDGE('',*,*,#7325,.F.);
#9532=ORIENTED_EDGE('',*,*,#7327,.F.);
#9533=ORIENTED_EDGE('',*,*,#7328,.T.);
#9534=ORIENTED_EDGE('',*,*,#6339,.F.);
#9535=ORIENTED_EDGE('',*,*,#7328,.F.);
#9536=ORIENTED_EDGE('',*,*,#6493,.F.);
#9537=ORIENTED_EDGE('',*,*,#7329,.T.);
#9538=ORIENTED_EDGE('',*,*,#7330,.F.);
#9539=ORIENTED_EDGE('',*,*,#7329,.F.);
#9540=ORIENTED_EDGE('',*,*,#7331,.F.);
#9541=ORIENTED_EDGE('',*,*,#7332,.T.);
#9542=ORIENTED_EDGE('',*,*,#6338,.F.);
#9543=ORIENTED_EDGE('',*,*,#7332,.F.);
#9544=ORIENTED_EDGE('',*,*,#6492,.F.);
#9545=ORIENTED_EDGE('',*,*,#7333,.T.);
#9546=ORIENTED_EDGE('',*,*,#7334,.F.);
#9547=ORIENTED_EDGE('',*,*,#7333,.F.);
#9548=ORIENTED_EDGE('',*,*,#7335,.F.);
#9549=ORIENTED_EDGE('',*,*,#7336,.T.);
#9550=ORIENTED_EDGE('',*,*,#6337,.F.);
#9551=ORIENTED_EDGE('',*,*,#7336,.F.);
#9552=ORIENTED_EDGE('',*,*,#6491,.F.);
#9553=ORIENTED_EDGE('',*,*,#7337,.T.);
#9554=ORIENTED_EDGE('',*,*,#7338,.F.);
#9555=ORIENTED_EDGE('',*,*,#7337,.F.);
#9556=ORIENTED_EDGE('',*,*,#7339,.F.);
#9557=ORIENTED_EDGE('',*,*,#7340,.T.);
#9558=ORIENTED_EDGE('',*,*,#6336,.F.);
#9559=ORIENTED_EDGE('',*,*,#7340,.F.);
#9560=ORIENTED_EDGE('',*,*,#6490,.F.);
#9561=ORIENTED_EDGE('',*,*,#7341,.T.);
#9562=ORIENTED_EDGE('',*,*,#7342,.F.);
#9563=ORIENTED_EDGE('',*,*,#7341,.F.);
#9564=ORIENTED_EDGE('',*,*,#7343,.F.);
#9565=ORIENTED_EDGE('',*,*,#7344,.T.);
#9566=ORIENTED_EDGE('',*,*,#6335,.F.);
#9567=ORIENTED_EDGE('',*,*,#7344,.F.);
#9568=ORIENTED_EDGE('',*,*,#6489,.F.);
#9569=ORIENTED_EDGE('',*,*,#7345,.T.);
#9570=ORIENTED_EDGE('',*,*,#7346,.F.);
#9571=ORIENTED_EDGE('',*,*,#7345,.F.);
#9572=ORIENTED_EDGE('',*,*,#7347,.F.);
#9573=ORIENTED_EDGE('',*,*,#7348,.T.);
#9574=ORIENTED_EDGE('',*,*,#6334,.F.);
#9575=ORIENTED_EDGE('',*,*,#7348,.F.);
#9576=ORIENTED_EDGE('',*,*,#6488,.F.);
#9577=ORIENTED_EDGE('',*,*,#7349,.T.);
#9578=ORIENTED_EDGE('',*,*,#7350,.F.);
#9579=ORIENTED_EDGE('',*,*,#7349,.F.);
#9580=ORIENTED_EDGE('',*,*,#7351,.F.);
#9581=ORIENTED_EDGE('',*,*,#7352,.T.);
#9582=ORIENTED_EDGE('',*,*,#6333,.F.);
#9583=ORIENTED_EDGE('',*,*,#7352,.F.);
#9584=ORIENTED_EDGE('',*,*,#6487,.F.);
#9585=ORIENTED_EDGE('',*,*,#7353,.T.);
#9586=ORIENTED_EDGE('',*,*,#7354,.F.);
#9587=ORIENTED_EDGE('',*,*,#7353,.F.);
#9588=ORIENTED_EDGE('',*,*,#7355,.F.);
#9589=ORIENTED_EDGE('',*,*,#7356,.T.);
#9590=ORIENTED_EDGE('',*,*,#6332,.F.);
#9591=ORIENTED_EDGE('',*,*,#7356,.F.);
#9592=ORIENTED_EDGE('',*,*,#6486,.F.);
#9593=ORIENTED_EDGE('',*,*,#7357,.T.);
#9594=ORIENTED_EDGE('',*,*,#7358,.F.);
#9595=ORIENTED_EDGE('',*,*,#7357,.F.);
#9596=ORIENTED_EDGE('',*,*,#7359,.F.);
#9597=ORIENTED_EDGE('',*,*,#7360,.T.);
#9598=ORIENTED_EDGE('',*,*,#6331,.F.);
#9599=ORIENTED_EDGE('',*,*,#7360,.F.);
#9600=ORIENTED_EDGE('',*,*,#6485,.F.);
#9601=ORIENTED_EDGE('',*,*,#7361,.T.);
#9602=ORIENTED_EDGE('',*,*,#7362,.F.);
#9603=ORIENTED_EDGE('',*,*,#7361,.F.);
#9604=ORIENTED_EDGE('',*,*,#7363,.F.);
#9605=ORIENTED_EDGE('',*,*,#7364,.T.);
#9606=ORIENTED_EDGE('',*,*,#6330,.F.);
#9607=ORIENTED_EDGE('',*,*,#7364,.F.);
#9608=ORIENTED_EDGE('',*,*,#6484,.F.);
#9609=ORIENTED_EDGE('',*,*,#7365,.T.);
#9610=ORIENTED_EDGE('',*,*,#7366,.F.);
#9611=ORIENTED_EDGE('',*,*,#7365,.F.);
#9612=ORIENTED_EDGE('',*,*,#7367,.F.);
#9613=ORIENTED_EDGE('',*,*,#7368,.T.);
#9614=ORIENTED_EDGE('',*,*,#6329,.F.);
#9615=ORIENTED_EDGE('',*,*,#7368,.F.);
#9616=ORIENTED_EDGE('',*,*,#6483,.F.);
#9617=ORIENTED_EDGE('',*,*,#7369,.T.);
#9618=ORIENTED_EDGE('',*,*,#7370,.F.);
#9619=ORIENTED_EDGE('',*,*,#7369,.F.);
#9620=ORIENTED_EDGE('',*,*,#7371,.F.);
#9621=ORIENTED_EDGE('',*,*,#7372,.T.);
#9622=ORIENTED_EDGE('',*,*,#6328,.F.);
#9623=ORIENTED_EDGE('',*,*,#7372,.F.);
#9624=ORIENTED_EDGE('',*,*,#6482,.F.);
#9625=ORIENTED_EDGE('',*,*,#7373,.T.);
#9626=ORIENTED_EDGE('',*,*,#7374,.F.);
#9627=ORIENTED_EDGE('',*,*,#7373,.F.);
#9628=ORIENTED_EDGE('',*,*,#7375,.F.);
#9629=ORIENTED_EDGE('',*,*,#7376,.T.);
#9630=ORIENTED_EDGE('',*,*,#6327,.F.);
#9631=ORIENTED_EDGE('',*,*,#7376,.F.);
#9632=ORIENTED_EDGE('',*,*,#6481,.F.);
#9633=ORIENTED_EDGE('',*,*,#7377,.T.);
#9634=ORIENTED_EDGE('',*,*,#7378,.F.);
#9635=ORIENTED_EDGE('',*,*,#7377,.F.);
#9636=ORIENTED_EDGE('',*,*,#7379,.F.);
#9637=ORIENTED_EDGE('',*,*,#7380,.T.);
#9638=ORIENTED_EDGE('',*,*,#6326,.F.);
#9639=ORIENTED_EDGE('',*,*,#7380,.F.);
#9640=ORIENTED_EDGE('',*,*,#6480,.F.);
#9641=ORIENTED_EDGE('',*,*,#7381,.T.);
#9642=ORIENTED_EDGE('',*,*,#7382,.F.);
#9643=ORIENTED_EDGE('',*,*,#7381,.F.);
#9644=ORIENTED_EDGE('',*,*,#7383,.F.);
#9645=ORIENTED_EDGE('',*,*,#7384,.T.);
#9646=ORIENTED_EDGE('',*,*,#6325,.F.);
#9647=ORIENTED_EDGE('',*,*,#7384,.F.);
#9648=ORIENTED_EDGE('',*,*,#6479,.F.);
#9649=ORIENTED_EDGE('',*,*,#7385,.T.);
#9650=ORIENTED_EDGE('',*,*,#7386,.F.);
#9651=ORIENTED_EDGE('',*,*,#7385,.F.);
#9652=ORIENTED_EDGE('',*,*,#7387,.F.);
#9653=ORIENTED_EDGE('',*,*,#7388,.T.);
#9654=ORIENTED_EDGE('',*,*,#6324,.F.);
#9655=ORIENTED_EDGE('',*,*,#7388,.F.);
#9656=ORIENTED_EDGE('',*,*,#6478,.F.);
#9657=ORIENTED_EDGE('',*,*,#7389,.T.);
#9658=ORIENTED_EDGE('',*,*,#7390,.F.);
#9659=ORIENTED_EDGE('',*,*,#7389,.F.);
#9660=ORIENTED_EDGE('',*,*,#7391,.F.);
#9661=ORIENTED_EDGE('',*,*,#7392,.T.);
#9662=ORIENTED_EDGE('',*,*,#6323,.F.);
#9663=ORIENTED_EDGE('',*,*,#7392,.F.);
#9664=ORIENTED_EDGE('',*,*,#6477,.F.);
#9665=ORIENTED_EDGE('',*,*,#7393,.T.);
#9666=ORIENTED_EDGE('',*,*,#7394,.F.);
#9667=ORIENTED_EDGE('',*,*,#7393,.F.);
#9668=ORIENTED_EDGE('',*,*,#7395,.F.);
#9669=ORIENTED_EDGE('',*,*,#7396,.T.);
#9670=ORIENTED_EDGE('',*,*,#6322,.F.);
#9671=ORIENTED_EDGE('',*,*,#7396,.F.);
#9672=ORIENTED_EDGE('',*,*,#6476,.F.);
#9673=ORIENTED_EDGE('',*,*,#7397,.T.);
#9674=ORIENTED_EDGE('',*,*,#7398,.F.);
#9675=ORIENTED_EDGE('',*,*,#7397,.F.);
#9676=ORIENTED_EDGE('',*,*,#7399,.F.);
#9677=ORIENTED_EDGE('',*,*,#7400,.T.);
#9678=ORIENTED_EDGE('',*,*,#6321,.F.);
#9679=ORIENTED_EDGE('',*,*,#7400,.F.);
#9680=ORIENTED_EDGE('',*,*,#6475,.F.);
#9681=ORIENTED_EDGE('',*,*,#7401,.T.);
#9682=ORIENTED_EDGE('',*,*,#7402,.F.);
#9683=ORIENTED_EDGE('',*,*,#7401,.F.);
#9684=ORIENTED_EDGE('',*,*,#7403,.F.);
#9685=ORIENTED_EDGE('',*,*,#7404,.T.);
#9686=ORIENTED_EDGE('',*,*,#6320,.F.);
#9687=ORIENTED_EDGE('',*,*,#7404,.F.);
#9688=ORIENTED_EDGE('',*,*,#6474,.F.);
#9689=ORIENTED_EDGE('',*,*,#7405,.T.);
#9690=ORIENTED_EDGE('',*,*,#7406,.F.);
#9691=ORIENTED_EDGE('',*,*,#7405,.F.);
#9692=ORIENTED_EDGE('',*,*,#7407,.F.);
#9693=ORIENTED_EDGE('',*,*,#7408,.T.);
#9694=ORIENTED_EDGE('',*,*,#6319,.F.);
#9695=ORIENTED_EDGE('',*,*,#7408,.F.);
#9696=ORIENTED_EDGE('',*,*,#6473,.F.);
#9697=ORIENTED_EDGE('',*,*,#7409,.T.);
#9698=ORIENTED_EDGE('',*,*,#7410,.F.);
#9699=ORIENTED_EDGE('',*,*,#7409,.F.);
#9700=ORIENTED_EDGE('',*,*,#7411,.F.);
#9701=ORIENTED_EDGE('',*,*,#7412,.T.);
#9702=ORIENTED_EDGE('',*,*,#6318,.F.);
#9703=ORIENTED_EDGE('',*,*,#7412,.F.);
#9704=ORIENTED_EDGE('',*,*,#6472,.F.);
#9705=ORIENTED_EDGE('',*,*,#7413,.T.);
#9706=ORIENTED_EDGE('',*,*,#7414,.F.);
#9707=ORIENTED_EDGE('',*,*,#7413,.F.);
#9708=ORIENTED_EDGE('',*,*,#7415,.F.);
#9709=ORIENTED_EDGE('',*,*,#7416,.T.);
#9710=ORIENTED_EDGE('',*,*,#6317,.F.);
#9711=ORIENTED_EDGE('',*,*,#7416,.F.);
#9712=ORIENTED_EDGE('',*,*,#6471,.F.);
#9713=ORIENTED_EDGE('',*,*,#7417,.T.);
#9714=ORIENTED_EDGE('',*,*,#7418,.F.);
#9715=ORIENTED_EDGE('',*,*,#7417,.F.);
#9716=ORIENTED_EDGE('',*,*,#7419,.F.);
#9717=ORIENTED_EDGE('',*,*,#7420,.T.);
#9718=ORIENTED_EDGE('',*,*,#6316,.F.);
#9719=ORIENTED_EDGE('',*,*,#7420,.F.);
#9720=ORIENTED_EDGE('',*,*,#6470,.F.);
#9721=ORIENTED_EDGE('',*,*,#7421,.T.);
#9722=ORIENTED_EDGE('',*,*,#7422,.F.);
#9723=ORIENTED_EDGE('',*,*,#7421,.F.);
#9724=ORIENTED_EDGE('',*,*,#7423,.F.);
#9725=ORIENTED_EDGE('',*,*,#7424,.T.);
#9726=ORIENTED_EDGE('',*,*,#6315,.F.);
#9727=ORIENTED_EDGE('',*,*,#7424,.F.);
#9728=ORIENTED_EDGE('',*,*,#6469,.F.);
#9729=ORIENTED_EDGE('',*,*,#7425,.T.);
#9730=ORIENTED_EDGE('',*,*,#7426,.F.);
#9731=ORIENTED_EDGE('',*,*,#7425,.F.);
#9732=ORIENTED_EDGE('',*,*,#7427,.F.);
#9733=ORIENTED_EDGE('',*,*,#7428,.T.);
#9734=ORIENTED_EDGE('',*,*,#6314,.F.);
#9735=ORIENTED_EDGE('',*,*,#7428,.F.);
#9736=ORIENTED_EDGE('',*,*,#6468,.F.);
#9737=ORIENTED_EDGE('',*,*,#7429,.T.);
#9738=ORIENTED_EDGE('',*,*,#7430,.F.);
#9739=ORIENTED_EDGE('',*,*,#7429,.F.);
#9740=ORIENTED_EDGE('',*,*,#7431,.F.);
#9741=ORIENTED_EDGE('',*,*,#7432,.T.);
#9742=ORIENTED_EDGE('',*,*,#6313,.F.);
#9743=ORIENTED_EDGE('',*,*,#7432,.F.);
#9744=ORIENTED_EDGE('',*,*,#6467,.F.);
#9745=ORIENTED_EDGE('',*,*,#7433,.T.);
#9746=ORIENTED_EDGE('',*,*,#7434,.F.);
#9747=ORIENTED_EDGE('',*,*,#7433,.F.);
#9748=ORIENTED_EDGE('',*,*,#7435,.F.);
#9749=ORIENTED_EDGE('',*,*,#7436,.T.);
#9750=ORIENTED_EDGE('',*,*,#6312,.F.);
#9751=ORIENTED_EDGE('',*,*,#7436,.F.);
#9752=ORIENTED_EDGE('',*,*,#6466,.F.);
#9753=ORIENTED_EDGE('',*,*,#7437,.T.);
#9754=ORIENTED_EDGE('',*,*,#7438,.F.);
#9755=ORIENTED_EDGE('',*,*,#7437,.F.);
#9756=ORIENTED_EDGE('',*,*,#7439,.F.);
#9757=ORIENTED_EDGE('',*,*,#7440,.T.);
#9758=ORIENTED_EDGE('',*,*,#6311,.F.);
#9759=ORIENTED_EDGE('',*,*,#7440,.F.);
#9760=ORIENTED_EDGE('',*,*,#6465,.F.);
#9761=ORIENTED_EDGE('',*,*,#7441,.T.);
#9762=ORIENTED_EDGE('',*,*,#7442,.F.);
#9763=ORIENTED_EDGE('',*,*,#7441,.F.);
#9764=ORIENTED_EDGE('',*,*,#7443,.F.);
#9765=ORIENTED_EDGE('',*,*,#7444,.T.);
#9766=ORIENTED_EDGE('',*,*,#6310,.F.);
#9767=ORIENTED_EDGE('',*,*,#7444,.F.);
#9768=ORIENTED_EDGE('',*,*,#6464,.F.);
#9769=ORIENTED_EDGE('',*,*,#7445,.T.);
#9770=ORIENTED_EDGE('',*,*,#7446,.F.);
#9771=ORIENTED_EDGE('',*,*,#7445,.F.);
#9772=ORIENTED_EDGE('',*,*,#7447,.F.);
#9773=ORIENTED_EDGE('',*,*,#7448,.T.);
#9774=ORIENTED_EDGE('',*,*,#6309,.F.);
#9775=ORIENTED_EDGE('',*,*,#7448,.F.);
#9776=ORIENTED_EDGE('',*,*,#6463,.F.);
#9777=ORIENTED_EDGE('',*,*,#7449,.T.);
#9778=ORIENTED_EDGE('',*,*,#7450,.F.);
#9779=ORIENTED_EDGE('',*,*,#7449,.F.);
#9780=ORIENTED_EDGE('',*,*,#7451,.F.);
#9781=ORIENTED_EDGE('',*,*,#7452,.T.);
#9782=ORIENTED_EDGE('',*,*,#6308,.F.);
#9783=ORIENTED_EDGE('',*,*,#7452,.F.);
#9784=ORIENTED_EDGE('',*,*,#6462,.F.);
#9785=ORIENTED_EDGE('',*,*,#7453,.T.);
#9786=ORIENTED_EDGE('',*,*,#7454,.F.);
#9787=ORIENTED_EDGE('',*,*,#7453,.F.);
#9788=ORIENTED_EDGE('',*,*,#7455,.F.);
#9789=ORIENTED_EDGE('',*,*,#7456,.T.);
#9790=ORIENTED_EDGE('',*,*,#6307,.F.);
#9791=ORIENTED_EDGE('',*,*,#7456,.F.);
#9792=ORIENTED_EDGE('',*,*,#6461,.F.);
#9793=ORIENTED_EDGE('',*,*,#7457,.T.);
#9794=ORIENTED_EDGE('',*,*,#7458,.F.);
#9795=ORIENTED_EDGE('',*,*,#7457,.F.);
#9796=ORIENTED_EDGE('',*,*,#7459,.F.);
#9797=ORIENTED_EDGE('',*,*,#7460,.T.);
#9798=ORIENTED_EDGE('',*,*,#6306,.F.);
#9799=ORIENTED_EDGE('',*,*,#7460,.F.);
#9800=ORIENTED_EDGE('',*,*,#6460,.F.);
#9801=ORIENTED_EDGE('',*,*,#7461,.T.);
#9802=ORIENTED_EDGE('',*,*,#7462,.F.);
#9803=ORIENTED_EDGE('',*,*,#7461,.F.);
#9804=ORIENTED_EDGE('',*,*,#7463,.F.);
#9805=ORIENTED_EDGE('',*,*,#7464,.T.);
#9806=ORIENTED_EDGE('',*,*,#6305,.F.);
#9807=ORIENTED_EDGE('',*,*,#7464,.F.);
#9808=ORIENTED_EDGE('',*,*,#6459,.F.);
#9809=ORIENTED_EDGE('',*,*,#7465,.T.);
#9810=ORIENTED_EDGE('',*,*,#7466,.F.);
#9811=ORIENTED_EDGE('',*,*,#7465,.F.);
#9812=ORIENTED_EDGE('',*,*,#7467,.F.);
#9813=ORIENTED_EDGE('',*,*,#7468,.T.);
#9814=ORIENTED_EDGE('',*,*,#6304,.F.);
#9815=ORIENTED_EDGE('',*,*,#7468,.F.);
#9816=ORIENTED_EDGE('',*,*,#6458,.F.);
#9817=ORIENTED_EDGE('',*,*,#7469,.T.);
#9818=ORIENTED_EDGE('',*,*,#7470,.F.);
#9819=ORIENTED_EDGE('',*,*,#7469,.F.);
#9820=ORIENTED_EDGE('',*,*,#7471,.F.);
#9821=ORIENTED_EDGE('',*,*,#7472,.T.);
#9822=ORIENTED_EDGE('',*,*,#6303,.F.);
#9823=ORIENTED_EDGE('',*,*,#7472,.F.);
#9824=ORIENTED_EDGE('',*,*,#6457,.F.);
#9825=ORIENTED_EDGE('',*,*,#7473,.T.);
#9826=ORIENTED_EDGE('',*,*,#7474,.F.);
#9827=ORIENTED_EDGE('',*,*,#7473,.F.);
#9828=ORIENTED_EDGE('',*,*,#7475,.F.);
#9829=ORIENTED_EDGE('',*,*,#7476,.T.);
#9830=ORIENTED_EDGE('',*,*,#6302,.F.);
#9831=ORIENTED_EDGE('',*,*,#7476,.F.);
#9832=ORIENTED_EDGE('',*,*,#6456,.F.);
#9833=ORIENTED_EDGE('',*,*,#7477,.T.);
#9834=ORIENTED_EDGE('',*,*,#7478,.F.);
#9835=ORIENTED_EDGE('',*,*,#7477,.F.);
#9836=ORIENTED_EDGE('',*,*,#7479,.F.);
#9837=ORIENTED_EDGE('',*,*,#7480,.T.);
#9838=ORIENTED_EDGE('',*,*,#6301,.F.);
#9839=ORIENTED_EDGE('',*,*,#7480,.F.);
#9840=ORIENTED_EDGE('',*,*,#6455,.F.);
#9841=ORIENTED_EDGE('',*,*,#7481,.T.);
#9842=ORIENTED_EDGE('',*,*,#7482,.F.);
#9843=ORIENTED_EDGE('',*,*,#7481,.F.);
#9844=ORIENTED_EDGE('',*,*,#7483,.F.);
#9845=ORIENTED_EDGE('',*,*,#7484,.T.);
#9846=ORIENTED_EDGE('',*,*,#6300,.F.);
#9847=ORIENTED_EDGE('',*,*,#7484,.F.);
#9848=ORIENTED_EDGE('',*,*,#6454,.F.);
#9849=ORIENTED_EDGE('',*,*,#7485,.T.);
#9850=ORIENTED_EDGE('',*,*,#7486,.F.);
#9851=ORIENTED_EDGE('',*,*,#7485,.F.);
#9852=ORIENTED_EDGE('',*,*,#7487,.F.);
#9853=ORIENTED_EDGE('',*,*,#7488,.T.);
#9854=ORIENTED_EDGE('',*,*,#6299,.F.);
#9855=ORIENTED_EDGE('',*,*,#7488,.F.);
#9856=ORIENTED_EDGE('',*,*,#6453,.F.);
#9857=ORIENTED_EDGE('',*,*,#7489,.T.);
#9858=ORIENTED_EDGE('',*,*,#7490,.F.);
#9859=ORIENTED_EDGE('',*,*,#7489,.F.);
#9860=ORIENTED_EDGE('',*,*,#7491,.F.);
#9861=ORIENTED_EDGE('',*,*,#7492,.T.);
#9862=ORIENTED_EDGE('',*,*,#6298,.F.);
#9863=ORIENTED_EDGE('',*,*,#7492,.F.);
#9864=ORIENTED_EDGE('',*,*,#6452,.F.);
#9865=ORIENTED_EDGE('',*,*,#7493,.T.);
#9866=ORIENTED_EDGE('',*,*,#7494,.F.);
#9867=ORIENTED_EDGE('',*,*,#7493,.F.);
#9868=ORIENTED_EDGE('',*,*,#7495,.F.);
#9869=ORIENTED_EDGE('',*,*,#7496,.T.);
#9870=ORIENTED_EDGE('',*,*,#6297,.F.);
#9871=ORIENTED_EDGE('',*,*,#7496,.F.);
#9872=ORIENTED_EDGE('',*,*,#6451,.F.);
#9873=ORIENTED_EDGE('',*,*,#7497,.T.);
#9874=ORIENTED_EDGE('',*,*,#7498,.F.);
#9875=ORIENTED_EDGE('',*,*,#7497,.F.);
#9876=ORIENTED_EDGE('',*,*,#7499,.F.);
#9877=ORIENTED_EDGE('',*,*,#7500,.T.);
#9878=ORIENTED_EDGE('',*,*,#6296,.F.);
#9879=ORIENTED_EDGE('',*,*,#7500,.F.);
#9880=ORIENTED_EDGE('',*,*,#6450,.F.);
#9881=ORIENTED_EDGE('',*,*,#7501,.T.);
#9882=ORIENTED_EDGE('',*,*,#7502,.F.);
#9883=ORIENTED_EDGE('',*,*,#7501,.F.);
#9884=ORIENTED_EDGE('',*,*,#7503,.F.);
#9885=ORIENTED_EDGE('',*,*,#7504,.T.);
#9886=ORIENTED_EDGE('',*,*,#6295,.F.);
#9887=ORIENTED_EDGE('',*,*,#7504,.F.);
#9888=ORIENTED_EDGE('',*,*,#6449,.F.);
#9889=ORIENTED_EDGE('',*,*,#7505,.T.);
#9890=ORIENTED_EDGE('',*,*,#7506,.F.);
#9891=ORIENTED_EDGE('',*,*,#7505,.F.);
#9892=ORIENTED_EDGE('',*,*,#7507,.F.);
#9893=ORIENTED_EDGE('',*,*,#7508,.T.);
#9894=ORIENTED_EDGE('',*,*,#6294,.F.);
#9895=ORIENTED_EDGE('',*,*,#7508,.F.);
#9896=ORIENTED_EDGE('',*,*,#6448,.F.);
#9897=ORIENTED_EDGE('',*,*,#7509,.T.);
#9898=ORIENTED_EDGE('',*,*,#7510,.F.);
#9899=ORIENTED_EDGE('',*,*,#7509,.F.);
#9900=ORIENTED_EDGE('',*,*,#7511,.F.);
#9901=ORIENTED_EDGE('',*,*,#7512,.T.);
#9902=ORIENTED_EDGE('',*,*,#6293,.F.);
#9903=ORIENTED_EDGE('',*,*,#7512,.F.);
#9904=ORIENTED_EDGE('',*,*,#6447,.F.);
#9905=ORIENTED_EDGE('',*,*,#7513,.T.);
#9906=ORIENTED_EDGE('',*,*,#7514,.F.);
#9907=ORIENTED_EDGE('',*,*,#7513,.F.);
#9908=ORIENTED_EDGE('',*,*,#7515,.F.);
#9909=ORIENTED_EDGE('',*,*,#7516,.T.);
#9910=ORIENTED_EDGE('',*,*,#6292,.F.);
#9911=ORIENTED_EDGE('',*,*,#7516,.F.);
#9912=ORIENTED_EDGE('',*,*,#6446,.F.);
#9913=ORIENTED_EDGE('',*,*,#7517,.T.);
#9914=ORIENTED_EDGE('',*,*,#7518,.F.);
#9915=ORIENTED_EDGE('',*,*,#7517,.F.);
#9916=ORIENTED_EDGE('',*,*,#7519,.F.);
#9917=ORIENTED_EDGE('',*,*,#7520,.T.);
#9918=ORIENTED_EDGE('',*,*,#6291,.F.);
#9919=ORIENTED_EDGE('',*,*,#7520,.F.);
#9920=ORIENTED_EDGE('',*,*,#6445,.F.);
#9921=ORIENTED_EDGE('',*,*,#7521,.T.);
#9922=ORIENTED_EDGE('',*,*,#7522,.F.);
#9923=ORIENTED_EDGE('',*,*,#7521,.F.);
#9924=ORIENTED_EDGE('',*,*,#7523,.F.);
#9925=ORIENTED_EDGE('',*,*,#7524,.T.);
#9926=ORIENTED_EDGE('',*,*,#6290,.F.);
#9927=ORIENTED_EDGE('',*,*,#7524,.F.);
#9928=ORIENTED_EDGE('',*,*,#6444,.F.);
#9929=ORIENTED_EDGE('',*,*,#7525,.T.);
#9930=ORIENTED_EDGE('',*,*,#7526,.F.);
#9931=ORIENTED_EDGE('',*,*,#7525,.F.);
#9932=ORIENTED_EDGE('',*,*,#7527,.F.);
#9933=ORIENTED_EDGE('',*,*,#7528,.T.);
#9934=ORIENTED_EDGE('',*,*,#6289,.F.);
#9935=ORIENTED_EDGE('',*,*,#7528,.F.);
#9936=ORIENTED_EDGE('',*,*,#6443,.F.);
#9937=ORIENTED_EDGE('',*,*,#7529,.T.);
#9938=ORIENTED_EDGE('',*,*,#7530,.F.);
#9939=ORIENTED_EDGE('',*,*,#7529,.F.);
#9940=ORIENTED_EDGE('',*,*,#7531,.F.);
#9941=ORIENTED_EDGE('',*,*,#7532,.T.);
#9942=ORIENTED_EDGE('',*,*,#6288,.F.);
#9943=ORIENTED_EDGE('',*,*,#7532,.F.);
#9944=ORIENTED_EDGE('',*,*,#6442,.F.);
#9945=ORIENTED_EDGE('',*,*,#7533,.T.);
#9946=ORIENTED_EDGE('',*,*,#7534,.F.);
#9947=ORIENTED_EDGE('',*,*,#7533,.F.);
#9948=ORIENTED_EDGE('',*,*,#7535,.F.);
#9949=ORIENTED_EDGE('',*,*,#7536,.T.);
#9950=ORIENTED_EDGE('',*,*,#6287,.F.);
#9951=ORIENTED_EDGE('',*,*,#7536,.F.);
#9952=ORIENTED_EDGE('',*,*,#6441,.F.);
#9953=ORIENTED_EDGE('',*,*,#7537,.T.);
#9954=ORIENTED_EDGE('',*,*,#7538,.F.);
#9955=ORIENTED_EDGE('',*,*,#7537,.F.);
#9956=ORIENTED_EDGE('',*,*,#7539,.F.);
#9957=ORIENTED_EDGE('',*,*,#7540,.T.);
#9958=ORIENTED_EDGE('',*,*,#6286,.F.);
#9959=ORIENTED_EDGE('',*,*,#7540,.F.);
#9960=ORIENTED_EDGE('',*,*,#6440,.F.);
#9961=ORIENTED_EDGE('',*,*,#7541,.T.);
#9962=ORIENTED_EDGE('',*,*,#7542,.F.);
#9963=ORIENTED_EDGE('',*,*,#7541,.F.);
#9964=ORIENTED_EDGE('',*,*,#7543,.F.);
#9965=ORIENTED_EDGE('',*,*,#7544,.T.);
#9966=ORIENTED_EDGE('',*,*,#6285,.F.);
#9967=ORIENTED_EDGE('',*,*,#7544,.F.);
#9968=ORIENTED_EDGE('',*,*,#6439,.F.);
#9969=ORIENTED_EDGE('',*,*,#7545,.T.);
#9970=ORIENTED_EDGE('',*,*,#7546,.F.);
#9971=ORIENTED_EDGE('',*,*,#7545,.F.);
#9972=ORIENTED_EDGE('',*,*,#7547,.F.);
#9973=ORIENTED_EDGE('',*,*,#7548,.T.);
#9974=ORIENTED_EDGE('',*,*,#6284,.F.);
#9975=ORIENTED_EDGE('',*,*,#7548,.F.);
#9976=ORIENTED_EDGE('',*,*,#6438,.F.);
#9977=ORIENTED_EDGE('',*,*,#7549,.T.);
#9978=ORIENTED_EDGE('',*,*,#7550,.F.);
#9979=ORIENTED_EDGE('',*,*,#7549,.F.);
#9980=ORIENTED_EDGE('',*,*,#7551,.F.);
#9981=ORIENTED_EDGE('',*,*,#7552,.T.);
#9982=ORIENTED_EDGE('',*,*,#6283,.F.);
#9983=ORIENTED_EDGE('',*,*,#7552,.F.);
#9984=ORIENTED_EDGE('',*,*,#6437,.F.);
#9985=ORIENTED_EDGE('',*,*,#7553,.T.);
#9986=ORIENTED_EDGE('',*,*,#7554,.F.);
#9987=ORIENTED_EDGE('',*,*,#7553,.F.);
#9988=ORIENTED_EDGE('',*,*,#7555,.F.);
#9989=ORIENTED_EDGE('',*,*,#7556,.T.);
#9990=ORIENTED_EDGE('',*,*,#6282,.F.);
#9991=ORIENTED_EDGE('',*,*,#7556,.F.);
#9992=ORIENTED_EDGE('',*,*,#6436,.F.);
#9993=ORIENTED_EDGE('',*,*,#7557,.T.);
#9994=ORIENTED_EDGE('',*,*,#7558,.F.);
#9995=ORIENTED_EDGE('',*,*,#7557,.F.);
#9996=ORIENTED_EDGE('',*,*,#7559,.F.);
#9997=ORIENTED_EDGE('',*,*,#7560,.T.);
#9998=ORIENTED_EDGE('',*,*,#6281,.F.);
#9999=ORIENTED_EDGE('',*,*,#7560,.F.);
#10000=ORIENTED_EDGE('',*,*,#6435,.F.);
#10001=ORIENTED_EDGE('',*,*,#7561,.T.);
#10002=ORIENTED_EDGE('',*,*,#7562,.F.);
#10003=ORIENTED_EDGE('',*,*,#7561,.F.);
#10004=ORIENTED_EDGE('',*,*,#7563,.F.);
#10005=ORIENTED_EDGE('',*,*,#7564,.T.);
#10006=ORIENTED_EDGE('',*,*,#6280,.F.);
#10007=ORIENTED_EDGE('',*,*,#7564,.F.);
#10008=ORIENTED_EDGE('',*,*,#6434,.F.);
#10009=ORIENTED_EDGE('',*,*,#7565,.T.);
#10010=ORIENTED_EDGE('',*,*,#7566,.F.);
#10011=ORIENTED_EDGE('',*,*,#7565,.F.);
#10012=ORIENTED_EDGE('',*,*,#7567,.F.);
#10013=ORIENTED_EDGE('',*,*,#7568,.T.);
#10014=ORIENTED_EDGE('',*,*,#6279,.F.);
#10015=ORIENTED_EDGE('',*,*,#7568,.F.);
#10016=ORIENTED_EDGE('',*,*,#6433,.F.);
#10017=ORIENTED_EDGE('',*,*,#7569,.T.);
#10018=ORIENTED_EDGE('',*,*,#7570,.F.);
#10019=ORIENTED_EDGE('',*,*,#7569,.F.);
#10020=ORIENTED_EDGE('',*,*,#7571,.F.);
#10021=ORIENTED_EDGE('',*,*,#7572,.T.);
#10022=ORIENTED_EDGE('',*,*,#6278,.F.);
#10023=ORIENTED_EDGE('',*,*,#7572,.F.);
#10024=ORIENTED_EDGE('',*,*,#6432,.F.);
#10025=ORIENTED_EDGE('',*,*,#7573,.T.);
#10026=ORIENTED_EDGE('',*,*,#7574,.F.);
#10027=ORIENTED_EDGE('',*,*,#7573,.F.);
#10028=ORIENTED_EDGE('',*,*,#7575,.F.);
#10029=ORIENTED_EDGE('',*,*,#7576,.T.);
#10030=ORIENTED_EDGE('',*,*,#6277,.F.);
#10031=ORIENTED_EDGE('',*,*,#7576,.F.);
#10032=ORIENTED_EDGE('',*,*,#6431,.F.);
#10033=ORIENTED_EDGE('',*,*,#7577,.T.);
#10034=ORIENTED_EDGE('',*,*,#7578,.F.);
#10035=ORIENTED_EDGE('',*,*,#7577,.F.);
#10036=ORIENTED_EDGE('',*,*,#7579,.F.);
#10037=ORIENTED_EDGE('',*,*,#7580,.T.);
#10038=ORIENTED_EDGE('',*,*,#6276,.F.);
#10039=ORIENTED_EDGE('',*,*,#7580,.F.);
#10040=ORIENTED_EDGE('',*,*,#6430,.F.);
#10041=ORIENTED_EDGE('',*,*,#7581,.T.);
#10042=ORIENTED_EDGE('',*,*,#7582,.F.);
#10043=ORIENTED_EDGE('',*,*,#7581,.F.);
#10044=ORIENTED_EDGE('',*,*,#7583,.F.);
#10045=ORIENTED_EDGE('',*,*,#7584,.T.);
#10046=ORIENTED_EDGE('',*,*,#6275,.F.);
#10047=ORIENTED_EDGE('',*,*,#7584,.F.);
#10048=ORIENTED_EDGE('',*,*,#6429,.F.);
#10049=ORIENTED_EDGE('',*,*,#7585,.T.);
#10050=ORIENTED_EDGE('',*,*,#7586,.F.);
#10051=ORIENTED_EDGE('',*,*,#7585,.F.);
#10052=ORIENTED_EDGE('',*,*,#7587,.F.);
#10053=ORIENTED_EDGE('',*,*,#7588,.T.);
#10054=ORIENTED_EDGE('',*,*,#6274,.F.);
#10055=ORIENTED_EDGE('',*,*,#7588,.F.);
#10056=ORIENTED_EDGE('',*,*,#6428,.F.);
#10057=ORIENTED_EDGE('',*,*,#7589,.T.);
#10058=ORIENTED_EDGE('',*,*,#7590,.F.);
#10059=ORIENTED_EDGE('',*,*,#7589,.F.);
#10060=ORIENTED_EDGE('',*,*,#7591,.F.);
#10061=ORIENTED_EDGE('',*,*,#7592,.T.);
#10062=ORIENTED_EDGE('',*,*,#6273,.F.);
#10063=ORIENTED_EDGE('',*,*,#7592,.F.);
#10064=ORIENTED_EDGE('',*,*,#6427,.F.);
#10065=ORIENTED_EDGE('',*,*,#7593,.T.);
#10066=ORIENTED_EDGE('',*,*,#7594,.F.);
#10067=ORIENTED_EDGE('',*,*,#7593,.F.);
#10068=ORIENTED_EDGE('',*,*,#7595,.F.);
#10069=ORIENTED_EDGE('',*,*,#7596,.T.);
#10070=ORIENTED_EDGE('',*,*,#6272,.F.);
#10071=ORIENTED_EDGE('',*,*,#7596,.F.);
#10072=ORIENTED_EDGE('',*,*,#6426,.F.);
#10073=ORIENTED_EDGE('',*,*,#7597,.T.);
#10074=ORIENTED_EDGE('',*,*,#7598,.F.);
#10075=ORIENTED_EDGE('',*,*,#7597,.F.);
#10076=ORIENTED_EDGE('',*,*,#7599,.F.);
#10077=ORIENTED_EDGE('',*,*,#7600,.T.);
#10078=ORIENTED_EDGE('',*,*,#6271,.F.);
#10079=ORIENTED_EDGE('',*,*,#7600,.F.);
#10080=ORIENTED_EDGE('',*,*,#6425,.F.);
#10081=ORIENTED_EDGE('',*,*,#7601,.T.);
#10082=ORIENTED_EDGE('',*,*,#7602,.F.);
#10083=ORIENTED_EDGE('',*,*,#7601,.F.);
#10084=ORIENTED_EDGE('',*,*,#7603,.F.);
#10085=ORIENTED_EDGE('',*,*,#7604,.T.);
#10086=ORIENTED_EDGE('',*,*,#6270,.F.);
#10087=ORIENTED_EDGE('',*,*,#7604,.F.);
#10088=ORIENTED_EDGE('',*,*,#6424,.F.);
#10089=ORIENTED_EDGE('',*,*,#7605,.T.);
#10090=ORIENTED_EDGE('',*,*,#7606,.F.);
#10091=ORIENTED_EDGE('',*,*,#7605,.F.);
#10092=ORIENTED_EDGE('',*,*,#7607,.F.);
#10093=ORIENTED_EDGE('',*,*,#7608,.T.);
#10094=ORIENTED_EDGE('',*,*,#6269,.F.);
#10095=ORIENTED_EDGE('',*,*,#7608,.F.);
#10096=ORIENTED_EDGE('',*,*,#6423,.F.);
#10097=ORIENTED_EDGE('',*,*,#7609,.T.);
#10098=ORIENTED_EDGE('',*,*,#7610,.F.);
#10099=ORIENTED_EDGE('',*,*,#7609,.F.);
#10100=ORIENTED_EDGE('',*,*,#7611,.F.);
#10101=ORIENTED_EDGE('',*,*,#7612,.T.);
#10102=ORIENTED_EDGE('',*,*,#6268,.F.);
#10103=ORIENTED_EDGE('',*,*,#7612,.F.);
#10104=ORIENTED_EDGE('',*,*,#6422,.F.);
#10105=ORIENTED_EDGE('',*,*,#7613,.T.);
#10106=ORIENTED_EDGE('',*,*,#7614,.F.);
#10107=ORIENTED_EDGE('',*,*,#7613,.F.);
#10108=ORIENTED_EDGE('',*,*,#7615,.F.);
#10109=ORIENTED_EDGE('',*,*,#7616,.T.);
#10110=ORIENTED_EDGE('',*,*,#6267,.F.);
#10111=ORIENTED_EDGE('',*,*,#7616,.F.);
#10112=ORIENTED_EDGE('',*,*,#6421,.F.);
#10113=ORIENTED_EDGE('',*,*,#7617,.T.);
#10114=ORIENTED_EDGE('',*,*,#7618,.F.);
#10115=ORIENTED_EDGE('',*,*,#7617,.F.);
#10116=ORIENTED_EDGE('',*,*,#7619,.F.);
#10117=ORIENTED_EDGE('',*,*,#7620,.T.);
#10118=ORIENTED_EDGE('',*,*,#6266,.F.);
#10119=ORIENTED_EDGE('',*,*,#7620,.F.);
#10120=ORIENTED_EDGE('',*,*,#6420,.F.);
#10121=ORIENTED_EDGE('',*,*,#7621,.T.);
#10122=ORIENTED_EDGE('',*,*,#7622,.F.);
#10123=ORIENTED_EDGE('',*,*,#7621,.F.);
#10124=ORIENTED_EDGE('',*,*,#7623,.F.);
#10125=ORIENTED_EDGE('',*,*,#7624,.T.);
#10126=ORIENTED_EDGE('',*,*,#6265,.F.);
#10127=ORIENTED_EDGE('',*,*,#7624,.F.);
#10128=ORIENTED_EDGE('',*,*,#6419,.F.);
#10129=ORIENTED_EDGE('',*,*,#7625,.T.);
#10130=ORIENTED_EDGE('',*,*,#7626,.F.);
#10131=ORIENTED_EDGE('',*,*,#7625,.F.);
#10132=ORIENTED_EDGE('',*,*,#7627,.F.);
#10133=ORIENTED_EDGE('',*,*,#7628,.T.);
#10134=ORIENTED_EDGE('',*,*,#6264,.F.);
#10135=ORIENTED_EDGE('',*,*,#7628,.F.);
#10136=ORIENTED_EDGE('',*,*,#6418,.F.);
#10137=ORIENTED_EDGE('',*,*,#7629,.T.);
#10138=ORIENTED_EDGE('',*,*,#7630,.F.);
#10139=ORIENTED_EDGE('',*,*,#7629,.F.);
#10140=ORIENTED_EDGE('',*,*,#7631,.F.);
#10141=ORIENTED_EDGE('',*,*,#7632,.T.);
#10142=ORIENTED_EDGE('',*,*,#6263,.F.);
#10143=ORIENTED_EDGE('',*,*,#7632,.F.);
#10144=ORIENTED_EDGE('',*,*,#6417,.F.);
#10145=ORIENTED_EDGE('',*,*,#7633,.T.);
#10146=ORIENTED_EDGE('',*,*,#7634,.F.);
#10147=ORIENTED_EDGE('',*,*,#7633,.F.);
#10148=ORIENTED_EDGE('',*,*,#7635,.F.);
#10149=ORIENTED_EDGE('',*,*,#7636,.T.);
#10150=ORIENTED_EDGE('',*,*,#6262,.F.);
#10151=ORIENTED_EDGE('',*,*,#7636,.F.);
#10152=ORIENTED_EDGE('',*,*,#6416,.F.);
#10153=ORIENTED_EDGE('',*,*,#7637,.T.);
#10154=ORIENTED_EDGE('',*,*,#7638,.F.);
#10155=ORIENTED_EDGE('',*,*,#7637,.F.);
#10156=ORIENTED_EDGE('',*,*,#7639,.F.);
#10157=ORIENTED_EDGE('',*,*,#7640,.T.);
#10158=ORIENTED_EDGE('',*,*,#6261,.F.);
#10159=ORIENTED_EDGE('',*,*,#7640,.F.);
#10160=ORIENTED_EDGE('',*,*,#6415,.F.);
#10161=ORIENTED_EDGE('',*,*,#7641,.T.);
#10162=ORIENTED_EDGE('',*,*,#7642,.F.);
#10163=ORIENTED_EDGE('',*,*,#7641,.F.);
#10164=ORIENTED_EDGE('',*,*,#7643,.F.);
#10165=ORIENTED_EDGE('',*,*,#7644,.T.);
#10166=ORIENTED_EDGE('',*,*,#6260,.F.);
#10167=ORIENTED_EDGE('',*,*,#7644,.F.);
#10168=ORIENTED_EDGE('',*,*,#6414,.F.);
#10169=ORIENTED_EDGE('',*,*,#7645,.T.);
#10170=ORIENTED_EDGE('',*,*,#7646,.F.);
#10171=ORIENTED_EDGE('',*,*,#7645,.F.);
#10172=ORIENTED_EDGE('',*,*,#7647,.F.);
#10173=ORIENTED_EDGE('',*,*,#7648,.T.);
#10174=ORIENTED_EDGE('',*,*,#6259,.F.);
#10175=ORIENTED_EDGE('',*,*,#7648,.F.);
#10176=ORIENTED_EDGE('',*,*,#6413,.F.);
#10177=ORIENTED_EDGE('',*,*,#7649,.T.);
#10178=ORIENTED_EDGE('',*,*,#7650,.F.);
#10179=ORIENTED_EDGE('',*,*,#7649,.F.);
#10180=ORIENTED_EDGE('',*,*,#7651,.F.);
#10181=ORIENTED_EDGE('',*,*,#7652,.T.);
#10182=ORIENTED_EDGE('',*,*,#6258,.F.);
#10183=ORIENTED_EDGE('',*,*,#7652,.F.);
#10184=ORIENTED_EDGE('',*,*,#6412,.F.);
#10185=ORIENTED_EDGE('',*,*,#7653,.T.);
#10186=ORIENTED_EDGE('',*,*,#7654,.F.);
#10187=ORIENTED_EDGE('',*,*,#7653,.F.);
#10188=ORIENTED_EDGE('',*,*,#7655,.F.);
#10189=ORIENTED_EDGE('',*,*,#7656,.T.);
#10190=ORIENTED_EDGE('',*,*,#6257,.F.);
#10191=ORIENTED_EDGE('',*,*,#7656,.F.);
#10192=ORIENTED_EDGE('',*,*,#6411,.F.);
#10193=ORIENTED_EDGE('',*,*,#7657,.T.);
#10194=ORIENTED_EDGE('',*,*,#7658,.F.);
#10195=ORIENTED_EDGE('',*,*,#7657,.F.);
#10196=ORIENTED_EDGE('',*,*,#7659,.F.);
#10197=ORIENTED_EDGE('',*,*,#7660,.T.);
#10198=ORIENTED_EDGE('',*,*,#6256,.F.);
#10199=ORIENTED_EDGE('',*,*,#7660,.F.);
#10200=ORIENTED_EDGE('',*,*,#6410,.F.);
#10201=ORIENTED_EDGE('',*,*,#7661,.T.);
#10202=ORIENTED_EDGE('',*,*,#7662,.F.);
#10203=ORIENTED_EDGE('',*,*,#7661,.F.);
#10204=ORIENTED_EDGE('',*,*,#7663,.F.);
#10205=ORIENTED_EDGE('',*,*,#7664,.T.);
#10206=ORIENTED_EDGE('',*,*,#6255,.F.);
#10207=ORIENTED_EDGE('',*,*,#7664,.F.);
#10208=ORIENTED_EDGE('',*,*,#6409,.F.);
#10209=ORIENTED_EDGE('',*,*,#7665,.T.);
#10210=ORIENTED_EDGE('',*,*,#7666,.F.);
#10211=ORIENTED_EDGE('',*,*,#7665,.F.);
#10212=ORIENTED_EDGE('',*,*,#7667,.F.);
#10213=ORIENTED_EDGE('',*,*,#7668,.T.);
#10214=ORIENTED_EDGE('',*,*,#6254,.F.);
#10215=ORIENTED_EDGE('',*,*,#7668,.F.);
#10216=ORIENTED_EDGE('',*,*,#6408,.F.);
#10217=ORIENTED_EDGE('',*,*,#7669,.T.);
#10218=ORIENTED_EDGE('',*,*,#7670,.F.);
#10219=ORIENTED_EDGE('',*,*,#7669,.F.);
#10220=ORIENTED_EDGE('',*,*,#7671,.F.);
#10221=ORIENTED_EDGE('',*,*,#7672,.T.);
#10222=ORIENTED_EDGE('',*,*,#6253,.F.);
#10223=ORIENTED_EDGE('',*,*,#7672,.F.);
#10224=ORIENTED_EDGE('',*,*,#6407,.F.);
#10225=ORIENTED_EDGE('',*,*,#7673,.T.);
#10226=ORIENTED_EDGE('',*,*,#7674,.F.);
#10227=ORIENTED_EDGE('',*,*,#7673,.F.);
#10228=ORIENTED_EDGE('',*,*,#7675,.F.);
#10229=ORIENTED_EDGE('',*,*,#7676,.T.);
#10230=ORIENTED_EDGE('',*,*,#6252,.F.);
#10231=ORIENTED_EDGE('',*,*,#7676,.F.);
#10232=ORIENTED_EDGE('',*,*,#6406,.F.);
#10233=ORIENTED_EDGE('',*,*,#7677,.T.);
#10234=ORIENTED_EDGE('',*,*,#7678,.F.);
#10235=ORIENTED_EDGE('',*,*,#7677,.F.);
#10236=ORIENTED_EDGE('',*,*,#7679,.F.);
#10237=ORIENTED_EDGE('',*,*,#7680,.T.);
#10238=ORIENTED_EDGE('',*,*,#6251,.F.);
#10239=ORIENTED_EDGE('',*,*,#7680,.F.);
#10240=ORIENTED_EDGE('',*,*,#6405,.F.);
#10241=ORIENTED_EDGE('',*,*,#7681,.T.);
#10242=ORIENTED_EDGE('',*,*,#7682,.F.);
#10243=ORIENTED_EDGE('',*,*,#7681,.F.);
#10244=ORIENTED_EDGE('',*,*,#7683,.F.);
#10245=ORIENTED_EDGE('',*,*,#7684,.T.);
#10246=ORIENTED_EDGE('',*,*,#6250,.F.);
#10247=ORIENTED_EDGE('',*,*,#7684,.F.);
#10248=ORIENTED_EDGE('',*,*,#6404,.F.);
#10249=ORIENTED_EDGE('',*,*,#7685,.T.);
#10250=ORIENTED_EDGE('',*,*,#7686,.F.);
#10251=ORIENTED_EDGE('',*,*,#7685,.F.);
#10252=ORIENTED_EDGE('',*,*,#7687,.F.);
#10253=ORIENTED_EDGE('',*,*,#7688,.T.);
#10254=ORIENTED_EDGE('',*,*,#6249,.F.);
#10255=ORIENTED_EDGE('',*,*,#7688,.F.);
#10256=ORIENTED_EDGE('',*,*,#6403,.F.);
#10257=ORIENTED_EDGE('',*,*,#7689,.T.);
#10258=ORIENTED_EDGE('',*,*,#7690,.F.);
#10259=ORIENTED_EDGE('',*,*,#7689,.F.);
#10260=ORIENTED_EDGE('',*,*,#7691,.F.);
#10261=ORIENTED_EDGE('',*,*,#7692,.T.);
#10262=ORIENTED_EDGE('',*,*,#6248,.F.);
#10263=ORIENTED_EDGE('',*,*,#7692,.F.);
#10264=ORIENTED_EDGE('',*,*,#6402,.F.);
#10265=ORIENTED_EDGE('',*,*,#7693,.T.);
#10266=ORIENTED_EDGE('',*,*,#7694,.F.);
#10267=ORIENTED_EDGE('',*,*,#7693,.F.);
#10268=ORIENTED_EDGE('',*,*,#7695,.F.);
#10269=ORIENTED_EDGE('',*,*,#7696,.T.);
#10270=ORIENTED_EDGE('',*,*,#6247,.F.);
#10271=ORIENTED_EDGE('',*,*,#7696,.F.);
#10272=ORIENTED_EDGE('',*,*,#6401,.F.);
#10273=ORIENTED_EDGE('',*,*,#7697,.T.);
#10274=ORIENTED_EDGE('',*,*,#7698,.F.);
#10275=ORIENTED_EDGE('',*,*,#7697,.F.);
#10276=ORIENTED_EDGE('',*,*,#7699,.F.);
#10277=ORIENTED_EDGE('',*,*,#7700,.F.);
#10278=ORIENTED_EDGE('',*,*,#6557,.F.);
#10279=ORIENTED_EDGE('',*,*,#7701,.T.);
#10280=ORIENTED_EDGE('',*,*,#7702,.F.);
#10281=ORIENTED_EDGE('',*,*,#7701,.F.);
#10282=ORIENTED_EDGE('',*,*,#6556,.F.);
#10283=ORIENTED_EDGE('',*,*,#7703,.T.);
#10284=ORIENTED_EDGE('',*,*,#7704,.F.);
#10285=ORIENTED_EDGE('',*,*,#7703,.F.);
#10286=ORIENTED_EDGE('',*,*,#6555,.F.);
#10287=ORIENTED_EDGE('',*,*,#7705,.T.);
#10288=ORIENTED_EDGE('',*,*,#7706,.F.);
#10289=ORIENTED_EDGE('',*,*,#7705,.F.);
#10290=ORIENTED_EDGE('',*,*,#6558,.F.);
#10291=ORIENTED_EDGE('',*,*,#7700,.T.);
#10292=ORIENTED_EDGE('',*,*,#7707,.F.);
#10293=ORIENTED_EDGE('',*,*,#7708,.T.);
#10294=ORIENTED_EDGE('',*,*,#7098,.F.);
#10295=ORIENTED_EDGE('',*,*,#7708,.F.);
#10296=ORIENTED_EDGE('',*,*,#7709,.F.);
#10297=ORIENTED_EDGE('',*,*,#7710,.T.);
#10298=ORIENTED_EDGE('',*,*,#7097,.F.);
#10299=ORIENTED_EDGE('',*,*,#7710,.F.);
#10300=ORIENTED_EDGE('',*,*,#7711,.F.);
#10301=ORIENTED_EDGE('',*,*,#7712,.T.);
#10302=ORIENTED_EDGE('',*,*,#7096,.F.);
#10303=ORIENTED_EDGE('',*,*,#7712,.F.);
#10304=ORIENTED_EDGE('',*,*,#7713,.F.);
#10305=ORIENTED_EDGE('',*,*,#7714,.T.);
#10306=ORIENTED_EDGE('',*,*,#7095,.F.);
#10307=ORIENTED_EDGE('',*,*,#7714,.F.);
#10308=ORIENTED_EDGE('',*,*,#7715,.F.);
#10309=ORIENTED_EDGE('',*,*,#7716,.T.);
#10310=ORIENTED_EDGE('',*,*,#7088,.T.);
#10311=ORIENTED_EDGE('',*,*,#7717,.F.);
#10312=ORIENTED_EDGE('',*,*,#6673,.T.);
#10313=ORIENTED_EDGE('',*,*,#6675,.T.);
#10314=ORIENTED_EDGE('',*,*,#6677,.T.);
#10315=ORIENTED_EDGE('',*,*,#6679,.T.);
#10316=ORIENTED_EDGE('',*,*,#6681,.T.);
#10317=ORIENTED_EDGE('',*,*,#6683,.T.);
#10318=ORIENTED_EDGE('',*,*,#6660,.T.);
#10319=ORIENTED_EDGE('',*,*,#6663,.T.);
#10320=ORIENTED_EDGE('',*,*,#6665,.T.);
#10321=ORIENTED_EDGE('',*,*,#6667,.T.);
#10322=ORIENTED_EDGE('',*,*,#6669,.T.);
#10323=ORIENTED_EDGE('',*,*,#6671,.T.);
#10324=ORIENTED_EDGE('',*,*,#6703,.T.);
#10325=ORIENTED_EDGE('',*,*,#6705,.T.);
#10326=ORIENTED_EDGE('',*,*,#6707,.T.);
#10327=ORIENTED_EDGE('',*,*,#6709,.T.);
#10328=ORIENTED_EDGE('',*,*,#6711,.T.);
#10329=ORIENTED_EDGE('',*,*,#6713,.T.);
#10330=ORIENTED_EDGE('',*,*,#6715,.T.);
#10331=ORIENTED_EDGE('',*,*,#6717,.T.);
#10332=ORIENTED_EDGE('',*,*,#6719,.T.);
#10333=ORIENTED_EDGE('',*,*,#6721,.T.);
#10334=ORIENTED_EDGE('',*,*,#6684,.T.);
#10335=ORIENTED_EDGE('',*,*,#6687,.T.);
#10336=ORIENTED_EDGE('',*,*,#6689,.T.);
#10337=ORIENTED_EDGE('',*,*,#6691,.T.);
#10338=ORIENTED_EDGE('',*,*,#6693,.T.);
#10339=ORIENTED_EDGE('',*,*,#6695,.T.);
#10340=ORIENTED_EDGE('',*,*,#6697,.T.);
#10341=ORIENTED_EDGE('',*,*,#6699,.T.);
#10342=ORIENTED_EDGE('',*,*,#6701,.T.);
#10343=ORIENTED_EDGE('',*,*,#6739,.T.);
#10344=ORIENTED_EDGE('',*,*,#6741,.T.);
#10345=ORIENTED_EDGE('',*,*,#6743,.T.);
#10346=ORIENTED_EDGE('',*,*,#6745,.T.);
#10347=ORIENTED_EDGE('',*,*,#6747,.T.);
#10348=ORIENTED_EDGE('',*,*,#6749,.T.);
#10349=ORIENTED_EDGE('',*,*,#6751,.T.);
#10350=ORIENTED_EDGE('',*,*,#6753,.T.);
#10351=ORIENTED_EDGE('',*,*,#6755,.T.);
#10352=ORIENTED_EDGE('',*,*,#6722,.T.);
#10353=ORIENTED_EDGE('',*,*,#6725,.T.);
#10354=ORIENTED_EDGE('',*,*,#6727,.T.);
#10355=ORIENTED_EDGE('',*,*,#6729,.T.);
#10356=ORIENTED_EDGE('',*,*,#6731,.T.);
#10357=ORIENTED_EDGE('',*,*,#6733,.T.);
#10358=ORIENTED_EDGE('',*,*,#6735,.T.);
#10359=ORIENTED_EDGE('',*,*,#6737,.T.);
#10360=ORIENTED_EDGE('',*,*,#6767,.T.);
#10361=ORIENTED_EDGE('',*,*,#6769,.T.);
#10362=ORIENTED_EDGE('',*,*,#6771,.T.);
#10363=ORIENTED_EDGE('',*,*,#6773,.T.);
#10364=ORIENTED_EDGE('',*,*,#6775,.T.);
#10365=ORIENTED_EDGE('',*,*,#6756,.T.);
#10366=ORIENTED_EDGE('',*,*,#6759,.T.);
#10367=ORIENTED_EDGE('',*,*,#6761,.T.);
#10368=ORIENTED_EDGE('',*,*,#6763,.T.);
#10369=ORIENTED_EDGE('',*,*,#6765,.T.);
#10370=ORIENTED_EDGE('',*,*,#6795,.T.);
#10371=ORIENTED_EDGE('',*,*,#6797,.T.);
#10372=ORIENTED_EDGE('',*,*,#6799,.T.);
#10373=ORIENTED_EDGE('',*,*,#6801,.T.);
#10374=ORIENTED_EDGE('',*,*,#6803,.T.);
#10375=ORIENTED_EDGE('',*,*,#6805,.T.);
#10376=ORIENTED_EDGE('',*,*,#6807,.T.);
#10377=ORIENTED_EDGE('',*,*,#6809,.T.);
#10378=ORIENTED_EDGE('',*,*,#6811,.T.);
#10379=ORIENTED_EDGE('',*,*,#6813,.T.);
#10380=ORIENTED_EDGE('',*,*,#6776,.T.);
#10381=ORIENTED_EDGE('',*,*,#6779,.T.);
#10382=ORIENTED_EDGE('',*,*,#6781,.T.);
#10383=ORIENTED_EDGE('',*,*,#6783,.T.);
#10384=ORIENTED_EDGE('',*,*,#6785,.T.);
#10385=ORIENTED_EDGE('',*,*,#6787,.T.);
#10386=ORIENTED_EDGE('',*,*,#6789,.T.);
#10387=ORIENTED_EDGE('',*,*,#6791,.T.);
#10388=ORIENTED_EDGE('',*,*,#6793,.T.);
#10389=ORIENTED_EDGE('',*,*,#6823,.T.);
#10390=ORIENTED_EDGE('',*,*,#6825,.T.);
#10391=ORIENTED_EDGE('',*,*,#6827,.T.);
#10392=ORIENTED_EDGE('',*,*,#6829,.T.);
#10393=ORIENTED_EDGE('',*,*,#6814,.T.);
#10394=ORIENTED_EDGE('',*,*,#6817,.T.);
#10395=ORIENTED_EDGE('',*,*,#6819,.T.);
#10396=ORIENTED_EDGE('',*,*,#6821,.T.);
#10397=ORIENTED_EDGE('',*,*,#7704,.T.);
#10398=ORIENTED_EDGE('',*,*,#7706,.T.);
#10399=ORIENTED_EDGE('',*,*,#7699,.T.);
#10400=ORIENTED_EDGE('',*,*,#7702,.T.);
#10401=ORIENTED_EDGE('',*,*,#6649,.T.);
#10402=ORIENTED_EDGE('',*,*,#6651,.T.);
#10403=ORIENTED_EDGE('',*,*,#6644,.T.);
#10404=ORIENTED_EDGE('',*,*,#6647,.T.);
#10405=ORIENTED_EDGE('',*,*,#7718,.F.);
#10406=ORIENTED_EDGE('',*,*,#7092,.T.);
#10407=ORIENTED_EDGE('',*,*,#7089,.T.);
#10408=ORIENTED_EDGE('',*,*,#7716,.F.);
#10409=ORIENTED_EDGE('',*,*,#7102,.T.);
#10410=ORIENTED_EDGE('',*,*,#7106,.T.);
#10411=ORIENTED_EDGE('',*,*,#7110,.T.);
#10412=ORIENTED_EDGE('',*,*,#7114,.T.);
#10413=ORIENTED_EDGE('',*,*,#7118,.T.);
#10414=ORIENTED_EDGE('',*,*,#7122,.T.);
#10415=ORIENTED_EDGE('',*,*,#7126,.T.);
#10416=ORIENTED_EDGE('',*,*,#7130,.T.);
#10417=ORIENTED_EDGE('',*,*,#7134,.T.);
#10418=ORIENTED_EDGE('',*,*,#7138,.T.);
#10419=ORIENTED_EDGE('',*,*,#7142,.T.);
#10420=ORIENTED_EDGE('',*,*,#7146,.T.);
#10421=ORIENTED_EDGE('',*,*,#7150,.T.);
#10422=ORIENTED_EDGE('',*,*,#7154,.T.);
#10423=ORIENTED_EDGE('',*,*,#7158,.T.);
#10424=ORIENTED_EDGE('',*,*,#7162,.T.);
#10425=ORIENTED_EDGE('',*,*,#7166,.T.);
#10426=ORIENTED_EDGE('',*,*,#7170,.T.);
#10427=ORIENTED_EDGE('',*,*,#7174,.T.);
#10428=ORIENTED_EDGE('',*,*,#7178,.T.);
#10429=ORIENTED_EDGE('',*,*,#7182,.T.);
#10430=ORIENTED_EDGE('',*,*,#7186,.T.);
#10431=ORIENTED_EDGE('',*,*,#7190,.T.);
#10432=ORIENTED_EDGE('',*,*,#7194,.T.);
#10433=ORIENTED_EDGE('',*,*,#7198,.T.);
#10434=ORIENTED_EDGE('',*,*,#7202,.T.);
#10435=ORIENTED_EDGE('',*,*,#7206,.T.);
#10436=ORIENTED_EDGE('',*,*,#7210,.T.);
#10437=ORIENTED_EDGE('',*,*,#7214,.T.);
#10438=ORIENTED_EDGE('',*,*,#7218,.T.);
#10439=ORIENTED_EDGE('',*,*,#7222,.T.);
#10440=ORIENTED_EDGE('',*,*,#7226,.T.);
#10441=ORIENTED_EDGE('',*,*,#7230,.T.);
#10442=ORIENTED_EDGE('',*,*,#7234,.T.);
#10443=ORIENTED_EDGE('',*,*,#7238,.T.);
#10444=ORIENTED_EDGE('',*,*,#7242,.T.);
#10445=ORIENTED_EDGE('',*,*,#7246,.T.);
#10446=ORIENTED_EDGE('',*,*,#7250,.T.);
#10447=ORIENTED_EDGE('',*,*,#7254,.T.);
#10448=ORIENTED_EDGE('',*,*,#7258,.T.);
#10449=ORIENTED_EDGE('',*,*,#7262,.T.);
#10450=ORIENTED_EDGE('',*,*,#7266,.T.);
#10451=ORIENTED_EDGE('',*,*,#7270,.T.);
#10452=ORIENTED_EDGE('',*,*,#7274,.T.);
#10453=ORIENTED_EDGE('',*,*,#7278,.T.);
#10454=ORIENTED_EDGE('',*,*,#7282,.T.);
#10455=ORIENTED_EDGE('',*,*,#7286,.T.);
#10456=ORIENTED_EDGE('',*,*,#7290,.T.);
#10457=ORIENTED_EDGE('',*,*,#7294,.T.);
#10458=ORIENTED_EDGE('',*,*,#7298,.T.);
#10459=ORIENTED_EDGE('',*,*,#7302,.T.);
#10460=ORIENTED_EDGE('',*,*,#7306,.T.);
#10461=ORIENTED_EDGE('',*,*,#7310,.T.);
#10462=ORIENTED_EDGE('',*,*,#7314,.T.);
#10463=ORIENTED_EDGE('',*,*,#7318,.T.);
#10464=ORIENTED_EDGE('',*,*,#7322,.T.);
#10465=ORIENTED_EDGE('',*,*,#7326,.T.);
#10466=ORIENTED_EDGE('',*,*,#7330,.T.);
#10467=ORIENTED_EDGE('',*,*,#7334,.T.);
#10468=ORIENTED_EDGE('',*,*,#7338,.T.);
#10469=ORIENTED_EDGE('',*,*,#7342,.T.);
#10470=ORIENTED_EDGE('',*,*,#7346,.T.);
#10471=ORIENTED_EDGE('',*,*,#7350,.T.);
#10472=ORIENTED_EDGE('',*,*,#7354,.T.);
#10473=ORIENTED_EDGE('',*,*,#7358,.T.);
#10474=ORIENTED_EDGE('',*,*,#7362,.T.);
#10475=ORIENTED_EDGE('',*,*,#7366,.T.);
#10476=ORIENTED_EDGE('',*,*,#7370,.T.);
#10477=ORIENTED_EDGE('',*,*,#7374,.T.);
#10478=ORIENTED_EDGE('',*,*,#7378,.T.);
#10479=ORIENTED_EDGE('',*,*,#7382,.T.);
#10480=ORIENTED_EDGE('',*,*,#7386,.T.);
#10481=ORIENTED_EDGE('',*,*,#7390,.T.);
#10482=ORIENTED_EDGE('',*,*,#7394,.T.);
#10483=ORIENTED_EDGE('',*,*,#7398,.T.);
#10484=ORIENTED_EDGE('',*,*,#7402,.T.);
#10485=ORIENTED_EDGE('',*,*,#7406,.T.);
#10486=ORIENTED_EDGE('',*,*,#7410,.T.);
#10487=ORIENTED_EDGE('',*,*,#7414,.T.);
#10488=ORIENTED_EDGE('',*,*,#7418,.T.);
#10489=ORIENTED_EDGE('',*,*,#7422,.T.);
#10490=ORIENTED_EDGE('',*,*,#7426,.T.);
#10491=ORIENTED_EDGE('',*,*,#7430,.T.);
#10492=ORIENTED_EDGE('',*,*,#7434,.T.);
#10493=ORIENTED_EDGE('',*,*,#7438,.T.);
#10494=ORIENTED_EDGE('',*,*,#7442,.T.);
#10495=ORIENTED_EDGE('',*,*,#7446,.T.);
#10496=ORIENTED_EDGE('',*,*,#7450,.T.);
#10497=ORIENTED_EDGE('',*,*,#7454,.T.);
#10498=ORIENTED_EDGE('',*,*,#7458,.T.);
#10499=ORIENTED_EDGE('',*,*,#7462,.T.);
#10500=ORIENTED_EDGE('',*,*,#7466,.T.);
#10501=ORIENTED_EDGE('',*,*,#7470,.T.);
#10502=ORIENTED_EDGE('',*,*,#7474,.T.);
#10503=ORIENTED_EDGE('',*,*,#7478,.T.);
#10504=ORIENTED_EDGE('',*,*,#7482,.T.);
#10505=ORIENTED_EDGE('',*,*,#7486,.T.);
#10506=ORIENTED_EDGE('',*,*,#7490,.T.);
#10507=ORIENTED_EDGE('',*,*,#7494,.T.);
#10508=ORIENTED_EDGE('',*,*,#7498,.T.);
#10509=ORIENTED_EDGE('',*,*,#7502,.T.);
#10510=ORIENTED_EDGE('',*,*,#7506,.T.);
#10511=ORIENTED_EDGE('',*,*,#7510,.T.);
#10512=ORIENTED_EDGE('',*,*,#7514,.T.);
#10513=ORIENTED_EDGE('',*,*,#7518,.T.);
#10514=ORIENTED_EDGE('',*,*,#7522,.T.);
#10515=ORIENTED_EDGE('',*,*,#7526,.T.);
#10516=ORIENTED_EDGE('',*,*,#7530,.T.);
#10517=ORIENTED_EDGE('',*,*,#7534,.T.);
#10518=ORIENTED_EDGE('',*,*,#7538,.T.);
#10519=ORIENTED_EDGE('',*,*,#7542,.T.);
#10520=ORIENTED_EDGE('',*,*,#7546,.T.);
#10521=ORIENTED_EDGE('',*,*,#7550,.T.);
#10522=ORIENTED_EDGE('',*,*,#7554,.T.);
#10523=ORIENTED_EDGE('',*,*,#7558,.T.);
#10524=ORIENTED_EDGE('',*,*,#7562,.T.);
#10525=ORIENTED_EDGE('',*,*,#7566,.T.);
#10526=ORIENTED_EDGE('',*,*,#7570,.T.);
#10527=ORIENTED_EDGE('',*,*,#7574,.T.);
#10528=ORIENTED_EDGE('',*,*,#7578,.T.);
#10529=ORIENTED_EDGE('',*,*,#7582,.T.);
#10530=ORIENTED_EDGE('',*,*,#7586,.T.);
#10531=ORIENTED_EDGE('',*,*,#7590,.T.);
#10532=ORIENTED_EDGE('',*,*,#7594,.T.);
#10533=ORIENTED_EDGE('',*,*,#7598,.T.);
#10534=ORIENTED_EDGE('',*,*,#7602,.T.);
#10535=ORIENTED_EDGE('',*,*,#7606,.T.);
#10536=ORIENTED_EDGE('',*,*,#7610,.T.);
#10537=ORIENTED_EDGE('',*,*,#7614,.T.);
#10538=ORIENTED_EDGE('',*,*,#7618,.T.);
#10539=ORIENTED_EDGE('',*,*,#7622,.T.);
#10540=ORIENTED_EDGE('',*,*,#7626,.T.);
#10541=ORIENTED_EDGE('',*,*,#7630,.T.);
#10542=ORIENTED_EDGE('',*,*,#7634,.T.);
#10543=ORIENTED_EDGE('',*,*,#7638,.T.);
#10544=ORIENTED_EDGE('',*,*,#7642,.T.);
#10545=ORIENTED_EDGE('',*,*,#7646,.T.);
#10546=ORIENTED_EDGE('',*,*,#7650,.T.);
#10547=ORIENTED_EDGE('',*,*,#7654,.T.);
#10548=ORIENTED_EDGE('',*,*,#7658,.T.);
#10549=ORIENTED_EDGE('',*,*,#7662,.T.);
#10550=ORIENTED_EDGE('',*,*,#7666,.T.);
#10551=ORIENTED_EDGE('',*,*,#7670,.T.);
#10552=ORIENTED_EDGE('',*,*,#7674,.T.);
#10553=ORIENTED_EDGE('',*,*,#7678,.T.);
#10554=ORIENTED_EDGE('',*,*,#7682,.T.);
#10555=ORIENTED_EDGE('',*,*,#7686,.T.);
#10556=ORIENTED_EDGE('',*,*,#7690,.T.);
#10557=ORIENTED_EDGE('',*,*,#7694,.T.);
#10558=ORIENTED_EDGE('',*,*,#7698,.T.);
#10559=ORIENTED_EDGE('',*,*,#6198,.T.);
#10560=ORIENTED_EDGE('',*,*,#7719,.F.);
#10561=ORIENTED_EDGE('',*,*,#7717,.T.);
#10562=ORIENTED_EDGE('',*,*,#7087,.T.);
#10563=ORIENTED_EDGE('',*,*,#7094,.F.);
#10564=ORIENTED_EDGE('',*,*,#7099,.T.);
#10565=ORIENTED_EDGE('',*,*,#7103,.T.);
#10566=ORIENTED_EDGE('',*,*,#7107,.T.);
#10567=ORIENTED_EDGE('',*,*,#7111,.T.);
#10568=ORIENTED_EDGE('',*,*,#7115,.T.);
#10569=ORIENTED_EDGE('',*,*,#7119,.T.);
#10570=ORIENTED_EDGE('',*,*,#7123,.T.);
#10571=ORIENTED_EDGE('',*,*,#7127,.T.);
#10572=ORIENTED_EDGE('',*,*,#7131,.T.);
#10573=ORIENTED_EDGE('',*,*,#7135,.T.);
#10574=ORIENTED_EDGE('',*,*,#7139,.T.);
#10575=ORIENTED_EDGE('',*,*,#7143,.T.);
#10576=ORIENTED_EDGE('',*,*,#7147,.T.);
#10577=ORIENTED_EDGE('',*,*,#7151,.T.);
#10578=ORIENTED_EDGE('',*,*,#7155,.T.);
#10579=ORIENTED_EDGE('',*,*,#7159,.T.);
#10580=ORIENTED_EDGE('',*,*,#7163,.T.);
#10581=ORIENTED_EDGE('',*,*,#7167,.T.);
#10582=ORIENTED_EDGE('',*,*,#7171,.T.);
#10583=ORIENTED_EDGE('',*,*,#7175,.T.);
#10584=ORIENTED_EDGE('',*,*,#7179,.T.);
#10585=ORIENTED_EDGE('',*,*,#7183,.T.);
#10586=ORIENTED_EDGE('',*,*,#7187,.T.);
#10587=ORIENTED_EDGE('',*,*,#7191,.T.);
#10588=ORIENTED_EDGE('',*,*,#7195,.T.);
#10589=ORIENTED_EDGE('',*,*,#7199,.T.);
#10590=ORIENTED_EDGE('',*,*,#7203,.T.);
#10591=ORIENTED_EDGE('',*,*,#7207,.T.);
#10592=ORIENTED_EDGE('',*,*,#7211,.T.);
#10593=ORIENTED_EDGE('',*,*,#7215,.T.);
#10594=ORIENTED_EDGE('',*,*,#7219,.T.);
#10595=ORIENTED_EDGE('',*,*,#7223,.T.);
#10596=ORIENTED_EDGE('',*,*,#7227,.T.);
#10597=ORIENTED_EDGE('',*,*,#7231,.T.);
#10598=ORIENTED_EDGE('',*,*,#7235,.T.);
#10599=ORIENTED_EDGE('',*,*,#7239,.T.);
#10600=ORIENTED_EDGE('',*,*,#7243,.T.);
#10601=ORIENTED_EDGE('',*,*,#7247,.T.);
#10602=ORIENTED_EDGE('',*,*,#7251,.T.);
#10603=ORIENTED_EDGE('',*,*,#7255,.T.);
#10604=ORIENTED_EDGE('',*,*,#7259,.T.);
#10605=ORIENTED_EDGE('',*,*,#7263,.T.);
#10606=ORIENTED_EDGE('',*,*,#7267,.T.);
#10607=ORIENTED_EDGE('',*,*,#7271,.T.);
#10608=ORIENTED_EDGE('',*,*,#7275,.T.);
#10609=ORIENTED_EDGE('',*,*,#7279,.T.);
#10610=ORIENTED_EDGE('',*,*,#7283,.T.);
#10611=ORIENTED_EDGE('',*,*,#7287,.T.);
#10612=ORIENTED_EDGE('',*,*,#7291,.T.);
#10613=ORIENTED_EDGE('',*,*,#7295,.T.);
#10614=ORIENTED_EDGE('',*,*,#7299,.T.);
#10615=ORIENTED_EDGE('',*,*,#7303,.T.);
#10616=ORIENTED_EDGE('',*,*,#7307,.T.);
#10617=ORIENTED_EDGE('',*,*,#7311,.T.);
#10618=ORIENTED_EDGE('',*,*,#7315,.T.);
#10619=ORIENTED_EDGE('',*,*,#7319,.T.);
#10620=ORIENTED_EDGE('',*,*,#7323,.T.);
#10621=ORIENTED_EDGE('',*,*,#7327,.T.);
#10622=ORIENTED_EDGE('',*,*,#7331,.T.);
#10623=ORIENTED_EDGE('',*,*,#7335,.T.);
#10624=ORIENTED_EDGE('',*,*,#7339,.T.);
#10625=ORIENTED_EDGE('',*,*,#7343,.T.);
#10626=ORIENTED_EDGE('',*,*,#7347,.T.);
#10627=ORIENTED_EDGE('',*,*,#7351,.T.);
#10628=ORIENTED_EDGE('',*,*,#7355,.T.);
#10629=ORIENTED_EDGE('',*,*,#7359,.T.);
#10630=ORIENTED_EDGE('',*,*,#7363,.T.);
#10631=ORIENTED_EDGE('',*,*,#7367,.T.);
#10632=ORIENTED_EDGE('',*,*,#7371,.T.);
#10633=ORIENTED_EDGE('',*,*,#7375,.T.);
#10634=ORIENTED_EDGE('',*,*,#7379,.T.);
#10635=ORIENTED_EDGE('',*,*,#7383,.T.);
#10636=ORIENTED_EDGE('',*,*,#7387,.T.);
#10637=ORIENTED_EDGE('',*,*,#7391,.T.);
#10638=ORIENTED_EDGE('',*,*,#7395,.T.);
#10639=ORIENTED_EDGE('',*,*,#7399,.T.);
#10640=ORIENTED_EDGE('',*,*,#7403,.T.);
#10641=ORIENTED_EDGE('',*,*,#7407,.T.);
#10642=ORIENTED_EDGE('',*,*,#7411,.T.);
#10643=ORIENTED_EDGE('',*,*,#7415,.T.);
#10644=ORIENTED_EDGE('',*,*,#7419,.T.);
#10645=ORIENTED_EDGE('',*,*,#7423,.T.);
#10646=ORIENTED_EDGE('',*,*,#7427,.T.);
#10647=ORIENTED_EDGE('',*,*,#7431,.T.);
#10648=ORIENTED_EDGE('',*,*,#7435,.T.);
#10649=ORIENTED_EDGE('',*,*,#7439,.T.);
#10650=ORIENTED_EDGE('',*,*,#7443,.T.);
#10651=ORIENTED_EDGE('',*,*,#7447,.T.);
#10652=ORIENTED_EDGE('',*,*,#7451,.T.);
#10653=ORIENTED_EDGE('',*,*,#7455,.T.);
#10654=ORIENTED_EDGE('',*,*,#7459,.T.);
#10655=ORIENTED_EDGE('',*,*,#7463,.T.);
#10656=ORIENTED_EDGE('',*,*,#7467,.T.);
#10657=ORIENTED_EDGE('',*,*,#7471,.T.);
#10658=ORIENTED_EDGE('',*,*,#7475,.T.);
#10659=ORIENTED_EDGE('',*,*,#7479,.T.);
#10660=ORIENTED_EDGE('',*,*,#7483,.T.);
#10661=ORIENTED_EDGE('',*,*,#7487,.T.);
#10662=ORIENTED_EDGE('',*,*,#7491,.T.);
#10663=ORIENTED_EDGE('',*,*,#7495,.T.);
#10664=ORIENTED_EDGE('',*,*,#7499,.T.);
#10665=ORIENTED_EDGE('',*,*,#7503,.T.);
#10666=ORIENTED_EDGE('',*,*,#7507,.T.);
#10667=ORIENTED_EDGE('',*,*,#7511,.T.);
#10668=ORIENTED_EDGE('',*,*,#7515,.T.);
#10669=ORIENTED_EDGE('',*,*,#7519,.T.);
#10670=ORIENTED_EDGE('',*,*,#7523,.T.);
#10671=ORIENTED_EDGE('',*,*,#7527,.T.);
#10672=ORIENTED_EDGE('',*,*,#7531,.T.);
#10673=ORIENTED_EDGE('',*,*,#7535,.T.);
#10674=ORIENTED_EDGE('',*,*,#7539,.T.);
#10675=ORIENTED_EDGE('',*,*,#7543,.T.);
#10676=ORIENTED_EDGE('',*,*,#7547,.T.);
#10677=ORIENTED_EDGE('',*,*,#7551,.T.);
#10678=ORIENTED_EDGE('',*,*,#7555,.T.);
#10679=ORIENTED_EDGE('',*,*,#7559,.T.);
#10680=ORIENTED_EDGE('',*,*,#7563,.T.);
#10681=ORIENTED_EDGE('',*,*,#7567,.T.);
#10682=ORIENTED_EDGE('',*,*,#7571,.T.);
#10683=ORIENTED_EDGE('',*,*,#7575,.T.);
#10684=ORIENTED_EDGE('',*,*,#7579,.T.);
#10685=ORIENTED_EDGE('',*,*,#7583,.T.);
#10686=ORIENTED_EDGE('',*,*,#7587,.T.);
#10687=ORIENTED_EDGE('',*,*,#7591,.T.);
#10688=ORIENTED_EDGE('',*,*,#7595,.T.);
#10689=ORIENTED_EDGE('',*,*,#7599,.T.);
#10690=ORIENTED_EDGE('',*,*,#7603,.T.);
#10691=ORIENTED_EDGE('',*,*,#7607,.T.);
#10692=ORIENTED_EDGE('',*,*,#7611,.T.);
#10693=ORIENTED_EDGE('',*,*,#7615,.T.);
#10694=ORIENTED_EDGE('',*,*,#7619,.T.);
#10695=ORIENTED_EDGE('',*,*,#7623,.T.);
#10696=ORIENTED_EDGE('',*,*,#7627,.T.);
#10697=ORIENTED_EDGE('',*,*,#7631,.T.);
#10698=ORIENTED_EDGE('',*,*,#7635,.T.);
#10699=ORIENTED_EDGE('',*,*,#7639,.T.);
#10700=ORIENTED_EDGE('',*,*,#7643,.T.);
#10701=ORIENTED_EDGE('',*,*,#7647,.T.);
#10702=ORIENTED_EDGE('',*,*,#7651,.T.);
#10703=ORIENTED_EDGE('',*,*,#7655,.T.);
#10704=ORIENTED_EDGE('',*,*,#7659,.T.);
#10705=ORIENTED_EDGE('',*,*,#7663,.T.);
#10706=ORIENTED_EDGE('',*,*,#7667,.T.);
#10707=ORIENTED_EDGE('',*,*,#7671,.T.);
#10708=ORIENTED_EDGE('',*,*,#7675,.T.);
#10709=ORIENTED_EDGE('',*,*,#7679,.T.);
#10710=ORIENTED_EDGE('',*,*,#7683,.T.);
#10711=ORIENTED_EDGE('',*,*,#7687,.T.);
#10712=ORIENTED_EDGE('',*,*,#7691,.T.);
#10713=ORIENTED_EDGE('',*,*,#7695,.T.);
#10714=ORIENTED_EDGE('',*,*,#6203,.T.);
#10715=ORIENTED_EDGE('',*,*,#7719,.T.);
#10716=ORIENTED_EDGE('',*,*,#7093,.T.);
#10717=ORIENTED_EDGE('',*,*,#7718,.T.);
#10718=ORIENTED_EDGE('',*,*,#7715,.T.);
#10719=ORIENTED_EDGE('',*,*,#6657,.T.);
#10720=ORIENTED_EDGE('',*,*,#6659,.T.);
#10721=ORIENTED_EDGE('',*,*,#6652,.T.);
#10722=ORIENTED_EDGE('',*,*,#6655,.T.);
#10723=ORIENTED_EDGE('',*,*,#6239,.F.);
#10724=ORIENTED_EDGE('',*,*,#6246,.F.);
#10725=ORIENTED_EDGE('',*,*,#6213,.F.);
#10726=ORIENTED_EDGE('',*,*,#6228,.F.);
#10727=ORIENTED_EDGE('',*,*,#7713,.T.);
#10728=ORIENTED_EDGE('',*,*,#7711,.T.);
#10729=ORIENTED_EDGE('',*,*,#7709,.T.);
#10730=ORIENTED_EDGE('',*,*,#7707,.T.);
#10731=ORIENTED_EDGE('',*,*,#7066,.T.);
#10732=ORIENTED_EDGE('',*,*,#7081,.T.);
#10733=ORIENTED_EDGE('',*,*,#7078,.T.);
#10734=ORIENTED_EDGE('',*,*,#7075,.T.);
#10735=ORIENTED_EDGE('',*,*,#7061,.T.);
#10736=ORIENTED_EDGE('',*,*,#7073,.T.);
#10737=ORIENTED_EDGE('',*,*,#7052,.T.);
#10738=ORIENTED_EDGE('',*,*,#7049,.T.);
#10739=ORIENTED_EDGE('',*,*,#7046,.T.);
#10740=ORIENTED_EDGE('',*,*,#7072,.T.);
#10741=ORIENTED_EDGE('',*,*,#7069,.T.);
#10742=ORIENTED_EDGE('',*,*,#7011,.T.);
#10743=ORIENTED_EDGE('',*,*,#7043,.T.);
#10744=ORIENTED_EDGE('',*,*,#7040,.T.);
#10745=ORIENTED_EDGE('',*,*,#7037,.T.);
#10746=ORIENTED_EDGE('',*,*,#7034,.T.);
#10747=ORIENTED_EDGE('',*,*,#7031,.T.);
#10748=ORIENTED_EDGE('',*,*,#7028,.T.);
#10749=ORIENTED_EDGE('',*,*,#7025,.T.);
#10750=ORIENTED_EDGE('',*,*,#7006,.T.);
#10751=ORIENTED_EDGE('',*,*,#6970,.T.);
#10752=ORIENTED_EDGE('',*,*,#7023,.T.);
#10753=ORIENTED_EDGE('',*,*,#7020,.T.);
#10754=ORIENTED_EDGE('',*,*,#6977,.T.);
#10755=ORIENTED_EDGE('',*,*,#7018,.T.);
#10756=ORIENTED_EDGE('',*,*,#7016,.T.);
#10757=ORIENTED_EDGE('',*,*,#7014,.T.);
#10758=ORIENTED_EDGE('',*,*,#7012,.T.);
#10759=ORIENTED_EDGE('',*,*,#6994,.T.);
#10760=ORIENTED_EDGE('',*,*,#6991,.T.);
#10761=ORIENTED_EDGE('',*,*,#6988,.T.);
#10762=ORIENTED_EDGE('',*,*,#6985,.T.);
#10763=ORIENTED_EDGE('',*,*,#6982,.T.);
#10764=ORIENTED_EDGE('',*,*,#6954,.T.);
#10765=ORIENTED_EDGE('',*,*,#6967,.T.);
#10766=ORIENTED_EDGE('',*,*,#6941,.T.);
#10767=ORIENTED_EDGE('',*,*,#6938,.T.);
#10768=ORIENTED_EDGE('',*,*,#6966,.T.);
#10769=ORIENTED_EDGE('',*,*,#6963,.T.);
#10770=ORIENTED_EDGE('',*,*,#6960,.T.);
#10771=ORIENTED_EDGE('',*,*,#6957,.T.);
#10772=ORIENTED_EDGE('',*,*,#6951,.T.);
#10773=ORIENTED_EDGE('',*,*,#6885,.T.);
#10774=ORIENTED_EDGE('',*,*,#6935,.T.);
#10775=ORIENTED_EDGE('',*,*,#6931,.T.);
#10776=ORIENTED_EDGE('',*,*,#6882,.T.);
#10777=ORIENTED_EDGE('',*,*,#6929,.T.);
#10778=ORIENTED_EDGE('',*,*,#6927,.T.);
#10779=ORIENTED_EDGE('',*,*,#6862,.T.);
#10780=ORIENTED_EDGE('',*,*,#6859,.T.);
#10781=ORIENTED_EDGE('',*,*,#6856,.T.);
#10782=ORIENTED_EDGE('',*,*,#6853,.T.);
#10783=ORIENTED_EDGE('',*,*,#6850,.T.);
#10784=ORIENTED_EDGE('',*,*,#6847,.T.);
#10785=ORIENTED_EDGE('',*,*,#6844,.T.);
#10786=ORIENTED_EDGE('',*,*,#6841,.T.);
#10787=ORIENTED_EDGE('',*,*,#6838,.T.);
#10788=ORIENTED_EDGE('',*,*,#6835,.T.);
#10789=ORIENTED_EDGE('',*,*,#6832,.T.);
#10790=ORIENTED_EDGE('',*,*,#6926,.T.);
#10791=ORIENTED_EDGE('',*,*,#6923,.T.);
#10792=ORIENTED_EDGE('',*,*,#6920,.T.);
#10793=ORIENTED_EDGE('',*,*,#6917,.T.);
#10794=ORIENTED_EDGE('',*,*,#6914,.T.);
#10795=ORIENTED_EDGE('',*,*,#6911,.T.);
#10796=ORIENTED_EDGE('',*,*,#6908,.T.);
#10797=ORIENTED_EDGE('',*,*,#6905,.T.);
#10798=ORIENTED_EDGE('',*,*,#6902,.T.);
#10799=ORIENTED_EDGE('',*,*,#6899,.T.);
#10800=ORIENTED_EDGE('',*,*,#6896,.T.);
#10801=ORIENTED_EDGE('',*,*,#6893,.T.);
#10802=ORIENTED_EDGE('',*,*,#6890,.T.);
#10803=ORIENTED_EDGE('',*,*,#6869,.T.);
#10804=ORIENTED_EDGE('',*,*,#6888,.T.);
#10805=ORIENTED_EDGE('',*,*,#7720,.T.);
#10806=ORIENTED_EDGE('',*,*,#7721,.T.);
#10807=ORIENTED_EDGE('',*,*,#7722,.T.);
#10808=ORIENTED_EDGE('',*,*,#7723,.T.);
#10809=ORIENTED_EDGE('',*,*,#7724,.T.);
#10810=ORIENTED_EDGE('',*,*,#7725,.T.);
#10811=ORIENTED_EDGE('',*,*,#7724,.F.);
#10812=ORIENTED_EDGE('',*,*,#7726,.F.);
#10813=ORIENTED_EDGE('',*,*,#7722,.F.);
#10814=ORIENTED_EDGE('',*,*,#7727,.T.);
#10815=ORIENTED_EDGE('',*,*,#7723,.F.);
#10816=ORIENTED_EDGE('',*,*,#7728,.F.);
#10817=ORIENTED_EDGE('',*,*,#7720,.F.);
#10818=ORIENTED_EDGE('',*,*,#7726,.T.);
#10819=ORIENTED_EDGE('',*,*,#7725,.F.);
#10820=ORIENTED_EDGE('',*,*,#7727,.F.);
#10821=ORIENTED_EDGE('',*,*,#7721,.F.);
#10822=ORIENTED_EDGE('',*,*,#7728,.T.);
#10823=ORIENTED_EDGE('',*,*,#7729,.F.);
#10824=ORIENTED_EDGE('',*,*,#7730,.F.);
#10825=ORIENTED_EDGE('',*,*,#7731,.F.);
#10826=ORIENTED_EDGE('',*,*,#7732,.T.);
#10827=ORIENTED_EDGE('',*,*,#7733,.F.);
#10828=ORIENTED_EDGE('',*,*,#7732,.F.);
#10829=ORIENTED_EDGE('',*,*,#7734,.F.);
#10830=ORIENTED_EDGE('',*,*,#7735,.T.);
#10831=ORIENTED_EDGE('',*,*,#7736,.F.);
#10832=ORIENTED_EDGE('',*,*,#7735,.F.);
#10833=ORIENTED_EDGE('',*,*,#7737,.F.);
#10834=ORIENTED_EDGE('',*,*,#7730,.T.);
#10835=ORIENTED_EDGE('',*,*,#7733,.T.);
#10836=ORIENTED_EDGE('',*,*,#7736,.T.);
#10837=ORIENTED_EDGE('',*,*,#7729,.T.);
#10838=ORIENTED_EDGE('',*,*,#7734,.T.);
#10839=ORIENTED_EDGE('',*,*,#7731,.T.);
#10840=ORIENTED_EDGE('',*,*,#7737,.T.);
#10841=ORIENTED_EDGE('',*,*,#7738,.T.);
#10842=ORIENTED_EDGE('',*,*,#7739,.T.);
#10843=ORIENTED_EDGE('',*,*,#7740,.T.);
#10844=ORIENTED_EDGE('',*,*,#7741,.T.);
#10845=ORIENTED_EDGE('',*,*,#7742,.T.);
#10846=ORIENTED_EDGE('',*,*,#7743,.T.);
#10847=ORIENTED_EDGE('',*,*,#7744,.T.);
#10848=ORIENTED_EDGE('',*,*,#7745,.T.);
#10849=ORIENTED_EDGE('',*,*,#7746,.T.);
#10850=ORIENTED_EDGE('',*,*,#7747,.T.);
#10851=ORIENTED_EDGE('',*,*,#7745,.F.);
#10852=ORIENTED_EDGE('',*,*,#7748,.F.);
#10853=ORIENTED_EDGE('',*,*,#7741,.F.);
#10854=ORIENTED_EDGE('',*,*,#7749,.T.);
#10855=ORIENTED_EDGE('',*,*,#7744,.F.);
#10856=ORIENTED_EDGE('',*,*,#7750,.F.);
#10857=ORIENTED_EDGE('',*,*,#7742,.F.);
#10858=ORIENTED_EDGE('',*,*,#7748,.T.);
#10859=ORIENTED_EDGE('',*,*,#7743,.F.);
#10860=ORIENTED_EDGE('',*,*,#7751,.F.);
#10861=ORIENTED_EDGE('',*,*,#7738,.F.);
#10862=ORIENTED_EDGE('',*,*,#7750,.T.);
#10863=ORIENTED_EDGE('',*,*,#7747,.F.);
#10864=ORIENTED_EDGE('',*,*,#7752,.F.);
#10865=ORIENTED_EDGE('',*,*,#7739,.F.);
#10866=ORIENTED_EDGE('',*,*,#7751,.T.);
#10867=ORIENTED_EDGE('',*,*,#7746,.F.);
#10868=ORIENTED_EDGE('',*,*,#7749,.F.);
#10869=ORIENTED_EDGE('',*,*,#7740,.F.);
#10870=ORIENTED_EDGE('',*,*,#7752,.T.);
#10871=CONICAL_SURFACE('',#11419,2.5585,0.785398163397448);
#10872=CONICAL_SURFACE('',#11424,2.5585,0.785398163397448);
#10873=ADVANCED_FACE('',(#1380),#10871,.F.);
#10874=ADVANCED_FACE('',(#1381),#1063,.F.);
#10875=ADVANCED_FACE('',(#1382),#10872,.F.);
#10876=ADVANCED_FACE('',(#1383),#1064,.F.);
#10877=ADVANCED_FACE('',(#1384),#1057,.T.);
#10878=ADVANCED_FACE('',(#1385),#1058,.T.);
#10879=ADVANCED_FACE('',(#1386),#1065,.T.);
#10880=ADVANCED_FACE('',(#1387),#1066,.T.);
#10881=ADVANCED_FACE('',(#1388),#1059,.T.);
#10882=ADVANCED_FACE('',(#1389),#1060,.T.);
#10883=ADVANCED_FACE('',(#1390),#1067,.T.);
#10884=ADVANCED_FACE('',(#1391),#1068,.T.);
#10885=ADVANCED_FACE('',(#1392),#1061,.T.);
#10886=ADVANCED_FACE('',(#1393),#1069,.T.);
#10887=ADVANCED_FACE('',(#1394),#1070,.T.);
#10888=ADVANCED_FACE('',(#1395),#1062,.T.);
#10889=ADVANCED_FACE('',(#1396),#1071,.T.);
#10890=ADVANCED_FACE('',(#1397),#1072,.T.);
#10891=ADVANCED_FACE('',(#1398),#1073,.T.);
#10892=ADVANCED_FACE('',(#1399),#1074,.T.);
#10893=ADVANCED_FACE('',(#1400),#1075,.T.);
#10894=ADVANCED_FACE('',(#1401),#940,.T.);
#10895=ADVANCED_FACE('',(#1402,#306,#307,#308,#309,#310,#311,#312,#313,
#314,#315,#316,#317,#318,#319,#320,#321,#322,#323,#324,#325,#326,#327,#328,
#329,#330,#331,#332,#333,#334,#335,#336,#337,#338,#339,#340,#341,#342,#343,
#344,#345,#346,#347,#348,#349,#350,#351,#352,#353,#354,#355,#356,#357,#358,
#359,#360,#361,#362,#363,#364,#365,#366,#367,#368,#369,#370,#371,#372,#373,
#374,#375,#376,#377,#378,#379,#380,#381,#382,#383,#384,#385,#386,#387,#388,
#389,#390,#391,#392,#393,#394,#395,#396,#397,#398,#399,#400,#401,#402,#403,
#404,#405,#406,#407,#408,#409,#410,#411,#412,#413,#414,#415,#416,#417,#418,
#419,#420,#421,#422,#423,#424,#425,#426,#427,#428,#429,#430,#431,#432,#433,
#434,#435,#436,#437,#438,#439,#440,#441,#442,#443,#444,#445,#446,#447,#448,
#449,#450,#451,#452,#453,#454,#455,#456),#941,.T.);
#10896=ADVANCED_FACE('',(#1403,#457),#942,.F.);
#10897=ADVANCED_FACE('',(#1404,#458,#459,#460,#461,#462,#463,#464,#465,
#466,#467,#468,#469,#470,#471,#472,#473,#474,#475,#476,#477,#478,#479,#480,
#481,#482,#483,#484,#485,#486,#487,#488,#489,#490,#491,#492,#493,#494,#495,
#496,#497,#498,#499,#500,#501,#502,#503,#504,#505,#506,#507,#508,#509,#510,
#511,#512,#513,#514,#515,#516,#517,#518,#519,#520,#521,#522,#523,#524,#525,
#526,#527,#528,#529,#530,#531,#532,#533,#534,#535,#536,#537,#538,#539,#540,
#541,#542,#543,#544,#545,#546,#547,#548,#549,#550,#551,#552,#553,#554,#555,
#556,#557,#558,#559,#560,#561,#562,#563,#564,#565,#566,#567,#568,#569,#570,
#571,#572,#573,#574,#575,#576,#577,#578,#579,#580,#581,#582,#583,#584,#585,
#586,#587,#588,#589,#590,#591,#592,#593,#594,#595,#596,#597,#598,#599,#600,
#601,#602,#603,#604,#605,#606,#607,#608),#943,.T.);
#10898=ADVANCED_FACE('',(#1405,#609,#610,#611,#612,#613,#614,#615,#616),
#944,.T.);
#10899=ADVANCED_FACE('',(#1406),#945,.F.);
#10900=ADVANCED_FACE('',(#1407),#946,.F.);
#10901=ADVANCED_FACE('',(#1408),#947,.F.);
#10902=ADVANCED_FACE('',(#1409),#948,.F.);
#10903=ADVANCED_FACE('',(#1410),#949,.F.);
#10904=ADVANCED_FACE('',(#1411),#950,.F.);
#10905=ADVANCED_FACE('',(#1412),#951,.F.);
#10906=ADVANCED_FACE('',(#1413),#952,.F.);
#10907=ADVANCED_FACE('',(#1414),#21,.F.);
#10908=ADVANCED_FACE('',(#1415),#22,.F.);
#10909=ADVANCED_FACE('',(#1416),#23,.F.);
#10910=ADVANCED_FACE('',(#1417),#953,.F.);
#10911=ADVANCED_FACE('',(#1418),#954,.F.);
#10912=ADVANCED_FACE('',(#1419),#955,.F.);
#10913=ADVANCED_FACE('',(#1420),#956,.F.);
#10914=ADVANCED_FACE('',(#1421),#957,.F.);
#10915=ADVANCED_FACE('',(#1422),#24,.F.);
#10916=ADVANCED_FACE('',(#1423),#25,.F.);
#10917=ADVANCED_FACE('',(#1424),#26,.F.);
#10918=ADVANCED_FACE('',(#1425),#958,.F.);
#10919=ADVANCED_FACE('',(#1426),#27,.F.);
#10920=ADVANCED_FACE('',(#1427),#28,.F.);
#10921=ADVANCED_FACE('',(#1428),#29,.F.);
#10922=ADVANCED_FACE('',(#1429),#959,.F.);
#10923=ADVANCED_FACE('',(#1430),#960,.F.);
#10924=ADVANCED_FACE('',(#1431),#961,.F.);
#10925=ADVANCED_FACE('',(#1432),#962,.F.);
#10926=ADVANCED_FACE('',(#1433),#963,.F.);
#10927=ADVANCED_FACE('',(#1434),#964,.F.);
#10928=ADVANCED_FACE('',(#1435),#965,.F.);
#10929=ADVANCED_FACE('',(#1436),#966,.F.);
#10930=ADVANCED_FACE('',(#1437),#967,.F.);
#10931=ADVANCED_FACE('',(#1438),#968,.F.);
#10932=ADVANCED_FACE('',(#1439),#969,.F.);
#10933=ADVANCED_FACE('',(#1440),#30,.F.);
#10934=ADVANCED_FACE('',(#1441),#31,.F.);
#10935=ADVANCED_FACE('',(#1442),#32,.F.);
#10936=ADVANCED_FACE('',(#1443),#33,.F.);
#10937=ADVANCED_FACE('',(#1444),#970,.F.);
#10938=ADVANCED_FACE('',(#1445),#34,.F.);
#10939=ADVANCED_FACE('',(#1446),#971,.F.);
#10940=ADVANCED_FACE('',(#1447),#35,.F.);
#10941=ADVANCED_FACE('',(#1448),#36,.F.);
#10942=ADVANCED_FACE('',(#1449),#37,.F.);
#10943=ADVANCED_FACE('',(#1450),#38,.F.);
#10944=ADVANCED_FACE('',(#1451),#972,.F.);
#10945=ADVANCED_FACE('',(#1452),#973,.F.);
#10946=ADVANCED_FACE('',(#1453),#39,.F.);
#10947=ADVANCED_FACE('',(#1454),#40,.F.);
#10948=ADVANCED_FACE('',(#1455),#41,.F.);
#10949=ADVANCED_FACE('',(#1456),#42,.F.);
#10950=ADVANCED_FACE('',(#1457),#43,.F.);
#10951=ADVANCED_FACE('',(#1458),#44,.F.);
#10952=ADVANCED_FACE('',(#1459),#45,.F.);
#10953=ADVANCED_FACE('',(#1460),#46,.F.);
#10954=ADVANCED_FACE('',(#1461),#47,.F.);
#10955=ADVANCED_FACE('',(#1462),#974,.F.);
#10956=ADVANCED_FACE('',(#1463),#975,.F.);
#10957=ADVANCED_FACE('',(#1464),#976,.F.);
#10958=ADVANCED_FACE('',(#1465),#977,.F.);
#10959=ADVANCED_FACE('',(#1466),#978,.F.);
#10960=ADVANCED_FACE('',(#1467),#979,.F.);
#10961=ADVANCED_FACE('',(#1468),#980,.F.);
#10962=ADVANCED_FACE('',(#1469),#981,.F.);
#10963=ADVANCED_FACE('',(#1470),#982,.F.);
#10964=ADVANCED_FACE('',(#1471),#983,.F.);
#10965=ADVANCED_FACE('',(#1472),#48,.F.);
#10966=ADVANCED_FACE('',(#1473),#49,.F.);
#10967=ADVANCED_FACE('',(#1474),#50,.F.);
#10968=ADVANCED_FACE('',(#1475),#984,.F.);
#10969=ADVANCED_FACE('',(#1476),#985,.F.);
#10970=ADVANCED_FACE('',(#1477),#986,.F.);
#10971=ADVANCED_FACE('',(#1478),#987,.F.);
#10972=ADVANCED_FACE('',(#1479),#988,.F.);
#10973=ADVANCED_FACE('',(#1480),#989,.F.);
#10974=ADVANCED_FACE('',(#1481),#990,.F.);
#10975=ADVANCED_FACE('',(#1482),#991,.F.);
#10976=ADVANCED_FACE('',(#1483),#992,.F.);
#10977=ADVANCED_FACE('',(#1484),#993,.F.);
#10978=ADVANCED_FACE('',(#1485),#994,.F.);
#10979=ADVANCED_FACE('',(#1486),#51,.F.);
#10980=ADVANCED_FACE('',(#1487),#52,.F.);
#10981=ADVANCED_FACE('',(#1488),#53,.F.);
#10982=ADVANCED_FACE('',(#1489),#54,.F.);
#10983=ADVANCED_FACE('',(#1490),#995,.F.);
#10984=ADVANCED_FACE('',(#1491),#996,.F.);
#10985=ADVANCED_FACE('',(#1492),#997,.F.);
#10986=ADVANCED_FACE('',(#1493),#998,.F.);
#10987=ADVANCED_FACE('',(#1494),#999,.F.);
#10988=ADVANCED_FACE('',(#1495),#1000,.F.);
#10989=ADVANCED_FACE('',(#1496),#1001,.F.);
#10990=ADVANCED_FACE('',(#1497),#1002,.F.);
#10991=ADVANCED_FACE('',(#1498),#1003,.F.);
#10992=ADVANCED_FACE('',(#1499),#55,.F.);
#10993=ADVANCED_FACE('',(#1500),#56,.F.);
#10994=ADVANCED_FACE('',(#1501),#57,.F.);
#10995=ADVANCED_FACE('',(#1502),#58,.F.);
#10996=ADVANCED_FACE('',(#1503),#59,.F.);
#10997=ADVANCED_FACE('',(#1504),#60,.F.);
#10998=ADVANCED_FACE('',(#1505),#61,.F.);
#10999=ADVANCED_FACE('',(#1506),#62,.F.);
#11000=ADVANCED_FACE('',(#1507),#63,.F.);
#11001=ADVANCED_FACE('',(#1508),#64,.F.);
#11002=ADVANCED_FACE('',(#1509),#65,.F.);
#11003=ADVANCED_FACE('',(#1510),#66,.F.);
#11004=ADVANCED_FACE('',(#1511),#1004,.T.);
#11005=ADVANCED_FACE('',(#1512),#67,.F.);
#11006=ADVANCED_FACE('',(#1513),#68,.F.);
#11007=ADVANCED_FACE('',(#1514),#69,.F.);
#11008=ADVANCED_FACE('',(#1515),#70,.F.);
#11009=ADVANCED_FACE('',(#1516),#71,.F.);
#11010=ADVANCED_FACE('',(#1517),#72,.F.);
#11011=ADVANCED_FACE('',(#1518),#1005,.F.);
#11012=ADVANCED_FACE('',(#1519),#73,.F.);
#11013=ADVANCED_FACE('',(#1520),#74,.F.);
#11014=ADVANCED_FACE('',(#1521),#75,.F.);
#11015=ADVANCED_FACE('',(#1522),#76,.F.);
#11016=ADVANCED_FACE('',(#1523),#77,.F.);
#11017=ADVANCED_FACE('',(#1524),#78,.F.);
#11018=ADVANCED_FACE('',(#1525),#79,.F.);
#11019=ADVANCED_FACE('',(#1526),#1006,.F.);
#11020=ADVANCED_FACE('',(#1527),#80,.F.);
#11021=ADVANCED_FACE('',(#1528),#81,.F.);
#11022=ADVANCED_FACE('',(#1529),#82,.F.);
#11023=ADVANCED_FACE('',(#1530),#1007,.F.);
#11024=ADVANCED_FACE('',(#1531),#83,.F.);
#11025=ADVANCED_FACE('',(#1532),#1008,.F.);
#11026=ADVANCED_FACE('',(#1533),#1009,.F.);
#11027=ADVANCED_FACE('',(#1534),#1010,.T.);
#11028=ADVANCED_FACE('',(#1535),#84,.F.);
#11029=ADVANCED_FACE('',(#1536),#85,.F.);
#11030=ADVANCED_FACE('',(#1537),#1011,.F.);
#11031=ADVANCED_FACE('',(#1538),#86,.F.);
#11032=ADVANCED_FACE('',(#1539),#87,.F.);
#11033=ADVANCED_FACE('',(#1540),#1012,.F.);
#11034=ADVANCED_FACE('',(#1541),#1013,.F.);
#11035=ADVANCED_FACE('',(#1542),#88,.F.);
#11036=ADVANCED_FACE('',(#1543),#89,.F.);
#11037=ADVANCED_FACE('',(#1544),#90,.F.);
#11038=ADVANCED_FACE('',(#1545),#91,.F.);
#11039=ADVANCED_FACE('',(#1546),#92,.F.);
#11040=ADVANCED_FACE('',(#1547),#93,.F.);
#11041=ADVANCED_FACE('',(#1548),#94,.F.);
#11042=ADVANCED_FACE('',(#1549),#1014,.T.);
#11043=ADVANCED_FACE('',(#1550),#95,.F.);
#11044=ADVANCED_FACE('',(#1551),#1015,.F.);
#11045=ADVANCED_FACE('',(#1552),#96,.F.);
#11046=ADVANCED_FACE('',(#1553),#97,.F.);
#11047=ADVANCED_FACE('',(#1554),#98,.F.);
#11048=ADVANCED_FACE('',(#1555),#99,.F.);
#11049=ADVANCED_FACE('',(#1556),#1016,.F.);
#11050=ADVANCED_FACE('',(#1557),#100,.F.);
#11051=ADVANCED_FACE('',(#1558),#101,.F.);
#11052=ADVANCED_FACE('',(#1559),#102,.F.);
#11053=ADVANCED_FACE('',(#1560),#103,.F.);
#11054=ADVANCED_FACE('',(#1561),#104,.F.);
#11055=ADVANCED_FACE('',(#1562),#105,.F.);
#11056=ADVANCED_FACE('',(#1563),#1017,.F.);
#11057=ADVANCED_FACE('',(#1564),#1018,.F.);
#11058=ADVANCED_FACE('',(#1565),#1019,.F.);
#11059=ADVANCED_FACE('',(#1566),#1020,.F.);
#11060=ADVANCED_FACE('',(#1567),#1021,.F.);
#11061=ADVANCED_FACE('',(#1568),#1022,.F.);
#11062=ADVANCED_FACE('',(#1569),#1023,.F.);
#11063=ADVANCED_FACE('',(#1570),#1024,.F.);
#11064=ADVANCED_FACE('',(#1571),#1025,.F.);
#11065=ADVANCED_FACE('',(#1572),#1026,.F.);
#11066=ADVANCED_FACE('',(#1573),#1027,.F.);
#11067=ADVANCED_FACE('',(#1574),#1028,.F.);
#11068=ADVANCED_FACE('',(#1575),#1029,.F.);
#11069=ADVANCED_FACE('',(#1576),#1030,.F.);
#11070=ADVANCED_FACE('',(#1577),#1031,.F.);
#11071=ADVANCED_FACE('',(#1578,#617,#618,#619,#620),#1032,.F.);
#11072=ADVANCED_FACE('',(#1579),#1076,.F.);
#11073=ADVANCED_FACE('',(#1580),#1077,.F.);
#11074=ADVANCED_FACE('',(#1581),#1078,.F.);
#11075=ADVANCED_FACE('',(#1582),#1079,.F.);
#11076=ADVANCED_FACE('',(#1583),#1080,.F.);
#11077=ADVANCED_FACE('',(#1584),#1081,.F.);
#11078=ADVANCED_FACE('',(#1585),#1082,.F.);
#11079=ADVANCED_FACE('',(#1586),#1083,.F.);
#11080=ADVANCED_FACE('',(#1587),#1084,.F.);
#11081=ADVANCED_FACE('',(#1588),#1085,.F.);
#11082=ADVANCED_FACE('',(#1589),#1086,.F.);
#11083=ADVANCED_FACE('',(#1590),#1087,.F.);
#11084=ADVANCED_FACE('',(#1591),#1088,.F.);
#11085=ADVANCED_FACE('',(#1592),#1089,.F.);
#11086=ADVANCED_FACE('',(#1593),#1090,.F.);
#11087=ADVANCED_FACE('',(#1594),#1091,.F.);
#11088=ADVANCED_FACE('',(#1595),#1092,.F.);
#11089=ADVANCED_FACE('',(#1596),#1093,.F.);
#11090=ADVANCED_FACE('',(#1597),#1094,.F.);
#11091=ADVANCED_FACE('',(#1598),#1095,.F.);
#11092=ADVANCED_FACE('',(#1599),#1096,.F.);
#11093=ADVANCED_FACE('',(#1600),#1097,.F.);
#11094=ADVANCED_FACE('',(#1601),#1098,.F.);
#11095=ADVANCED_FACE('',(#1602),#1099,.F.);
#11096=ADVANCED_FACE('',(#1603),#1100,.F.);
#11097=ADVANCED_FACE('',(#1604),#1101,.F.);
#11098=ADVANCED_FACE('',(#1605),#1102,.F.);
#11099=ADVANCED_FACE('',(#1606),#1103,.F.);
#11100=ADVANCED_FACE('',(#1607),#1104,.F.);
#11101=ADVANCED_FACE('',(#1608),#1105,.F.);
#11102=ADVANCED_FACE('',(#1609),#1106,.F.);
#11103=ADVANCED_FACE('',(#1610),#1107,.F.);
#11104=ADVANCED_FACE('',(#1611),#1108,.F.);
#11105=ADVANCED_FACE('',(#1612),#1109,.F.);
#11106=ADVANCED_FACE('',(#1613),#1110,.F.);
#11107=ADVANCED_FACE('',(#1614),#1111,.F.);
#11108=ADVANCED_FACE('',(#1615),#1112,.F.);
#11109=ADVANCED_FACE('',(#1616),#1113,.F.);
#11110=ADVANCED_FACE('',(#1617),#1114,.F.);
#11111=ADVANCED_FACE('',(#1618),#1115,.F.);
#11112=ADVANCED_FACE('',(#1619),#1116,.F.);
#11113=ADVANCED_FACE('',(#1620),#1117,.F.);
#11114=ADVANCED_FACE('',(#1621),#1118,.F.);
#11115=ADVANCED_FACE('',(#1622),#1119,.F.);
#11116=ADVANCED_FACE('',(#1623),#1120,.F.);
#11117=ADVANCED_FACE('',(#1624),#1121,.F.);
#11118=ADVANCED_FACE('',(#1625),#1122,.F.);
#11119=ADVANCED_FACE('',(#1626),#1123,.F.);
#11120=ADVANCED_FACE('',(#1627),#1124,.F.);
#11121=ADVANCED_FACE('',(#1628),#1125,.F.);
#11122=ADVANCED_FACE('',(#1629),#1126,.F.);
#11123=ADVANCED_FACE('',(#1630),#1127,.F.);
#11124=ADVANCED_FACE('',(#1631),#1128,.F.);
#11125=ADVANCED_FACE('',(#1632),#1129,.F.);
#11126=ADVANCED_FACE('',(#1633),#1130,.F.);
#11127=ADVANCED_FACE('',(#1634),#1131,.F.);
#11128=ADVANCED_FACE('',(#1635),#1132,.F.);
#11129=ADVANCED_FACE('',(#1636),#1133,.F.);
#11130=ADVANCED_FACE('',(#1637),#1134,.F.);
#11131=ADVANCED_FACE('',(#1638),#1135,.F.);
#11132=ADVANCED_FACE('',(#1639),#1136,.F.);
#11133=ADVANCED_FACE('',(#1640),#1137,.F.);
#11134=ADVANCED_FACE('',(#1641),#1138,.F.);
#11135=ADVANCED_FACE('',(#1642),#1139,.F.);
#11136=ADVANCED_FACE('',(#1643),#1140,.F.);
#11137=ADVANCED_FACE('',(#1644),#1141,.F.);
#11138=ADVANCED_FACE('',(#1645),#1142,.F.);
#11139=ADVANCED_FACE('',(#1646),#1143,.F.);
#11140=ADVANCED_FACE('',(#1647),#1144,.F.);
#11141=ADVANCED_FACE('',(#1648),#1145,.F.);
#11142=ADVANCED_FACE('',(#1649),#1146,.F.);
#11143=ADVANCED_FACE('',(#1650),#1147,.F.);
#11144=ADVANCED_FACE('',(#1651),#1148,.F.);
#11145=ADVANCED_FACE('',(#1652),#1149,.F.);
#11146=ADVANCED_FACE('',(#1653),#1150,.F.);
#11147=ADVANCED_FACE('',(#1654),#1151,.F.);
#11148=ADVANCED_FACE('',(#1655),#1152,.F.);
#11149=ADVANCED_FACE('',(#1656),#1153,.F.);
#11150=ADVANCED_FACE('',(#1657),#1154,.F.);
#11151=ADVANCED_FACE('',(#1658),#1155,.F.);
#11152=ADVANCED_FACE('',(#1659),#1156,.F.);
#11153=ADVANCED_FACE('',(#1660),#1157,.F.);
#11154=ADVANCED_FACE('',(#1661),#1158,.F.);
#11155=ADVANCED_FACE('',(#1662),#1159,.F.);
#11156=ADVANCED_FACE('',(#1663),#1160,.F.);
#11157=ADVANCED_FACE('',(#1664),#1161,.F.);
#11158=ADVANCED_FACE('',(#1665),#1162,.F.);
#11159=ADVANCED_FACE('',(#1666),#1163,.F.);
#11160=ADVANCED_FACE('',(#1667),#1164,.F.);
#11161=ADVANCED_FACE('',(#1668),#1165,.F.);
#11162=ADVANCED_FACE('',(#1669),#1166,.F.);
#11163=ADVANCED_FACE('',(#1670),#1167,.F.);
#11164=ADVANCED_FACE('',(#1671),#1168,.F.);
#11165=ADVANCED_FACE('',(#1672),#1169,.F.);
#11166=ADVANCED_FACE('',(#1673),#1170,.F.);
#11167=ADVANCED_FACE('',(#1674),#1171,.F.);
#11168=ADVANCED_FACE('',(#1675),#1172,.F.);
#11169=ADVANCED_FACE('',(#1676),#1173,.F.);
#11170=ADVANCED_FACE('',(#1677),#1174,.F.);
#11171=ADVANCED_FACE('',(#1678),#1175,.F.);
#11172=ADVANCED_FACE('',(#1679),#1176,.F.);
#11173=ADVANCED_FACE('',(#1680),#1177,.F.);
#11174=ADVANCED_FACE('',(#1681),#1178,.F.);
#11175=ADVANCED_FACE('',(#1682),#1179,.F.);
#11176=ADVANCED_FACE('',(#1683),#1180,.F.);
#11177=ADVANCED_FACE('',(#1684),#1181,.F.);
#11178=ADVANCED_FACE('',(#1685),#1182,.F.);
#11179=ADVANCED_FACE('',(#1686),#1183,.F.);
#11180=ADVANCED_FACE('',(#1687),#1184,.F.);
#11181=ADVANCED_FACE('',(#1688),#1185,.F.);
#11182=ADVANCED_FACE('',(#1689),#1186,.F.);
#11183=ADVANCED_FACE('',(#1690),#1187,.F.);
#11184=ADVANCED_FACE('',(#1691),#1188,.F.);
#11185=ADVANCED_FACE('',(#1692),#1189,.F.);
#11186=ADVANCED_FACE('',(#1693),#1190,.F.);
#11187=ADVANCED_FACE('',(#1694),#1191,.F.);
#11188=ADVANCED_FACE('',(#1695),#1192,.F.);
#11189=ADVANCED_FACE('',(#1696),#1193,.F.);
#11190=ADVANCED_FACE('',(#1697),#1194,.F.);
#11191=ADVANCED_FACE('',(#1698),#1195,.F.);
#11192=ADVANCED_FACE('',(#1699),#1196,.F.);
#11193=ADVANCED_FACE('',(#1700),#1197,.F.);
#11194=ADVANCED_FACE('',(#1701),#1198,.F.);
#11195=ADVANCED_FACE('',(#1702),#1199,.F.);
#11196=ADVANCED_FACE('',(#1703),#1200,.F.);
#11197=ADVANCED_FACE('',(#1704),#1201,.F.);
#11198=ADVANCED_FACE('',(#1705),#1202,.F.);
#11199=ADVANCED_FACE('',(#1706),#1203,.F.);
#11200=ADVANCED_FACE('',(#1707),#1204,.F.);
#11201=ADVANCED_FACE('',(#1708),#1205,.F.);
#11202=ADVANCED_FACE('',(#1709),#1206,.F.);
#11203=ADVANCED_FACE('',(#1710),#1207,.F.);
#11204=ADVANCED_FACE('',(#1711),#1208,.F.);
#11205=ADVANCED_FACE('',(#1712),#1209,.F.);
#11206=ADVANCED_FACE('',(#1713),#1210,.F.);
#11207=ADVANCED_FACE('',(#1714),#1211,.F.);
#11208=ADVANCED_FACE('',(#1715),#1212,.F.);
#11209=ADVANCED_FACE('',(#1716),#1213,.F.);
#11210=ADVANCED_FACE('',(#1717),#1214,.F.);
#11211=ADVANCED_FACE('',(#1718),#1215,.F.);
#11212=ADVANCED_FACE('',(#1719),#1216,.F.);
#11213=ADVANCED_FACE('',(#1720),#1217,.F.);
#11214=ADVANCED_FACE('',(#1721),#1218,.F.);
#11215=ADVANCED_FACE('',(#1722),#1219,.F.);
#11216=ADVANCED_FACE('',(#1723),#1220,.F.);
#11217=ADVANCED_FACE('',(#1724),#1221,.F.);
#11218=ADVANCED_FACE('',(#1725),#1222,.F.);
#11219=ADVANCED_FACE('',(#1726),#1223,.F.);
#11220=ADVANCED_FACE('',(#1727),#1224,.F.);
#11221=ADVANCED_FACE('',(#1728),#1225,.F.);
#11222=ADVANCED_FACE('',(#1729),#1226,.F.);
#11223=ADVANCED_FACE('',(#1730),#1227,.F.);
#11224=ADVANCED_FACE('',(#1731),#1228,.F.);
#11225=ADVANCED_FACE('',(#1732),#1229,.F.);
#11226=ADVANCED_FACE('',(#1733),#1230,.F.);
#11227=ADVANCED_FACE('',(#1734),#1231,.F.);
#11228=ADVANCED_FACE('',(#1735),#1232,.F.);
#11229=ADVANCED_FACE('',(#1736),#1233,.F.);
#11230=ADVANCED_FACE('',(#1737),#1234,.F.);
#11231=ADVANCED_FACE('',(#1738),#1235,.F.);
#11232=ADVANCED_FACE('',(#1739),#1236,.F.);
#11233=ADVANCED_FACE('',(#1740),#1237,.F.);
#11234=ADVANCED_FACE('',(#1741),#1238,.F.);
#11235=ADVANCED_FACE('',(#1742),#1239,.F.);
#11236=ADVANCED_FACE('',(#1743),#1240,.F.);
#11237=ADVANCED_FACE('',(#1744),#1241,.F.);
#11238=ADVANCED_FACE('',(#1745),#1242,.F.);
#11239=ADVANCED_FACE('',(#1746),#1243,.F.);
#11240=ADVANCED_FACE('',(#1747),#1244,.F.);
#11241=ADVANCED_FACE('',(#1748),#1245,.F.);
#11242=ADVANCED_FACE('',(#1749),#1246,.F.);
#11243=ADVANCED_FACE('',(#1750),#1247,.F.);
#11244=ADVANCED_FACE('',(#1751),#1248,.F.);
#11245=ADVANCED_FACE('',(#1752),#1249,.F.);
#11246=ADVANCED_FACE('',(#1753),#1250,.F.);
#11247=ADVANCED_FACE('',(#1754),#1251,.F.);
#11248=ADVANCED_FACE('',(#1755),#1252,.F.);
#11249=ADVANCED_FACE('',(#1756),#1253,.F.);
#11250=ADVANCED_FACE('',(#1757),#1254,.F.);
#11251=ADVANCED_FACE('',(#1758),#1255,.F.);
#11252=ADVANCED_FACE('',(#1759),#1256,.F.);
#11253=ADVANCED_FACE('',(#1760),#1257,.F.);
#11254=ADVANCED_FACE('',(#1761),#1258,.F.);
#11255=ADVANCED_FACE('',(#1762),#1259,.F.);
#11256=ADVANCED_FACE('',(#1763),#1260,.F.);
#11257=ADVANCED_FACE('',(#1764),#1261,.F.);
#11258=ADVANCED_FACE('',(#1765),#1262,.F.);
#11259=ADVANCED_FACE('',(#1766),#1263,.F.);
#11260=ADVANCED_FACE('',(#1767),#1264,.F.);
#11261=ADVANCED_FACE('',(#1768),#1265,.F.);
#11262=ADVANCED_FACE('',(#1769),#1266,.F.);
#11263=ADVANCED_FACE('',(#1770),#1267,.F.);
#11264=ADVANCED_FACE('',(#1771),#1268,.F.);
#11265=ADVANCED_FACE('',(#1772),#1269,.F.);
#11266=ADVANCED_FACE('',(#1773),#1270,.F.);
#11267=ADVANCED_FACE('',(#1774),#1271,.F.);
#11268=ADVANCED_FACE('',(#1775),#1272,.F.);
#11269=ADVANCED_FACE('',(#1776),#1273,.F.);
#11270=ADVANCED_FACE('',(#1777),#1274,.F.);
#11271=ADVANCED_FACE('',(#1778),#1275,.F.);
#11272=ADVANCED_FACE('',(#1779),#1276,.F.);
#11273=ADVANCED_FACE('',(#1780),#1277,.F.);
#11274=ADVANCED_FACE('',(#1781),#1278,.F.);
#11275=ADVANCED_FACE('',(#1782),#1279,.F.);
#11276=ADVANCED_FACE('',(#1783),#1280,.F.);
#11277=ADVANCED_FACE('',(#1784),#1281,.F.);
#11278=ADVANCED_FACE('',(#1785),#1282,.F.);
#11279=ADVANCED_FACE('',(#1786),#1283,.F.);
#11280=ADVANCED_FACE('',(#1787),#1284,.F.);
#11281=ADVANCED_FACE('',(#1788),#1285,.F.);
#11282=ADVANCED_FACE('',(#1789),#1286,.F.);
#11283=ADVANCED_FACE('',(#1790),#1287,.F.);
#11284=ADVANCED_FACE('',(#1791),#1288,.F.);
#11285=ADVANCED_FACE('',(#1792),#1289,.F.);
#11286=ADVANCED_FACE('',(#1793),#1290,.F.);
#11287=ADVANCED_FACE('',(#1794),#1291,.F.);
#11288=ADVANCED_FACE('',(#1795),#1292,.F.);
#11289=ADVANCED_FACE('',(#1796),#1293,.F.);
#11290=ADVANCED_FACE('',(#1797),#1294,.F.);
#11291=ADVANCED_FACE('',(#1798),#1295,.F.);
#11292=ADVANCED_FACE('',(#1799),#1296,.F.);
#11293=ADVANCED_FACE('',(#1800),#1297,.F.);
#11294=ADVANCED_FACE('',(#1801),#1298,.F.);
#11295=ADVANCED_FACE('',(#1802),#1299,.F.);
#11296=ADVANCED_FACE('',(#1803),#1300,.F.);
#11297=ADVANCED_FACE('',(#1804),#1301,.F.);
#11298=ADVANCED_FACE('',(#1805),#1302,.F.);
#11299=ADVANCED_FACE('',(#1806),#1303,.F.);
#11300=ADVANCED_FACE('',(#1807),#1304,.F.);
#11301=ADVANCED_FACE('',(#1808),#1305,.F.);
#11302=ADVANCED_FACE('',(#1809),#1306,.F.);
#11303=ADVANCED_FACE('',(#1810),#1307,.F.);
#11304=ADVANCED_FACE('',(#1811),#1308,.F.);
#11305=ADVANCED_FACE('',(#1812),#1309,.F.);
#11306=ADVANCED_FACE('',(#1813),#1310,.F.);
#11307=ADVANCED_FACE('',(#1814),#1311,.F.);
#11308=ADVANCED_FACE('',(#1815),#1312,.F.);
#11309=ADVANCED_FACE('',(#1816),#1313,.F.);
#11310=ADVANCED_FACE('',(#1817),#1314,.F.);
#11311=ADVANCED_FACE('',(#1818),#1315,.F.);
#11312=ADVANCED_FACE('',(#1819),#1316,.F.);
#11313=ADVANCED_FACE('',(#1820),#1317,.F.);
#11314=ADVANCED_FACE('',(#1821),#1318,.F.);
#11315=ADVANCED_FACE('',(#1822),#1319,.F.);
#11316=ADVANCED_FACE('',(#1823),#1320,.F.);
#11317=ADVANCED_FACE('',(#1824),#1321,.F.);
#11318=ADVANCED_FACE('',(#1825),#1322,.F.);
#11319=ADVANCED_FACE('',(#1826),#1323,.F.);
#11320=ADVANCED_FACE('',(#1827),#1324,.F.);
#11321=ADVANCED_FACE('',(#1828),#1325,.F.);
#11322=ADVANCED_FACE('',(#1829),#1326,.F.);
#11323=ADVANCED_FACE('',(#1830),#1327,.F.);
#11324=ADVANCED_FACE('',(#1831),#1328,.F.);
#11325=ADVANCED_FACE('',(#1832),#1329,.F.);
#11326=ADVANCED_FACE('',(#1833),#1330,.F.);
#11327=ADVANCED_FACE('',(#1834),#1331,.F.);
#11328=ADVANCED_FACE('',(#1835),#1332,.F.);
#11329=ADVANCED_FACE('',(#1836),#1333,.F.);
#11330=ADVANCED_FACE('',(#1837),#1334,.F.);
#11331=ADVANCED_FACE('',(#1838),#1335,.F.);
#11332=ADVANCED_FACE('',(#1839),#1336,.F.);
#11333=ADVANCED_FACE('',(#1840),#1337,.F.);
#11334=ADVANCED_FACE('',(#1841),#1338,.F.);
#11335=ADVANCED_FACE('',(#1842),#1339,.F.);
#11336=ADVANCED_FACE('',(#1843),#1340,.F.);
#11337=ADVANCED_FACE('',(#1844),#1341,.F.);
#11338=ADVANCED_FACE('',(#1845),#1342,.F.);
#11339=ADVANCED_FACE('',(#1846),#1343,.F.);
#11340=ADVANCED_FACE('',(#1847),#1344,.F.);
#11341=ADVANCED_FACE('',(#1848),#1345,.F.);
#11342=ADVANCED_FACE('',(#1849),#1346,.F.);
#11343=ADVANCED_FACE('',(#1850),#1347,.F.);
#11344=ADVANCED_FACE('',(#1851),#1348,.F.);
#11345=ADVANCED_FACE('',(#1852),#1349,.F.);
#11346=ADVANCED_FACE('',(#1853),#1350,.F.);
#11347=ADVANCED_FACE('',(#1854),#1351,.F.);
#11348=ADVANCED_FACE('',(#1855),#1352,.F.);
#11349=ADVANCED_FACE('',(#1856),#1353,.F.);
#11350=ADVANCED_FACE('',(#1857),#1354,.F.);
#11351=ADVANCED_FACE('',(#1858),#1355,.F.);
#11352=ADVANCED_FACE('',(#1859),#1356,.F.);
#11353=ADVANCED_FACE('',(#1860),#1357,.F.);
#11354=ADVANCED_FACE('',(#1861),#1358,.F.);
#11355=ADVANCED_FACE('',(#1862),#1359,.F.);
#11356=ADVANCED_FACE('',(#1863),#1360,.F.);
#11357=ADVANCED_FACE('',(#1864),#1361,.F.);
#11358=ADVANCED_FACE('',(#1865),#1362,.F.);
#11359=ADVANCED_FACE('',(#1866),#1363,.F.);
#11360=ADVANCED_FACE('',(#1867),#1364,.F.);
#11361=ADVANCED_FACE('',(#1868),#1365,.F.);
#11362=ADVANCED_FACE('',(#1869),#1366,.F.);
#11363=ADVANCED_FACE('',(#1870),#1367,.F.);
#11364=ADVANCED_FACE('',(#1871),#1368,.F.);
#11365=ADVANCED_FACE('',(#1872),#1369,.F.);
#11366=ADVANCED_FACE('',(#1873),#1370,.F.);
#11367=ADVANCED_FACE('',(#1874),#1371,.F.);
#11368=ADVANCED_FACE('',(#1875),#1372,.F.);
#11369=ADVANCED_FACE('',(#1876),#1373,.F.);
#11370=ADVANCED_FACE('',(#1877),#1374,.F.);
#11371=ADVANCED_FACE('',(#1878),#1375,.F.);
#11372=ADVANCED_FACE('',(#1879),#1033,.F.);
#11373=ADVANCED_FACE('',(#1880),#1034,.F.);
#11374=ADVANCED_FACE('',(#1881),#1035,.F.);
#11375=ADVANCED_FACE('',(#1882),#1036,.F.);
#11376=ADVANCED_FACE('',(#1883),#1376,.F.);
#11377=ADVANCED_FACE('',(#1884),#1377,.F.);
#11378=ADVANCED_FACE('',(#1885),#1378,.F.);
#11379=ADVANCED_FACE('',(#1886),#1379,.F.);
#11380=ADVANCED_FACE('',(#1887,#621,#622,#623,#624,#625,#626,#627,#628),
#1037,.F.);
#11381=ADVANCED_FACE('',(#1888,#629,#630,#631,#632,#633,#634,#635,#636,
#637,#638,#639,#640,#641,#642,#643,#644,#645,#646,#647,#648,#649,#650,#651,
#652,#653,#654,#655,#656,#657,#658,#659,#660,#661,#662,#663,#664,#665,#666,
#667,#668,#669,#670,#671,#672,#673,#674,#675,#676,#677,#678,#679,#680,#681,
#682,#683,#684,#685,#686,#687,#688,#689,#690,#691,#692,#693,#694,#695,#696,
#697,#698,#699,#700,#701,#702,#703,#704,#705,#706,#707,#708,#709,#710,#711,
#712,#713,#714,#715,#716,#717,#718,#719,#720,#721,#722,#723,#724,#725,#726,
#727,#728,#729,#730,#731,#732,#733,#734,#735,#736,#737,#738,#739,#740,#741,
#742,#743,#744,#745,#746,#747,#748,#749,#750,#751,#752,#753,#754,#755,#756,
#757,#758,#759,#760,#761,#762,#763,#764,#765,#766,#767,#768,#769,#770,#771,
#772,#773,#774,#775,#776,#777,#778,#779),#1038,.F.);
#11382=ADVANCED_FACE('',(#1889,#780,#781,#782,#783,#784,#785,#786,#787,
#788,#789,#790,#791,#792,#793,#794,#795,#796,#797,#798,#799,#800,#801,#802,
#803,#804,#805,#806,#807,#808,#809,#810,#811,#812,#813,#814,#815,#816,#817,
#818,#819,#820,#821,#822,#823,#824,#825,#826,#827,#828,#829,#830,#831,#832,
#833,#834,#835,#836,#837,#838,#839,#840,#841,#842,#843,#844,#845,#846,#847,
#848,#849,#850,#851,#852,#853,#854,#855,#856,#857,#858,#859,#860,#861,#862,
#863,#864,#865,#866,#867,#868,#869,#870,#871,#872,#873,#874,#875,#876,#877,
#878,#879,#880,#881,#882,#883,#884,#885,#886,#887,#888,#889,#890,#891,#892,
#893,#894,#895,#896,#897,#898,#899,#900,#901,#902,#903,#904,#905,#906,#907,
#908,#909,#910,#911,#912,#913,#914,#915,#916,#917,#918,#919,#920,#921,#922,
#923,#924,#925,#926,#927,#928,#929,#930),#1039,.F.);
#11383=ADVANCED_FACE('',(#1890,#931),#1040,.T.);
#11384=ADVANCED_FACE('',(#1891,#932,#933,#934,#935,#936,#937,#938,#939),
#1041,.T.);
#11385=ADVANCED_FACE('',(#1892),#1042,.T.);
#11386=ADVANCED_FACE('',(#1893),#1043,.F.);
#11387=ADVANCED_FACE('',(#1894),#1044,.F.);
#11388=ADVANCED_FACE('',(#1895),#1045,.F.);
#11389=ADVANCED_FACE('',(#1896),#1046,.F.);
#11390=ADVANCED_FACE('',(#1897),#1047,.F.);
#11391=ADVANCED_FACE('',(#1898),#1048,.F.);
#11392=ADVANCED_FACE('',(#1899),#1049,.F.);
#11393=ADVANCED_FACE('',(#1900),#1050,.F.);
#11394=ADVANCED_FACE('',(#1901),#1051,.T.);
#11395=ADVANCED_FACE('',(#1902),#1052,.T.);
#11396=ADVANCED_FACE('',(#1903),#1053,.F.);
#11397=ADVANCED_FACE('',(#1904),#106,.F.);
#11398=ADVANCED_FACE('',(#1905),#107,.F.);
#11399=ADVANCED_FACE('',(#1906),#108,.F.);
#11400=ADVANCED_FACE('',(#1907),#1054,.F.);
#11401=ADVANCED_FACE('',(#1908),#109,.F.);
#11402=CLOSED_SHELL('',(#10873,#10874,#10875,#10876,#10877,#10878,#10879,
#10880,#10881,#10882,#10883,#10884,#10885,#10886,#10887,#10888,#10889,#10890,
#10891,#10892,#10893,#10894,#10895,#10896,#10897,#10898,#10899,#10900,#10901,
#10902,#10903,#10904,#10905,#10906,#10907,#10908,#10909,#10910,#10911,#10912,
#10913,#10914,#10915,#10916,#10917,#10918,#10919,#10920,#10921,#10922,#10923,
#10924,#10925,#10926,#10927,#10928,#10929,#10930,#10931,#10932,#10933,#10934,
#10935,#10936,#10937,#10938,#10939,#10940,#10941,#10942,#10943,#10944,#10945,
#10946,#10947,#10948,#10949,#10950,#10951,#10952,#10953,#10954,#10955,#10956,
#10957,#10958,#10959,#10960,#10961,#10962,#10963,#10964,#10965,#10966,#10967,
#10968,#10969,#10970,#10971,#10972,#10973,#10974,#10975,#10976,#10977,#10978,
#10979,#10980,#10981,#10982,#10983,#10984,#10985,#10986,#10987,#10988,#10989,
#10990,#10991,#10992,#10993,#10994,#10995,#10996,#10997,#10998,#10999,#11000,
#11001,#11002,#11003,#11004,#11005,#11006,#11007,#11008,#11009,#11010,#11011,
#11012,#11013,#11014,#11015,#11016,#11017,#11018,#11019,#11020,#11021,#11022,
#11023,#11024,#11025,#11026,#11027,#11028,#11029,#11030,#11031,#11032,#11033,
#11034,#11035,#11036,#11037,#11038,#11039,#11040,#11041,#11042,#11043,#11044,
#11045,#11046,#11047,#11048,#11049,#11050,#11051,#11052,#11053,#11054,#11055,
#11056,#11057,#11058,#11059,#11060,#11061,#11062,#11063,#11064,#11065,#11066,
#11067,#11068,#11069,#11070,#11071,#11072,#11073,#11074,#11075,#11076,#11077,
#11078,#11079,#11080,#11081,#11082,#11083,#11084,#11085,#11086,#11087,#11088,
#11089,#11090,#11091,#11092,#11093,#11094,#11095,#11096,#11097,#11098,#11099,
#11100,#11101,#11102,#11103,#11104,#11105,#11106,#11107,#11108,#11109,#11110,
#11111,#11112,#11113,#11114,#11115,#11116,#11117,#11118,#11119,#11120,#11121,
#11122,#11123,#11124,#11125,#11126,#11127,#11128,#11129,#11130,#11131,#11132,
#11133,#11134,#11135,#11136,#11137,#11138,#11139,#11140,#11141,#11142,#11143,
#11144,#11145,#11146,#11147,#11148,#11149,#11150,#11151,#11152,#11153,#11154,
#11155,#11156,#11157,#11158,#11159,#11160,#11161,#11162,#11163,#11164,#11165,
#11166,#11167,#11168,#11169,#11170,#11171,#11172,#11173,#11174,#11175,#11176,
#11177,#11178,#11179,#11180,#11181,#11182,#11183,#11184,#11185,#11186,#11187,
#11188,#11189,#11190,#11191,#11192,#11193,#11194,#11195,#11196,#11197,#11198,
#11199,#11200,#11201,#11202,#11203,#11204,#11205,#11206,#11207,#11208,#11209,
#11210,#11211,#11212,#11213,#11214,#11215,#11216,#11217,#11218,#11219,#11220,
#11221,#11222,#11223,#11224,#11225,#11226,#11227,#11228,#11229,#11230,#11231,
#11232,#11233,#11234,#11235,#11236,#11237,#11238,#11239,#11240,#11241,#11242,
#11243,#11244,#11245,#11246,#11247,#11248,#11249,#11250,#11251,#11252,#11253,
#11254,#11255,#11256,#11257,#11258,#11259,#11260,#11261,#11262,#11263,#11264,
#11265,#11266,#11267,#11268,#11269,#11270,#11271,#11272,#11273,#11274,#11275,
#11276,#11277,#11278,#11279,#11280,#11281,#11282,#11283,#11284,#11285,#11286,
#11287,#11288,#11289,#11290,#11291,#11292,#11293,#11294,#11295,#11296,#11297,
#11298,#11299,#11300,#11301,#11302,#11303,#11304,#11305,#11306,#11307,#11308,
#11309,#11310,#11311,#11312,#11313,#11314,#11315,#11316,#11317,#11318,#11319,
#11320,#11321,#11322,#11323,#11324,#11325,#11326,#11327,#11328,#11329,#11330,
#11331,#11332,#11333,#11334,#11335,#11336,#11337,#11338,#11339,#11340,#11341,
#11342,#11343,#11344,#11345,#11346,#11347,#11348,#11349,#11350,#11351,#11352,
#11353,#11354,#11355,#11356,#11357,#11358,#11359,#11360,#11361,#11362,#11363,
#11364,#11365,#11366,#11367,#11368,#11369,#11370,#11371,#11372,#11373,#11374,
#11375,#11376,#11377,#11378,#11379,#11380,#11381,#11382,#11383,#11384));
#11403=CLOSED_SHELL('',(#11385,#11386,#11387,#11388,#11389));
#11404=CLOSED_SHELL('',(#11390,#11391,#11392,#11393,#11394));
#11405=CLOSED_SHELL('',(#11395,#11396,#11397,#11398,#11399,#11400,#11401));
#11406=DERIVED_UNIT_ELEMENT(#11408,1.);
#11407=DERIVED_UNIT_ELEMENT(#20212,-3.);
#11408=(
MASS_UNIT()
NAMED_UNIT(*)
SI_UNIT(.KILO.,.GRAM.)
);
#11409=DERIVED_UNIT((#11406,#11407));
#11410=MEASURE_REPRESENTATION_ITEM('density measure',
POSITIVE_RATIO_MEASURE(7850.),#11409);
#11411=PROPERTY_DEFINITION_REPRESENTATION(#11416,#11413);
#11412=PROPERTY_DEFINITION_REPRESENTATION(#11417,#11414);
#11413=REPRESENTATION('material name',(#11415),#20209);
#11414=REPRESENTATION('density',(#11410),#20209);
#11415=DESCRIPTIVE_REPRESENTATION_ITEM('Acier','Acier');
#11416=PROPERTY_DEFINITION('material property','material name',#20219);
#11417=PROPERTY_DEFINITION('material property','density of part',#20219);
#11418=AXIS2_PLACEMENT_3D('',#15372,#12493,#12494);
#11419=AXIS2_PLACEMENT_3D('',#15373,#12495,#12496);
#11420=AXIS2_PLACEMENT_3D('',#15375,#12497,#12498);
#11421=AXIS2_PLACEMENT_3D('',#15378,#12500,#12501);
#11422=AXIS2_PLACEMENT_3D('',#15379,#12502,#12503);
#11423=AXIS2_PLACEMENT_3D('',#15382,#12505,#12506);
#11424=AXIS2_PLACEMENT_3D('',#15383,#12507,#12508);
#11425=AXIS2_PLACEMENT_3D('',#15385,#12509,#12510);
#11426=AXIS2_PLACEMENT_3D('',#15388,#12512,#12513);
#11427=AXIS2_PLACEMENT_3D('',#15389,#12514,#12515);
#11428=AXIS2_PLACEMENT_3D('',#15392,#12517,#12518);
#11429=AXIS2_PLACEMENT_3D('',#15393,#12519,#12520);
#11430=AXIS2_PLACEMENT_3D('',#15396,#12521,#12522);
#11431=AXIS2_PLACEMENT_3D('',#15398,#12523,#12524);
#11432=AXIS2_PLACEMENT_3D('',#15399,#12525,#12526);
#11433=AXIS2_PLACEMENT_3D('',#15400,#12527,#12528);
#11434=AXIS2_PLACEMENT_3D('',#15403,#12529,#12530);
#11435=AXIS2_PLACEMENT_3D('',#15405,#12531,#12532);
#11436=AXIS2_PLACEMENT_3D('',#15406,#12533,#12534);
#11437=AXIS2_PLACEMENT_3D('',#15407,#12535,#12536);
#11438=AXIS2_PLACEMENT_3D('',#15410,#12539,#12540);
#11439=AXIS2_PLACEMENT_3D('',#15415,#12543,#12544);
#11440=AXIS2_PLACEMENT_3D('',#15416,#12545,#12546);
#11441=AXIS2_PLACEMENT_3D('',#15419,#12547,#12548);
#11442=AXIS2_PLACEMENT_3D('',#15421,#12549,#12550);
#11443=AXIS2_PLACEMENT_3D('',#15422,#12551,#12552);
#11444=AXIS2_PLACEMENT_3D('',#15423,#12553,#12554);
#11445=AXIS2_PLACEMENT_3D('',#15426,#12555,#12556);
#11446=AXIS2_PLACEMENT_3D('',#15428,#12557,#12558);
#11447=AXIS2_PLACEMENT_3D('',#15429,#12559,#12560);
#11448=AXIS2_PLACEMENT_3D('',#15430,#12561,#12562);
#11449=AXIS2_PLACEMENT_3D('',#15433,#12565,#12566);
#11450=AXIS2_PLACEMENT_3D('',#15436,#12569,#12570);
#11451=AXIS2_PLACEMENT_3D('',#15439,#12571,#12572);
#11452=AXIS2_PLACEMENT_3D('',#15441,#12573,#12574);
#11453=AXIS2_PLACEMENT_3D('',#15442,#12575,#12576);
#11454=AXIS2_PLACEMENT_3D('',#15443,#12577,#12578);
#11455=AXIS2_PLACEMENT_3D('',#15446,#12581,#12582);
#11456=AXIS2_PLACEMENT_3D('',#15449,#12585,#12586);
#11457=AXIS2_PLACEMENT_3D('',#15452,#12587,#12588);
#11458=AXIS2_PLACEMENT_3D('',#15454,#12589,#12590);
#11459=AXIS2_PLACEMENT_3D('',#15455,#12591,#12592);
#11460=AXIS2_PLACEMENT_3D('',#15456,#12593,#12594);
#11461=AXIS2_PLACEMENT_3D('',#15459,#12597,#12598);
#11462=AXIS2_PLACEMENT_3D('',#15462,#12601,#12602);
#11463=AXIS2_PLACEMENT_3D('',#15467,#12605,#12606);
#11464=AXIS2_PLACEMENT_3D('',#15468,#12607,#12608);
#11465=AXIS2_PLACEMENT_3D('',#15471,#12611,#12612);
#11466=AXIS2_PLACEMENT_3D('',#15474,#12615,#12616);
#11467=AXIS2_PLACEMENT_3D('',#15476,#12618,#12619);
#11468=AXIS2_PLACEMENT_3D('',#15478,#12620,#12621);
#11469=AXIS2_PLACEMENT_3D('',#15480,#12622,#12623);
#11470=AXIS2_PLACEMENT_3D('',#15482,#12624,#12625);
#11471=AXIS2_PLACEMENT_3D('',#15484,#12626,#12627);
#11472=AXIS2_PLACEMENT_3D('',#15486,#12628,#12629);
#11473=AXIS2_PLACEMENT_3D('',#15488,#12630,#12631);
#11474=AXIS2_PLACEMENT_3D('',#15490,#12632,#12633);
#11475=AXIS2_PLACEMENT_3D('',#15492,#12634,#12635);
#11476=AXIS2_PLACEMENT_3D('',#15494,#12636,#12637);
#11477=AXIS2_PLACEMENT_3D('',#15496,#12638,#12639);
#11478=AXIS2_PLACEMENT_3D('',#15498,#12640,#12641);
#11479=AXIS2_PLACEMENT_3D('',#15500,#12642,#12643);
#11480=AXIS2_PLACEMENT_3D('',#15502,#12644,#12645);
#11481=AXIS2_PLACEMENT_3D('',#15504,#12646,#12647);
#11482=AXIS2_PLACEMENT_3D('',#15506,#12648,#12649);
#11483=AXIS2_PLACEMENT_3D('',#15508,#12650,#12651);
#11484=AXIS2_PLACEMENT_3D('',#15510,#12652,#12653);
#11485=AXIS2_PLACEMENT_3D('',#15512,#12654,#12655);
#11486=AXIS2_PLACEMENT_3D('',#15514,#12656,#12657);
#11487=AXIS2_PLACEMENT_3D('',#15516,#12658,#12659);
#11488=AXIS2_PLACEMENT_3D('',#15518,#12660,#12661);
#11489=AXIS2_PLACEMENT_3D('',#15520,#12662,#12663);
#11490=AXIS2_PLACEMENT_3D('',#15522,#12664,#12665);
#11491=AXIS2_PLACEMENT_3D('',#15524,#12666,#12667);
#11492=AXIS2_PLACEMENT_3D('',#15526,#12668,#12669);
#11493=AXIS2_PLACEMENT_3D('',#15528,#12670,#12671);
#11494=AXIS2_PLACEMENT_3D('',#15530,#12672,#12673);
#11495=AXIS2_PLACEMENT_3D('',#15532,#12674,#12675);
#11496=AXIS2_PLACEMENT_3D('',#15534,#12676,#12677);
#11497=AXIS2_PLACEMENT_3D('',#15536,#12678,#12679);
#11498=AXIS2_PLACEMENT_3D('',#15538,#12680,#12681);
#11499=AXIS2_PLACEMENT_3D('',#15540,#12682,#12683);
#11500=AXIS2_PLACEMENT_3D('',#15542,#12684,#12685);
#11501=AXIS2_PLACEMENT_3D('',#15544,#12686,#12687);
#11502=AXIS2_PLACEMENT_3D('',#15546,#12688,#12689);
#11503=AXIS2_PLACEMENT_3D('',#15548,#12690,#12691);
#11504=AXIS2_PLACEMENT_3D('',#15550,#12692,#12693);
#11505=AXIS2_PLACEMENT_3D('',#15552,#12694,#12695);
#11506=AXIS2_PLACEMENT_3D('',#15554,#12696,#12697);
#11507=AXIS2_PLACEMENT_3D('',#15556,#12698,#12699);
#11508=AXIS2_PLACEMENT_3D('',#15558,#12700,#12701);
#11509=AXIS2_PLACEMENT_3D('',#15560,#12702,#12703);
#11510=AXIS2_PLACEMENT_3D('',#15562,#12704,#12705);
#11511=AXIS2_PLACEMENT_3D('',#15564,#12706,#12707);
#11512=AXIS2_PLACEMENT_3D('',#15566,#12708,#12709);
#11513=AXIS2_PLACEMENT_3D('',#15568,#12710,#12711);
#11514=AXIS2_PLACEMENT_3D('',#15570,#12712,#12713);
#11515=AXIS2_PLACEMENT_3D('',#15572,#12714,#12715);
#11516=AXIS2_PLACEMENT_3D('',#15574,#12716,#12717);
#11517=AXIS2_PLACEMENT_3D('',#15576,#12718,#12719);
#11518=AXIS2_PLACEMENT_3D('',#15578,#12720,#12721);
#11519=AXIS2_PLACEMENT_3D('',#15580,#12722,#12723);
#11520=AXIS2_PLACEMENT_3D('',#15582,#12724,#12725);
#11521=AXIS2_PLACEMENT_3D('',#15584,#12726,#12727);
#11522=AXIS2_PLACEMENT_3D('',#15586,#12728,#12729);
#11523=AXIS2_PLACEMENT_3D('',#15588,#12730,#12731);
#11524=AXIS2_PLACEMENT_3D('',#15590,#12732,#12733);
#11525=AXIS2_PLACEMENT_3D('',#15592,#12734,#12735);
#11526=AXIS2_PLACEMENT_3D('',#15594,#12736,#12737);
#11527=AXIS2_PLACEMENT_3D('',#15596,#12738,#12739);
#11528=AXIS2_PLACEMENT_3D('',#15598,#12740,#12741);
#11529=AXIS2_PLACEMENT_3D('',#15600,#12742,#12743);
#11530=AXIS2_PLACEMENT_3D('',#15602,#12744,#12745);
#11531=AXIS2_PLACEMENT_3D('',#15604,#12746,#12747);
#11532=AXIS2_PLACEMENT_3D('',#15606,#12748,#12749);
#11533=AXIS2_PLACEMENT_3D('',#15608,#12750,#12751);
#11534=AXIS2_PLACEMENT_3D('',#15610,#12752,#12753);
#11535=AXIS2_PLACEMENT_3D('',#15612,#12754,#12755);
#11536=AXIS2_PLACEMENT_3D('',#15614,#12756,#12757);
#11537=AXIS2_PLACEMENT_3D('',#15616,#12758,#12759);
#11538=AXIS2_PLACEMENT_3D('',#15618,#12760,#12761);
#11539=AXIS2_PLACEMENT_3D('',#15620,#12762,#12763);
#11540=AXIS2_PLACEMENT_3D('',#15622,#12764,#12765);
#11541=AXIS2_PLACEMENT_3D('',#15624,#12766,#12767);
#11542=AXIS2_PLACEMENT_3D('',#15626,#12768,#12769);
#11543=AXIS2_PLACEMENT_3D('',#15628,#12770,#12771);
#11544=AXIS2_PLACEMENT_3D('',#15630,#12772,#12773);
#11545=AXIS2_PLACEMENT_3D('',#15632,#12774,#12775);
#11546=AXIS2_PLACEMENT_3D('',#15634,#12776,#12777);
#11547=AXIS2_PLACEMENT_3D('',#15636,#12778,#12779);
#11548=AXIS2_PLACEMENT_3D('',#15638,#12780,#12781);
#11549=AXIS2_PLACEMENT_3D('',#15640,#12782,#12783);
#11550=AXIS2_PLACEMENT_3D('',#15642,#12784,#12785);
#11551=AXIS2_PLACEMENT_3D('',#15644,#12786,#12787);
#11552=AXIS2_PLACEMENT_3D('',#15646,#12788,#12789);
#11553=AXIS2_PLACEMENT_3D('',#15648,#12790,#12791);
#11554=AXIS2_PLACEMENT_3D('',#15650,#12792,#12793);
#11555=AXIS2_PLACEMENT_3D('',#15652,#12794,#12795);
#11556=AXIS2_PLACEMENT_3D('',#15654,#12796,#12797);
#11557=AXIS2_PLACEMENT_3D('',#15656,#12798,#12799);
#11558=AXIS2_PLACEMENT_3D('',#15658,#12800,#12801);
#11559=AXIS2_PLACEMENT_3D('',#15660,#12802,#12803);
#11560=AXIS2_PLACEMENT_3D('',#15662,#12804,#12805);
#11561=AXIS2_PLACEMENT_3D('',#15664,#12806,#12807);
#11562=AXIS2_PLACEMENT_3D('',#15666,#12808,#12809);
#11563=AXIS2_PLACEMENT_3D('',#15668,#12810,#12811);
#11564=AXIS2_PLACEMENT_3D('',#15670,#12812,#12813);
#11565=AXIS2_PLACEMENT_3D('',#15672,#12814,#12815);
#11566=AXIS2_PLACEMENT_3D('',#15674,#12816,#12817);
#11567=AXIS2_PLACEMENT_3D('',#15676,#12818,#12819);
#11568=AXIS2_PLACEMENT_3D('',#15678,#12820,#12821);
#11569=AXIS2_PLACEMENT_3D('',#15680,#12822,#12823);
#11570=AXIS2_PLACEMENT_3D('',#15682,#12824,#12825);
#11571=AXIS2_PLACEMENT_3D('',#15684,#12826,#12827);
#11572=AXIS2_PLACEMENT_3D('',#15686,#12828,#12829);
#11573=AXIS2_PLACEMENT_3D('',#15688,#12830,#12831);
#11574=AXIS2_PLACEMENT_3D('',#15690,#12832,#12833);
#11575=AXIS2_PLACEMENT_3D('',#15692,#12834,#12835);
#11576=AXIS2_PLACEMENT_3D('',#15694,#12836,#12837);
#11577=AXIS2_PLACEMENT_3D('',#15696,#12838,#12839);
#11578=AXIS2_PLACEMENT_3D('',#15698,#12840,#12841);
#11579=AXIS2_PLACEMENT_3D('',#15700,#12842,#12843);
#11580=AXIS2_PLACEMENT_3D('',#15702,#12844,#12845);
#11581=AXIS2_PLACEMENT_3D('',#15704,#12846,#12847);
#11582=AXIS2_PLACEMENT_3D('',#15706,#12848,#12849);
#11583=AXIS2_PLACEMENT_3D('',#15708,#12850,#12851);
#11584=AXIS2_PLACEMENT_3D('',#15710,#12852,#12853);
#11585=AXIS2_PLACEMENT_3D('',#15712,#12854,#12855);
#11586=AXIS2_PLACEMENT_3D('',#15714,#12856,#12857);
#11587=AXIS2_PLACEMENT_3D('',#15716,#12858,#12859);
#11588=AXIS2_PLACEMENT_3D('',#15718,#12860,#12861);
#11589=AXIS2_PLACEMENT_3D('',#15720,#12862,#12863);
#11590=AXIS2_PLACEMENT_3D('',#15722,#12864,#12865);
#11591=AXIS2_PLACEMENT_3D('',#15724,#12866,#12867);
#11592=AXIS2_PLACEMENT_3D('',#15726,#12868,#12869);
#11593=AXIS2_PLACEMENT_3D('',#15728,#12870,#12871);
#11594=AXIS2_PLACEMENT_3D('',#15730,#12872,#12873);
#11595=AXIS2_PLACEMENT_3D('',#15732,#12874,#12875);
#11596=AXIS2_PLACEMENT_3D('',#15734,#12876,#12877);
#11597=AXIS2_PLACEMENT_3D('',#15736,#12878,#12879);
#11598=AXIS2_PLACEMENT_3D('',#15738,#12880,#12881);
#11599=AXIS2_PLACEMENT_3D('',#15740,#12882,#12883);
#11600=AXIS2_PLACEMENT_3D('',#15742,#12884,#12885);
#11601=AXIS2_PLACEMENT_3D('',#15744,#12886,#12887);
#11602=AXIS2_PLACEMENT_3D('',#15746,#12888,#12889);
#11603=AXIS2_PLACEMENT_3D('',#15748,#12890,#12891);
#11604=AXIS2_PLACEMENT_3D('',#15750,#12892,#12893);
#11605=AXIS2_PLACEMENT_3D('',#15752,#12894,#12895);
#11606=AXIS2_PLACEMENT_3D('',#15754,#12896,#12897);
#11607=AXIS2_PLACEMENT_3D('',#15756,#12898,#12899);
#11608=AXIS2_PLACEMENT_3D('',#15758,#12900,#12901);
#11609=AXIS2_PLACEMENT_3D('',#15760,#12902,#12903);
#11610=AXIS2_PLACEMENT_3D('',#15762,#12904,#12905);
#11611=AXIS2_PLACEMENT_3D('',#15764,#12906,#12907);
#11612=AXIS2_PLACEMENT_3D('',#15766,#12908,#12909);
#11613=AXIS2_PLACEMENT_3D('',#15768,#12910,#12911);
#11614=AXIS2_PLACEMENT_3D('',#15770,#12912,#12913);
#11615=AXIS2_PLACEMENT_3D('',#15772,#12914,#12915);
#11616=AXIS2_PLACEMENT_3D('',#15774,#12916,#12917);
#11617=AXIS2_PLACEMENT_3D('',#15776,#12918,#12919);
#11618=AXIS2_PLACEMENT_3D('',#15777,#12920,#12921);
#11619=AXIS2_PLACEMENT_3D('',#15786,#12926,#12927);
#11620=AXIS2_PLACEMENT_3D('',#15788,#12928,#12929);
#11621=AXIS2_PLACEMENT_3D('',#15790,#12930,#12931);
#11622=AXIS2_PLACEMENT_3D('',#15792,#12932,#12933);
#11623=AXIS2_PLACEMENT_3D('',#15794,#12934,#12935);
#11624=AXIS2_PLACEMENT_3D('',#15796,#12936,#12937);
#11625=AXIS2_PLACEMENT_3D('',#15798,#12938,#12939);
#11626=AXIS2_PLACEMENT_3D('',#15800,#12940,#12941);
#11627=AXIS2_PLACEMENT_3D('',#15802,#12942,#12943);
#11628=AXIS2_PLACEMENT_3D('',#15804,#12944,#12945);
#11629=AXIS2_PLACEMENT_3D('',#15806,#12946,#12947);
#11630=AXIS2_PLACEMENT_3D('',#15808,#12948,#12949);
#11631=AXIS2_PLACEMENT_3D('',#15810,#12950,#12951);
#11632=AXIS2_PLACEMENT_3D('',#15812,#12952,#12953);
#11633=AXIS2_PLACEMENT_3D('',#15814,#12954,#12955);
#11634=AXIS2_PLACEMENT_3D('',#15816,#12956,#12957);
#11635=AXIS2_PLACEMENT_3D('',#15818,#12958,#12959);
#11636=AXIS2_PLACEMENT_3D('',#15820,#12960,#12961);
#11637=AXIS2_PLACEMENT_3D('',#15822,#12962,#12963);
#11638=AXIS2_PLACEMENT_3D('',#15824,#12964,#12965);
#11639=AXIS2_PLACEMENT_3D('',#15826,#12966,#12967);
#11640=AXIS2_PLACEMENT_3D('',#15828,#12968,#12969);
#11641=AXIS2_PLACEMENT_3D('',#15830,#12970,#12971);
#11642=AXIS2_PLACEMENT_3D('',#15832,#12972,#12973);
#11643=AXIS2_PLACEMENT_3D('',#15834,#12974,#12975);
#11644=AXIS2_PLACEMENT_3D('',#15836,#12976,#12977);
#11645=AXIS2_PLACEMENT_3D('',#15838,#12978,#12979);
#11646=AXIS2_PLACEMENT_3D('',#15840,#12980,#12981);
#11647=AXIS2_PLACEMENT_3D('',#15842,#12982,#12983);
#11648=AXIS2_PLACEMENT_3D('',#15844,#12984,#12985);
#11649=AXIS2_PLACEMENT_3D('',#15846,#12986,#12987);
#11650=AXIS2_PLACEMENT_3D('',#15848,#12988,#12989);
#11651=AXIS2_PLACEMENT_3D('',#15850,#12990,#12991);
#11652=AXIS2_PLACEMENT_3D('',#15852,#12992,#12993);
#11653=AXIS2_PLACEMENT_3D('',#15854,#12994,#12995);
#11654=AXIS2_PLACEMENT_3D('',#15856,#12996,#12997);
#11655=AXIS2_PLACEMENT_3D('',#15858,#12998,#12999);
#11656=AXIS2_PLACEMENT_3D('',#15860,#13000,#13001);
#11657=AXIS2_PLACEMENT_3D('',#15862,#13002,#13003);
#11658=AXIS2_PLACEMENT_3D('',#15864,#13004,#13005);
#11659=AXIS2_PLACEMENT_3D('',#15866,#13006,#13007);
#11660=AXIS2_PLACEMENT_3D('',#15868,#13008,#13009);
#11661=AXIS2_PLACEMENT_3D('',#15870,#13010,#13011);
#11662=AXIS2_PLACEMENT_3D('',#15872,#13012,#13013);
#11663=AXIS2_PLACEMENT_3D('',#15874,#13014,#13015);
#11664=AXIS2_PLACEMENT_3D('',#15876,#13016,#13017);
#11665=AXIS2_PLACEMENT_3D('',#15878,#13018,#13019);
#11666=AXIS2_PLACEMENT_3D('',#15880,#13020,#13021);
#11667=AXIS2_PLACEMENT_3D('',#15882,#13022,#13023);
#11668=AXIS2_PLACEMENT_3D('',#15884,#13024,#13025);
#11669=AXIS2_PLACEMENT_3D('',#15886,#13026,#13027);
#11670=AXIS2_PLACEMENT_3D('',#15888,#13028,#13029);
#11671=AXIS2_PLACEMENT_3D('',#15890,#13030,#13031);
#11672=AXIS2_PLACEMENT_3D('',#15892,#13032,#13033);
#11673=AXIS2_PLACEMENT_3D('',#15894,#13034,#13035);
#11674=AXIS2_PLACEMENT_3D('',#15896,#13036,#13037);
#11675=AXIS2_PLACEMENT_3D('',#15898,#13038,#13039);
#11676=AXIS2_PLACEMENT_3D('',#15900,#13040,#13041);
#11677=AXIS2_PLACEMENT_3D('',#15902,#13042,#13043);
#11678=AXIS2_PLACEMENT_3D('',#15904,#13044,#13045);
#11679=AXIS2_PLACEMENT_3D('',#15906,#13046,#13047);
#11680=AXIS2_PLACEMENT_3D('',#15908,#13048,#13049);
#11681=AXIS2_PLACEMENT_3D('',#15910,#13050,#13051);
#11682=AXIS2_PLACEMENT_3D('',#15912,#13052,#13053);
#11683=AXIS2_PLACEMENT_3D('',#15914,#13054,#13055);
#11684=AXIS2_PLACEMENT_3D('',#15916,#13056,#13057);
#11685=AXIS2_PLACEMENT_3D('',#15918,#13058,#13059);
#11686=AXIS2_PLACEMENT_3D('',#15920,#13060,#13061);
#11687=AXIS2_PLACEMENT_3D('',#15922,#13062,#13063);
#11688=AXIS2_PLACEMENT_3D('',#15924,#13064,#13065);
#11689=AXIS2_PLACEMENT_3D('',#15926,#13066,#13067);
#11690=AXIS2_PLACEMENT_3D('',#15928,#13068,#13069);
#11691=AXIS2_PLACEMENT_3D('',#15930,#13070,#13071);
#11692=AXIS2_PLACEMENT_3D('',#15932,#13072,#13073);
#11693=AXIS2_PLACEMENT_3D('',#15934,#13074,#13075);
#11694=AXIS2_PLACEMENT_3D('',#15936,#13076,#13077);
#11695=AXIS2_PLACEMENT_3D('',#15938,#13078,#13079);
#11696=AXIS2_PLACEMENT_3D('',#15940,#13080,#13081);
#11697=AXIS2_PLACEMENT_3D('',#15942,#13082,#13083);
#11698=AXIS2_PLACEMENT_3D('',#15944,#13084,#13085);
#11699=AXIS2_PLACEMENT_3D('',#15946,#13086,#13087);
#11700=AXIS2_PLACEMENT_3D('',#15948,#13088,#13089);
#11701=AXIS2_PLACEMENT_3D('',#15950,#13090,#13091);
#11702=AXIS2_PLACEMENT_3D('',#15952,#13092,#13093);
#11703=AXIS2_PLACEMENT_3D('',#15954,#13094,#13095);
#11704=AXIS2_PLACEMENT_3D('',#15956,#13096,#13097);
#11705=AXIS2_PLACEMENT_3D('',#15958,#13098,#13099);
#11706=AXIS2_PLACEMENT_3D('',#15960,#13100,#13101);
#11707=AXIS2_PLACEMENT_3D('',#15962,#13102,#13103);
#11708=AXIS2_PLACEMENT_3D('',#15964,#13104,#13105);
#11709=AXIS2_PLACEMENT_3D('',#15966,#13106,#13107);
#11710=AXIS2_PLACEMENT_3D('',#15968,#13108,#13109);
#11711=AXIS2_PLACEMENT_3D('',#15970,#13110,#13111);
#11712=AXIS2_PLACEMENT_3D('',#15972,#13112,#13113);
#11713=AXIS2_PLACEMENT_3D('',#15974,#13114,#13115);
#11714=AXIS2_PLACEMENT_3D('',#15976,#13116,#13117);
#11715=AXIS2_PLACEMENT_3D('',#15978,#13118,#13119);
#11716=AXIS2_PLACEMENT_3D('',#15980,#13120,#13121);
#11717=AXIS2_PLACEMENT_3D('',#15982,#13122,#13123);
#11718=AXIS2_PLACEMENT_3D('',#15984,#13124,#13125);
#11719=AXIS2_PLACEMENT_3D('',#15986,#13126,#13127);
#11720=AXIS2_PLACEMENT_3D('',#15988,#13128,#13129);
#11721=AXIS2_PLACEMENT_3D('',#15990,#13130,#13131);
#11722=AXIS2_PLACEMENT_3D('',#15992,#13132,#13133);
#11723=AXIS2_PLACEMENT_3D('',#15994,#13134,#13135);
#11724=AXIS2_PLACEMENT_3D('',#15996,#13136,#13137);
#11725=AXIS2_PLACEMENT_3D('',#15998,#13138,#13139);
#11726=AXIS2_PLACEMENT_3D('',#16000,#13140,#13141);
#11727=AXIS2_PLACEMENT_3D('',#16002,#13142,#13143);
#11728=AXIS2_PLACEMENT_3D('',#16004,#13144,#13145);
#11729=AXIS2_PLACEMENT_3D('',#16006,#13146,#13147);
#11730=AXIS2_PLACEMENT_3D('',#16008,#13148,#13149);
#11731=AXIS2_PLACEMENT_3D('',#16010,#13150,#13151);
#11732=AXIS2_PLACEMENT_3D('',#16012,#13152,#13153);
#11733=AXIS2_PLACEMENT_3D('',#16014,#13154,#13155);
#11734=AXIS2_PLACEMENT_3D('',#16016,#13156,#13157);
#11735=AXIS2_PLACEMENT_3D('',#16018,#13158,#13159);
#11736=AXIS2_PLACEMENT_3D('',#16020,#13160,#13161);
#11737=AXIS2_PLACEMENT_3D('',#16022,#13162,#13163);
#11738=AXIS2_PLACEMENT_3D('',#16024,#13164,#13165);
#11739=AXIS2_PLACEMENT_3D('',#16026,#13166,#13167);
#11740=AXIS2_PLACEMENT_3D('',#16028,#13168,#13169);
#11741=AXIS2_PLACEMENT_3D('',#16030,#13170,#13171);
#11742=AXIS2_PLACEMENT_3D('',#16032,#13172,#13173);
#11743=AXIS2_PLACEMENT_3D('',#16034,#13174,#13175);
#11744=AXIS2_PLACEMENT_3D('',#16036,#13176,#13177);
#11745=AXIS2_PLACEMENT_3D('',#16038,#13178,#13179);
#11746=AXIS2_PLACEMENT_3D('',#16040,#13180,#13181);
#11747=AXIS2_PLACEMENT_3D('',#16042,#13182,#13183);
#11748=AXIS2_PLACEMENT_3D('',#16044,#13184,#13185);
#11749=AXIS2_PLACEMENT_3D('',#16046,#13186,#13187);
#11750=AXIS2_PLACEMENT_3D('',#16048,#13188,#13189);
#11751=AXIS2_PLACEMENT_3D('',#16050,#13190,#13191);
#11752=AXIS2_PLACEMENT_3D('',#16052,#13192,#13193);
#11753=AXIS2_PLACEMENT_3D('',#16054,#13194,#13195);
#11754=AXIS2_PLACEMENT_3D('',#16056,#13196,#13197);
#11755=AXIS2_PLACEMENT_3D('',#16058,#13198,#13199);
#11756=AXIS2_PLACEMENT_3D('',#16060,#13200,#13201);
#11757=AXIS2_PLACEMENT_3D('',#16062,#13202,#13203);
#11758=AXIS2_PLACEMENT_3D('',#16064,#13204,#13205);
#11759=AXIS2_PLACEMENT_3D('',#16066,#13206,#13207);
#11760=AXIS2_PLACEMENT_3D('',#16068,#13208,#13209);
#11761=AXIS2_PLACEMENT_3D('',#16070,#13210,#13211);
#11762=AXIS2_PLACEMENT_3D('',#16072,#13212,#13213);
#11763=AXIS2_PLACEMENT_3D('',#16074,#13214,#13215);
#11764=AXIS2_PLACEMENT_3D('',#16076,#13216,#13217);
#11765=AXIS2_PLACEMENT_3D('',#16078,#13218,#13219);
#11766=AXIS2_PLACEMENT_3D('',#16080,#13220,#13221);
#11767=AXIS2_PLACEMENT_3D('',#16082,#13222,#13223);
#11768=AXIS2_PLACEMENT_3D('',#16084,#13224,#13225);
#11769=AXIS2_PLACEMENT_3D('',#16086,#13226,#13227);
#11770=AXIS2_PLACEMENT_3D('',#16087,#13228,#13229);
#11771=AXIS2_PLACEMENT_3D('',#16410,#13289,#13290);
#11772=AXIS2_PLACEMENT_3D('',#16416,#13294,#13295);
#11773=AXIS2_PLACEMENT_3D('',#16420,#13298,#13299);
#11774=AXIS2_PLACEMENT_3D('',#16424,#13302,#13303);
#11775=AXIS2_PLACEMENT_3D('',#16426,#13305,#13306);
#11776=AXIS2_PLACEMENT_3D('',#16432,#13310,#13311);
#11777=AXIS2_PLACEMENT_3D('',#16436,#13314,#13315);
#11778=AXIS2_PLACEMENT_3D('',#16440,#13318,#13319);
#11779=AXIS2_PLACEMENT_3D('',#16501,#13325,#13326);
#11780=AXIS2_PLACEMENT_3D('',#16505,#13329,#13330);
#11781=AXIS2_PLACEMENT_3D('',#16509,#13333,#13334);
#11782=AXIS2_PLACEMENT_3D('',#16513,#13337,#13338);
#11783=AXIS2_PLACEMENT_3D('',#16517,#13341,#13342);
#11784=AXIS2_PLACEMENT_3D('',#16578,#13348,#13349);
#11785=AXIS2_PLACEMENT_3D('',#16639,#13355,#13356);
#11786=AXIS2_PLACEMENT_3D('',#16643,#13359,#13360);
#11787=AXIS2_PLACEMENT_3D('',#16647,#13363,#13364);
#11788=AXIS2_PLACEMENT_3D('',#16651,#13367,#13368);
#11789=AXIS2_PLACEMENT_3D('',#16655,#13371,#13372);
#11790=AXIS2_PLACEMENT_3D('',#16659,#13375,#13376);
#11791=AXIS2_PLACEMENT_3D('',#16663,#13379,#13380);
#11792=AXIS2_PLACEMENT_3D('',#16667,#13383,#13384);
#11793=AXIS2_PLACEMENT_3D('',#16671,#13387,#13388);
#11794=AXIS2_PLACEMENT_3D('',#16675,#13391,#13392);
#11795=AXIS2_PLACEMENT_3D('',#16679,#13395,#13396);
#11796=AXIS2_PLACEMENT_3D('',#16759,#13403,#13404);
#11797=AXIS2_PLACEMENT_3D('',#16782,#13408,#13409);
#11798=AXIS2_PLACEMENT_3D('',#16862,#13416,#13417);
#11799=AXIS2_PLACEMENT_3D('',#16866,#13420,#13421);
#11800=AXIS2_PLACEMENT_3D('',#17039,#13432,#13433);
#11801=AXIS2_PLACEMENT_3D('',#17045,#13437,#13438);
#11802=AXIS2_PLACEMENT_3D('',#17049,#13441,#13442);
#11803=AXIS2_PLACEMENT_3D('',#17053,#13445,#13446);
#11804=AXIS2_PLACEMENT_3D('',#17057,#13449,#13450);
#11805=AXIS2_PLACEMENT_3D('',#17061,#13453,#13454);
#11806=AXIS2_PLACEMENT_3D('',#17065,#13457,#13458);
#11807=AXIS2_PLACEMENT_3D('',#17069,#13461,#13462);
#11808=AXIS2_PLACEMENT_3D('',#17073,#13465,#13466);
#11809=AXIS2_PLACEMENT_3D('',#17077,#13469,#13470);
#11810=AXIS2_PLACEMENT_3D('',#17138,#13476,#13477);
#11811=AXIS2_PLACEMENT_3D('',#17142,#13480,#13481);
#11812=AXIS2_PLACEMENT_3D('',#17146,#13484,#13485);
#11813=AXIS2_PLACEMENT_3D('',#17150,#13488,#13489);
#11814=AXIS2_PLACEMENT_3D('',#17154,#13492,#13493);
#11815=AXIS2_PLACEMENT_3D('',#17158,#13496,#13497);
#11816=AXIS2_PLACEMENT_3D('',#17162,#13500,#13501);
#11817=AXIS2_PLACEMENT_3D('',#17166,#13504,#13505);
#11818=AXIS2_PLACEMENT_3D('',#17170,#13508,#13509);
#11819=AXIS2_PLACEMENT_3D('',#17174,#13512,#13513);
#11820=AXIS2_PLACEMENT_3D('',#17178,#13516,#13517);
#11821=AXIS2_PLACEMENT_3D('',#17258,#13524,#13525);
#11822=AXIS2_PLACEMENT_3D('',#17260,#13527,#13528);
#11823=AXIS2_PLACEMENT_3D('',#17266,#13532,#13533);
#11824=AXIS2_PLACEMENT_3D('',#17270,#13536,#13537);
#11825=AXIS2_PLACEMENT_3D('',#17274,#13540,#13541);
#11826=AXIS2_PLACEMENT_3D('',#17278,#13544,#13545);
#11827=AXIS2_PLACEMENT_3D('',#17282,#13548,#13549);
#11828=AXIS2_PLACEMENT_3D('',#17286,#13552,#13553);
#11829=AXIS2_PLACEMENT_3D('',#17290,#13556,#13557);
#11830=AXIS2_PLACEMENT_3D('',#17615,#13573,#13574);
#11831=AXIS2_PLACEMENT_3D('',#17791,#13584,#13585);
#11832=AXIS2_PLACEMENT_3D('',#17972,#13596,#13597);
#11833=AXIS2_PLACEMENT_3D('',#18032,#13602,#13603);
#11834=AXIS2_PLACEMENT_3D('',#18065,#13607,#13608);
#11835=AXIS2_PLACEMENT_3D('',#18074,#13613,#13614);
#11836=AXIS2_PLACEMENT_3D('',#18084,#13620,#13621);
#11837=AXIS2_PLACEMENT_3D('',#18148,#13627,#13628);
#11838=AXIS2_PLACEMENT_3D('',#18204,#13634,#13635);
#11839=AXIS2_PLACEMENT_3D('',#18207,#13638,#13639);
#11840=AXIS2_PLACEMENT_3D('',#18417,#13651,#13652);
#11841=AXIS2_PLACEMENT_3D('',#18476,#13656,#13657);
#11842=AXIS2_PLACEMENT_3D('',#18548,#13664,#13665);
#11843=AXIS2_PLACEMENT_3D('',#18701,#13674,#13675);
#11844=AXIS2_PLACEMENT_3D('',#18707,#13679,#13680);
#11845=AXIS2_PLACEMENT_3D('',#18710,#13683,#13684);
#11846=AXIS2_PLACEMENT_3D('',#18719,#13689,#13690);
#11847=AXIS2_PLACEMENT_3D('',#18725,#13694,#13695);
#11848=AXIS2_PLACEMENT_3D('',#18735,#13701,#13702);
#11849=AXIS2_PLACEMENT_3D('',#18741,#13706,#13707);
#11850=AXIS2_PLACEMENT_3D('',#18751,#13713,#13714);
#11851=AXIS2_PLACEMENT_3D('',#18760,#13719,#13720);
#11852=AXIS2_PLACEMENT_3D('',#18766,#13724,#13725);
#11853=AXIS2_PLACEMENT_3D('',#18769,#13728,#13729);
#11854=AXIS2_PLACEMENT_3D('',#18771,#13731,#13732);
#11855=AXIS2_PLACEMENT_3D('',#18777,#13736,#13737);
#11856=AXIS2_PLACEMENT_3D('',#18783,#13741,#13742);
#11857=AXIS2_PLACEMENT_3D('',#18786,#13745,#13746);
#11858=AXIS2_PLACEMENT_3D('',#18801,#13757,#13758);
#11859=AXIS2_PLACEMENT_3D('',#18808,#13762,#13763);
#11860=AXIS2_PLACEMENT_3D('',#18810,#13764,#13765);
#11861=AXIS2_PLACEMENT_3D('',#18812,#13766,#13767);
#11862=AXIS2_PLACEMENT_3D('',#18814,#13768,#13769);
#11863=AXIS2_PLACEMENT_3D('',#18815,#13770,#13771);
#11864=AXIS2_PLACEMENT_3D('',#18817,#13772,#13773);
#11865=AXIS2_PLACEMENT_3D('',#18819,#13775,#13776);
#11866=AXIS2_PLACEMENT_3D('',#18822,#13778,#13779);
#11867=AXIS2_PLACEMENT_3D('',#18823,#13780,#13781);
#11868=AXIS2_PLACEMENT_3D('',#18825,#13782,#13783);
#11869=AXIS2_PLACEMENT_3D('',#18827,#13785,#13786);
#11870=AXIS2_PLACEMENT_3D('',#18830,#13788,#13789);
#11871=AXIS2_PLACEMENT_3D('',#18831,#13790,#13791);
#11872=AXIS2_PLACEMENT_3D('',#18833,#13792,#13793);
#11873=AXIS2_PLACEMENT_3D('',#18835,#13795,#13796);
#11874=AXIS2_PLACEMENT_3D('',#18838,#13798,#13799);
#11875=AXIS2_PLACEMENT_3D('',#18839,#13800,#13801);
#11876=AXIS2_PLACEMENT_3D('',#18841,#13802,#13803);
#11877=AXIS2_PLACEMENT_3D('',#18843,#13805,#13806);
#11878=AXIS2_PLACEMENT_3D('',#18846,#13808,#13809);
#11879=AXIS2_PLACEMENT_3D('',#18847,#13810,#13811);
#11880=AXIS2_PLACEMENT_3D('',#18849,#13812,#13813);
#11881=AXIS2_PLACEMENT_3D('',#18851,#13815,#13816);
#11882=AXIS2_PLACEMENT_3D('',#18854,#13818,#13819);
#11883=AXIS2_PLACEMENT_3D('',#18855,#13820,#13821);
#11884=AXIS2_PLACEMENT_3D('',#18857,#13822,#13823);
#11885=AXIS2_PLACEMENT_3D('',#18859,#13825,#13826);
#11886=AXIS2_PLACEMENT_3D('',#18862,#13828,#13829);
#11887=AXIS2_PLACEMENT_3D('',#18863,#13830,#13831);
#11888=AXIS2_PLACEMENT_3D('',#18865,#13832,#13833);
#11889=AXIS2_PLACEMENT_3D('',#18867,#13835,#13836);
#11890=AXIS2_PLACEMENT_3D('',#18870,#13838,#13839);
#11891=AXIS2_PLACEMENT_3D('',#18871,#13840,#13841);
#11892=AXIS2_PLACEMENT_3D('',#18873,#13842,#13843);
#11893=AXIS2_PLACEMENT_3D('',#18875,#13845,#13846);
#11894=AXIS2_PLACEMENT_3D('',#18878,#13848,#13849);
#11895=AXIS2_PLACEMENT_3D('',#18879,#13850,#13851);
#11896=AXIS2_PLACEMENT_3D('',#18881,#13852,#13853);
#11897=AXIS2_PLACEMENT_3D('',#18883,#13855,#13856);
#11898=AXIS2_PLACEMENT_3D('',#18886,#13858,#13859);
#11899=AXIS2_PLACEMENT_3D('',#18887,#13860,#13861);
#11900=AXIS2_PLACEMENT_3D('',#18889,#13862,#13863);
#11901=AXIS2_PLACEMENT_3D('',#18891,#13865,#13866);
#11902=AXIS2_PLACEMENT_3D('',#18894,#13868,#13869);
#11903=AXIS2_PLACEMENT_3D('',#18895,#13870,#13871);
#11904=AXIS2_PLACEMENT_3D('',#18897,#13872,#13873);
#11905=AXIS2_PLACEMENT_3D('',#18899,#13875,#13876);
#11906=AXIS2_PLACEMENT_3D('',#18902,#13878,#13879);
#11907=AXIS2_PLACEMENT_3D('',#18903,#13880,#13881);
#11908=AXIS2_PLACEMENT_3D('',#18905,#13882,#13883);
#11909=AXIS2_PLACEMENT_3D('',#18907,#13885,#13886);
#11910=AXIS2_PLACEMENT_3D('',#18910,#13888,#13889);
#11911=AXIS2_PLACEMENT_3D('',#18911,#13890,#13891);
#11912=AXIS2_PLACEMENT_3D('',#18913,#13892,#13893);
#11913=AXIS2_PLACEMENT_3D('',#18915,#13895,#13896);
#11914=AXIS2_PLACEMENT_3D('',#18918,#13898,#13899);
#11915=AXIS2_PLACEMENT_3D('',#18919,#13900,#13901);
#11916=AXIS2_PLACEMENT_3D('',#18921,#13902,#13903);
#11917=AXIS2_PLACEMENT_3D('',#18923,#13905,#13906);
#11918=AXIS2_PLACEMENT_3D('',#18926,#13908,#13909);
#11919=AXIS2_PLACEMENT_3D('',#18927,#13910,#13911);
#11920=AXIS2_PLACEMENT_3D('',#18929,#13912,#13913);
#11921=AXIS2_PLACEMENT_3D('',#18931,#13915,#13916);
#11922=AXIS2_PLACEMENT_3D('',#18934,#13918,#13919);
#11923=AXIS2_PLACEMENT_3D('',#18935,#13920,#13921);
#11924=AXIS2_PLACEMENT_3D('',#18937,#13922,#13923);
#11925=AXIS2_PLACEMENT_3D('',#18939,#13925,#13926);
#11926=AXIS2_PLACEMENT_3D('',#18942,#13928,#13929);
#11927=AXIS2_PLACEMENT_3D('',#18943,#13930,#13931);
#11928=AXIS2_PLACEMENT_3D('',#18945,#13932,#13933);
#11929=AXIS2_PLACEMENT_3D('',#18947,#13935,#13936);
#11930=AXIS2_PLACEMENT_3D('',#18950,#13938,#13939);
#11931=AXIS2_PLACEMENT_3D('',#18951,#13940,#13941);
#11932=AXIS2_PLACEMENT_3D('',#18953,#13942,#13943);
#11933=AXIS2_PLACEMENT_3D('',#18955,#13945,#13946);
#11934=AXIS2_PLACEMENT_3D('',#18958,#13948,#13949);
#11935=AXIS2_PLACEMENT_3D('',#18959,#13950,#13951);
#11936=AXIS2_PLACEMENT_3D('',#18961,#13952,#13953);
#11937=AXIS2_PLACEMENT_3D('',#18963,#13955,#13956);
#11938=AXIS2_PLACEMENT_3D('',#18966,#13958,#13959);
#11939=AXIS2_PLACEMENT_3D('',#18967,#13960,#13961);
#11940=AXIS2_PLACEMENT_3D('',#18969,#13962,#13963);
#11941=AXIS2_PLACEMENT_3D('',#18971,#13965,#13966);
#11942=AXIS2_PLACEMENT_3D('',#18974,#13968,#13969);
#11943=AXIS2_PLACEMENT_3D('',#18975,#13970,#13971);
#11944=AXIS2_PLACEMENT_3D('',#18977,#13972,#13973);
#11945=AXIS2_PLACEMENT_3D('',#18979,#13975,#13976);
#11946=AXIS2_PLACEMENT_3D('',#18982,#13978,#13979);
#11947=AXIS2_PLACEMENT_3D('',#18983,#13980,#13981);
#11948=AXIS2_PLACEMENT_3D('',#18985,#13982,#13983);
#11949=AXIS2_PLACEMENT_3D('',#18987,#13985,#13986);
#11950=AXIS2_PLACEMENT_3D('',#18990,#13988,#13989);
#11951=AXIS2_PLACEMENT_3D('',#18991,#13990,#13991);
#11952=AXIS2_PLACEMENT_3D('',#18993,#13992,#13993);
#11953=AXIS2_PLACEMENT_3D('',#18995,#13995,#13996);
#11954=AXIS2_PLACEMENT_3D('',#18998,#13998,#13999);
#11955=AXIS2_PLACEMENT_3D('',#18999,#14000,#14001);
#11956=AXIS2_PLACEMENT_3D('',#19001,#14002,#14003);
#11957=AXIS2_PLACEMENT_3D('',#19003,#14005,#14006);
#11958=AXIS2_PLACEMENT_3D('',#19006,#14008,#14009);
#11959=AXIS2_PLACEMENT_3D('',#19007,#14010,#14011);
#11960=AXIS2_PLACEMENT_3D('',#19009,#14012,#14013);
#11961=AXIS2_PLACEMENT_3D('',#19011,#14015,#14016);
#11962=AXIS2_PLACEMENT_3D('',#19014,#14018,#14019);
#11963=AXIS2_PLACEMENT_3D('',#19015,#14020,#14021);
#11964=AXIS2_PLACEMENT_3D('',#19017,#14022,#14023);
#11965=AXIS2_PLACEMENT_3D('',#19019,#14025,#14026);
#11966=AXIS2_PLACEMENT_3D('',#19022,#14028,#14029);
#11967=AXIS2_PLACEMENT_3D('',#19023,#14030,#14031);
#11968=AXIS2_PLACEMENT_3D('',#19025,#14032,#14033);
#11969=AXIS2_PLACEMENT_3D('',#19027,#14035,#14036);
#11970=AXIS2_PLACEMENT_3D('',#19030,#14038,#14039);
#11971=AXIS2_PLACEMENT_3D('',#19031,#14040,#14041);
#11972=AXIS2_PLACEMENT_3D('',#19033,#14042,#14043);
#11973=AXIS2_PLACEMENT_3D('',#19035,#14045,#14046);
#11974=AXIS2_PLACEMENT_3D('',#19038,#14048,#14049);
#11975=AXIS2_PLACEMENT_3D('',#19039,#14050,#14051);
#11976=AXIS2_PLACEMENT_3D('',#19041,#14052,#14053);
#11977=AXIS2_PLACEMENT_3D('',#19043,#14055,#14056);
#11978=AXIS2_PLACEMENT_3D('',#19046,#14058,#14059);
#11979=AXIS2_PLACEMENT_3D('',#19047,#14060,#14061);
#11980=AXIS2_PLACEMENT_3D('',#19049,#14062,#14063);
#11981=AXIS2_PLACEMENT_3D('',#19051,#14065,#14066);
#11982=AXIS2_PLACEMENT_3D('',#19054,#14068,#14069);
#11983=AXIS2_PLACEMENT_3D('',#19055,#14070,#14071);
#11984=AXIS2_PLACEMENT_3D('',#19057,#14072,#14073);
#11985=AXIS2_PLACEMENT_3D('',#19059,#14075,#14076);
#11986=AXIS2_PLACEMENT_3D('',#19062,#14078,#14079);
#11987=AXIS2_PLACEMENT_3D('',#19063,#14080,#14081);
#11988=AXIS2_PLACEMENT_3D('',#19065,#14082,#14083);
#11989=AXIS2_PLACEMENT_3D('',#19067,#14085,#14086);
#11990=AXIS2_PLACEMENT_3D('',#19070,#14088,#14089);
#11991=AXIS2_PLACEMENT_3D('',#19071,#14090,#14091);
#11992=AXIS2_PLACEMENT_3D('',#19073,#14092,#14093);
#11993=AXIS2_PLACEMENT_3D('',#19075,#14095,#14096);
#11994=AXIS2_PLACEMENT_3D('',#19078,#14098,#14099);
#11995=AXIS2_PLACEMENT_3D('',#19079,#14100,#14101);
#11996=AXIS2_PLACEMENT_3D('',#19081,#14102,#14103);
#11997=AXIS2_PLACEMENT_3D('',#19083,#14105,#14106);
#11998=AXIS2_PLACEMENT_3D('',#19086,#14108,#14109);
#11999=AXIS2_PLACEMENT_3D('',#19087,#14110,#14111);
#12000=AXIS2_PLACEMENT_3D('',#19089,#14112,#14113);
#12001=AXIS2_PLACEMENT_3D('',#19091,#14115,#14116);
#12002=AXIS2_PLACEMENT_3D('',#19094,#14118,#14119);
#12003=AXIS2_PLACEMENT_3D('',#19095,#14120,#14121);
#12004=AXIS2_PLACEMENT_3D('',#19097,#14122,#14123);
#12005=AXIS2_PLACEMENT_3D('',#19099,#14125,#14126);
#12006=AXIS2_PLACEMENT_3D('',#19102,#14128,#14129);
#12007=AXIS2_PLACEMENT_3D('',#19103,#14130,#14131);
#12008=AXIS2_PLACEMENT_3D('',#19105,#14132,#14133);
#12009=AXIS2_PLACEMENT_3D('',#19107,#14135,#14136);
#12010=AXIS2_PLACEMENT_3D('',#19110,#14138,#14139);
#12011=AXIS2_PLACEMENT_3D('',#19111,#14140,#14141);
#12012=AXIS2_PLACEMENT_3D('',#19113,#14142,#14143);
#12013=AXIS2_PLACEMENT_3D('',#19115,#14145,#14146);
#12014=AXIS2_PLACEMENT_3D('',#19118,#14148,#14149);
#12015=AXIS2_PLACEMENT_3D('',#19119,#14150,#14151);
#12016=AXIS2_PLACEMENT_3D('',#19121,#14152,#14153);
#12017=AXIS2_PLACEMENT_3D('',#19123,#14155,#14156);
#12018=AXIS2_PLACEMENT_3D('',#19126,#14158,#14159);
#12019=AXIS2_PLACEMENT_3D('',#19127,#14160,#14161);
#12020=AXIS2_PLACEMENT_3D('',#19129,#14162,#14163);
#12021=AXIS2_PLACEMENT_3D('',#19131,#14165,#14166);
#12022=AXIS2_PLACEMENT_3D('',#19134,#14168,#14169);
#12023=AXIS2_PLACEMENT_3D('',#19135,#14170,#14171);
#12024=AXIS2_PLACEMENT_3D('',#19137,#14172,#14173);
#12025=AXIS2_PLACEMENT_3D('',#19139,#14175,#14176);
#12026=AXIS2_PLACEMENT_3D('',#19142,#14178,#14179);
#12027=AXIS2_PLACEMENT_3D('',#19143,#14180,#14181);
#12028=AXIS2_PLACEMENT_3D('',#19145,#14182,#14183);
#12029=AXIS2_PLACEMENT_3D('',#19147,#14185,#14186);
#12030=AXIS2_PLACEMENT_3D('',#19150,#14188,#14189);
#12031=AXIS2_PLACEMENT_3D('',#19151,#14190,#14191);
#12032=AXIS2_PLACEMENT_3D('',#19153,#14192,#14193);
#12033=AXIS2_PLACEMENT_3D('',#19155,#14195,#14196);
#12034=AXIS2_PLACEMENT_3D('',#19158,#14198,#14199);
#12035=AXIS2_PLACEMENT_3D('',#19159,#14200,#14201);
#12036=AXIS2_PLACEMENT_3D('',#19161,#14202,#14203);
#12037=AXIS2_PLACEMENT_3D('',#19163,#14205,#14206);
#12038=AXIS2_PLACEMENT_3D('',#19166,#14208,#14209);
#12039=AXIS2_PLACEMENT_3D('',#19167,#14210,#14211);
#12040=AXIS2_PLACEMENT_3D('',#19169,#14212,#14213);
#12041=AXIS2_PLACEMENT_3D('',#19171,#14215,#14216);
#12042=AXIS2_PLACEMENT_3D('',#19174,#14218,#14219);
#12043=AXIS2_PLACEMENT_3D('',#19175,#14220,#14221);
#12044=AXIS2_PLACEMENT_3D('',#19177,#14222,#14223);
#12045=AXIS2_PLACEMENT_3D('',#19179,#14225,#14226);
#12046=AXIS2_PLACEMENT_3D('',#19182,#14228,#14229);
#12047=AXIS2_PLACEMENT_3D('',#19183,#14230,#14231);
#12048=AXIS2_PLACEMENT_3D('',#19185,#14232,#14233);
#12049=AXIS2_PLACEMENT_3D('',#19187,#14235,#14236);
#12050=AXIS2_PLACEMENT_3D('',#19190,#14238,#14239);
#12051=AXIS2_PLACEMENT_3D('',#19191,#14240,#14241);
#12052=AXIS2_PLACEMENT_3D('',#19193,#14242,#14243);
#12053=AXIS2_PLACEMENT_3D('',#19195,#14245,#14246);
#12054=AXIS2_PLACEMENT_3D('',#19198,#14248,#14249);
#12055=AXIS2_PLACEMENT_3D('',#19199,#14250,#14251);
#12056=AXIS2_PLACEMENT_3D('',#19201,#14252,#14253);
#12057=AXIS2_PLACEMENT_3D('',#19203,#14255,#14256);
#12058=AXIS2_PLACEMENT_3D('',#19206,#14258,#14259);
#12059=AXIS2_PLACEMENT_3D('',#19207,#14260,#14261);
#12060=AXIS2_PLACEMENT_3D('',#19209,#14262,#14263);
#12061=AXIS2_PLACEMENT_3D('',#19211,#14265,#14266);
#12062=AXIS2_PLACEMENT_3D('',#19214,#14268,#14269);
#12063=AXIS2_PLACEMENT_3D('',#19215,#14270,#14271);
#12064=AXIS2_PLACEMENT_3D('',#19217,#14272,#14273);
#12065=AXIS2_PLACEMENT_3D('',#19219,#14275,#14276);
#12066=AXIS2_PLACEMENT_3D('',#19222,#14278,#14279);
#12067=AXIS2_PLACEMENT_3D('',#19223,#14280,#14281);
#12068=AXIS2_PLACEMENT_3D('',#19225,#14282,#14283);
#12069=AXIS2_PLACEMENT_3D('',#19227,#14285,#14286);
#12070=AXIS2_PLACEMENT_3D('',#19230,#14288,#14289);
#12071=AXIS2_PLACEMENT_3D('',#19231,#14290,#14291);
#12072=AXIS2_PLACEMENT_3D('',#19233,#14292,#14293);
#12073=AXIS2_PLACEMENT_3D('',#19235,#14295,#14296);
#12074=AXIS2_PLACEMENT_3D('',#19238,#14298,#14299);
#12075=AXIS2_PLACEMENT_3D('',#19239,#14300,#14301);
#12076=AXIS2_PLACEMENT_3D('',#19241,#14302,#14303);
#12077=AXIS2_PLACEMENT_3D('',#19243,#14305,#14306);
#12078=AXIS2_PLACEMENT_3D('',#19246,#14308,#14309);
#12079=AXIS2_PLACEMENT_3D('',#19247,#14310,#14311);
#12080=AXIS2_PLACEMENT_3D('',#19249,#14312,#14313);
#12081=AXIS2_PLACEMENT_3D('',#19251,#14315,#14316);
#12082=AXIS2_PLACEMENT_3D('',#19254,#14318,#14319);
#12083=AXIS2_PLACEMENT_3D('',#19255,#14320,#14321);
#12084=AXIS2_PLACEMENT_3D('',#19257,#14322,#14323);
#12085=AXIS2_PLACEMENT_3D('',#19259,#14325,#14326);
#12086=AXIS2_PLACEMENT_3D('',#19262,#14328,#14329);
#12087=AXIS2_PLACEMENT_3D('',#19263,#14330,#14331);
#12088=AXIS2_PLACEMENT_3D('',#19265,#14332,#14333);
#12089=AXIS2_PLACEMENT_3D('',#19267,#14335,#14336);
#12090=AXIS2_PLACEMENT_3D('',#19270,#14338,#14339);
#12091=AXIS2_PLACEMENT_3D('',#19271,#14340,#14341);
#12092=AXIS2_PLACEMENT_3D('',#19273,#14342,#14343);
#12093=AXIS2_PLACEMENT_3D('',#19275,#14345,#14346);
#12094=AXIS2_PLACEMENT_3D('',#19278,#14348,#14349);
#12095=AXIS2_PLACEMENT_3D('',#19279,#14350,#14351);
#12096=AXIS2_PLACEMENT_3D('',#19281,#14352,#14353);
#12097=AXIS2_PLACEMENT_3D('',#19283,#14355,#14356);
#12098=AXIS2_PLACEMENT_3D('',#19286,#14358,#14359);
#12099=AXIS2_PLACEMENT_3D('',#19287,#14360,#14361);
#12100=AXIS2_PLACEMENT_3D('',#19289,#14362,#14363);
#12101=AXIS2_PLACEMENT_3D('',#19291,#14365,#14366);
#12102=AXIS2_PLACEMENT_3D('',#19294,#14368,#14369);
#12103=AXIS2_PLACEMENT_3D('',#19295,#14370,#14371);
#12104=AXIS2_PLACEMENT_3D('',#19297,#14372,#14373);
#12105=AXIS2_PLACEMENT_3D('',#19299,#14375,#14376);
#12106=AXIS2_PLACEMENT_3D('',#19302,#14378,#14379);
#12107=AXIS2_PLACEMENT_3D('',#19303,#14380,#14381);
#12108=AXIS2_PLACEMENT_3D('',#19305,#14382,#14383);
#12109=AXIS2_PLACEMENT_3D('',#19307,#14385,#14386);
#12110=AXIS2_PLACEMENT_3D('',#19310,#14388,#14389);
#12111=AXIS2_PLACEMENT_3D('',#19311,#14390,#14391);
#12112=AXIS2_PLACEMENT_3D('',#19313,#14392,#14393);
#12113=AXIS2_PLACEMENT_3D('',#19315,#14395,#14396);
#12114=AXIS2_PLACEMENT_3D('',#19318,#14398,#14399);
#12115=AXIS2_PLACEMENT_3D('',#19319,#14400,#14401);
#12116=AXIS2_PLACEMENT_3D('',#19321,#14402,#14403);
#12117=AXIS2_PLACEMENT_3D('',#19323,#14405,#14406);
#12118=AXIS2_PLACEMENT_3D('',#19326,#14408,#14409);
#12119=AXIS2_PLACEMENT_3D('',#19327,#14410,#14411);
#12120=AXIS2_PLACEMENT_3D('',#19329,#14412,#14413);
#12121=AXIS2_PLACEMENT_3D('',#19331,#14415,#14416);
#12122=AXIS2_PLACEMENT_3D('',#19334,#14418,#14419);
#12123=AXIS2_PLACEMENT_3D('',#19335,#14420,#14421);
#12124=AXIS2_PLACEMENT_3D('',#19337,#14422,#14423);
#12125=AXIS2_PLACEMENT_3D('',#19339,#14425,#14426);
#12126=AXIS2_PLACEMENT_3D('',#19342,#14428,#14429);
#12127=AXIS2_PLACEMENT_3D('',#19343,#14430,#14431);
#12128=AXIS2_PLACEMENT_3D('',#19345,#14432,#14433);
#12129=AXIS2_PLACEMENT_3D('',#19347,#14435,#14436);
#12130=AXIS2_PLACEMENT_3D('',#19350,#14438,#14439);
#12131=AXIS2_PLACEMENT_3D('',#19351,#14440,#14441);
#12132=AXIS2_PLACEMENT_3D('',#19353,#14442,#14443);
#12133=AXIS2_PLACEMENT_3D('',#19355,#14445,#14446);
#12134=AXIS2_PLACEMENT_3D('',#19358,#14448,#14449);
#12135=AXIS2_PLACEMENT_3D('',#19359,#14450,#14451);
#12136=AXIS2_PLACEMENT_3D('',#19361,#14452,#14453);
#12137=AXIS2_PLACEMENT_3D('',#19363,#14455,#14456);
#12138=AXIS2_PLACEMENT_3D('',#19366,#14458,#14459);
#12139=AXIS2_PLACEMENT_3D('',#19367,#14460,#14461);
#12140=AXIS2_PLACEMENT_3D('',#19369,#14462,#14463);
#12141=AXIS2_PLACEMENT_3D('',#19371,#14465,#14466);
#12142=AXIS2_PLACEMENT_3D('',#19374,#14468,#14469);
#12143=AXIS2_PLACEMENT_3D('',#19375,#14470,#14471);
#12144=AXIS2_PLACEMENT_3D('',#19377,#14472,#14473);
#12145=AXIS2_PLACEMENT_3D('',#19379,#14475,#14476);
#12146=AXIS2_PLACEMENT_3D('',#19382,#14478,#14479);
#12147=AXIS2_PLACEMENT_3D('',#19383,#14480,#14481);
#12148=AXIS2_PLACEMENT_3D('',#19385,#14482,#14483);
#12149=AXIS2_PLACEMENT_3D('',#19387,#14485,#14486);
#12150=AXIS2_PLACEMENT_3D('',#19390,#14488,#14489);
#12151=AXIS2_PLACEMENT_3D('',#19391,#14490,#14491);
#12152=AXIS2_PLACEMENT_3D('',#19393,#14492,#14493);
#12153=AXIS2_PLACEMENT_3D('',#19395,#14495,#14496);
#12154=AXIS2_PLACEMENT_3D('',#19398,#14498,#14499);
#12155=AXIS2_PLACEMENT_3D('',#19399,#14500,#14501);
#12156=AXIS2_PLACEMENT_3D('',#19401,#14502,#14503);
#12157=AXIS2_PLACEMENT_3D('',#19403,#14505,#14506);
#12158=AXIS2_PLACEMENT_3D('',#19406,#14508,#14509);
#12159=AXIS2_PLACEMENT_3D('',#19407,#14510,#14511);
#12160=AXIS2_PLACEMENT_3D('',#19409,#14512,#14513);
#12161=AXIS2_PLACEMENT_3D('',#19411,#14515,#14516);
#12162=AXIS2_PLACEMENT_3D('',#19414,#14518,#14519);
#12163=AXIS2_PLACEMENT_3D('',#19415,#14520,#14521);
#12164=AXIS2_PLACEMENT_3D('',#19417,#14522,#14523);
#12165=AXIS2_PLACEMENT_3D('',#19419,#14525,#14526);
#12166=AXIS2_PLACEMENT_3D('',#19422,#14528,#14529);
#12167=AXIS2_PLACEMENT_3D('',#19423,#14530,#14531);
#12168=AXIS2_PLACEMENT_3D('',#19425,#14532,#14533);
#12169=AXIS2_PLACEMENT_3D('',#19427,#14535,#14536);
#12170=AXIS2_PLACEMENT_3D('',#19430,#14538,#14539);
#12171=AXIS2_PLACEMENT_3D('',#19431,#14540,#14541);
#12172=AXIS2_PLACEMENT_3D('',#19433,#14542,#14543);
#12173=AXIS2_PLACEMENT_3D('',#19435,#14545,#14546);
#12174=AXIS2_PLACEMENT_3D('',#19438,#14548,#14549);
#12175=AXIS2_PLACEMENT_3D('',#19439,#14550,#14551);
#12176=AXIS2_PLACEMENT_3D('',#19441,#14552,#14553);
#12177=AXIS2_PLACEMENT_3D('',#19443,#14555,#14556);
#12178=AXIS2_PLACEMENT_3D('',#19446,#14558,#14559);
#12179=AXIS2_PLACEMENT_3D('',#19447,#14560,#14561);
#12180=AXIS2_PLACEMENT_3D('',#19449,#14562,#14563);
#12181=AXIS2_PLACEMENT_3D('',#19451,#14565,#14566);
#12182=AXIS2_PLACEMENT_3D('',#19454,#14568,#14569);
#12183=AXIS2_PLACEMENT_3D('',#19455,#14570,#14571);
#12184=AXIS2_PLACEMENT_3D('',#19457,#14572,#14573);
#12185=AXIS2_PLACEMENT_3D('',#19459,#14575,#14576);
#12186=AXIS2_PLACEMENT_3D('',#19462,#14578,#14579);
#12187=AXIS2_PLACEMENT_3D('',#19463,#14580,#14581);
#12188=AXIS2_PLACEMENT_3D('',#19465,#14582,#14583);
#12189=AXIS2_PLACEMENT_3D('',#19467,#14585,#14586);
#12190=AXIS2_PLACEMENT_3D('',#19470,#14588,#14589);
#12191=AXIS2_PLACEMENT_3D('',#19471,#14590,#14591);
#12192=AXIS2_PLACEMENT_3D('',#19473,#14592,#14593);
#12193=AXIS2_PLACEMENT_3D('',#19475,#14595,#14596);
#12194=AXIS2_PLACEMENT_3D('',#19478,#14598,#14599);
#12195=AXIS2_PLACEMENT_3D('',#19479,#14600,#14601);
#12196=AXIS2_PLACEMENT_3D('',#19481,#14602,#14603);
#12197=AXIS2_PLACEMENT_3D('',#19483,#14605,#14606);
#12198=AXIS2_PLACEMENT_3D('',#19486,#14608,#14609);
#12199=AXIS2_PLACEMENT_3D('',#19487,#14610,#14611);
#12200=AXIS2_PLACEMENT_3D('',#19489,#14612,#14613);
#12201=AXIS2_PLACEMENT_3D('',#19491,#14615,#14616);
#12202=AXIS2_PLACEMENT_3D('',#19494,#14618,#14619);
#12203=AXIS2_PLACEMENT_3D('',#19495,#14620,#14621);
#12204=AXIS2_PLACEMENT_3D('',#19497,#14622,#14623);
#12205=AXIS2_PLACEMENT_3D('',#19499,#14625,#14626);
#12206=AXIS2_PLACEMENT_3D('',#19502,#14628,#14629);
#12207=AXIS2_PLACEMENT_3D('',#19503,#14630,#14631);
#12208=AXIS2_PLACEMENT_3D('',#19505,#14632,#14633);
#12209=AXIS2_PLACEMENT_3D('',#19507,#14635,#14636);
#12210=AXIS2_PLACEMENT_3D('',#19510,#14638,#14639);
#12211=AXIS2_PLACEMENT_3D('',#19511,#14640,#14641);
#12212=AXIS2_PLACEMENT_3D('',#19513,#14642,#14643);
#12213=AXIS2_PLACEMENT_3D('',#19515,#14645,#14646);
#12214=AXIS2_PLACEMENT_3D('',#19518,#14648,#14649);
#12215=AXIS2_PLACEMENT_3D('',#19519,#14650,#14651);
#12216=AXIS2_PLACEMENT_3D('',#19521,#14652,#14653);
#12217=AXIS2_PLACEMENT_3D('',#19523,#14655,#14656);
#12218=AXIS2_PLACEMENT_3D('',#19526,#14658,#14659);
#12219=AXIS2_PLACEMENT_3D('',#19527,#14660,#14661);
#12220=AXIS2_PLACEMENT_3D('',#19529,#14662,#14663);
#12221=AXIS2_PLACEMENT_3D('',#19531,#14665,#14666);
#12222=AXIS2_PLACEMENT_3D('',#19534,#14668,#14669);
#12223=AXIS2_PLACEMENT_3D('',#19535,#14670,#14671);
#12224=AXIS2_PLACEMENT_3D('',#19537,#14672,#14673);
#12225=AXIS2_PLACEMENT_3D('',#19539,#14675,#14676);
#12226=AXIS2_PLACEMENT_3D('',#19542,#14678,#14679);
#12227=AXIS2_PLACEMENT_3D('',#19543,#14680,#14681);
#12228=AXIS2_PLACEMENT_3D('',#19545,#14682,#14683);
#12229=AXIS2_PLACEMENT_3D('',#19547,#14685,#14686);
#12230=AXIS2_PLACEMENT_3D('',#19550,#14688,#14689);
#12231=AXIS2_PLACEMENT_3D('',#19551,#14690,#14691);
#12232=AXIS2_PLACEMENT_3D('',#19553,#14692,#14693);
#12233=AXIS2_PLACEMENT_3D('',#19555,#14695,#14696);
#12234=AXIS2_PLACEMENT_3D('',#19558,#14698,#14699);
#12235=AXIS2_PLACEMENT_3D('',#19559,#14700,#14701);
#12236=AXIS2_PLACEMENT_3D('',#19561,#14702,#14703);
#12237=AXIS2_PLACEMENT_3D('',#19563,#14705,#14706);
#12238=AXIS2_PLACEMENT_3D('',#19566,#14708,#14709);
#12239=AXIS2_PLACEMENT_3D('',#19567,#14710,#14711);
#12240=AXIS2_PLACEMENT_3D('',#19569,#14712,#14713);
#12241=AXIS2_PLACEMENT_3D('',#19571,#14715,#14716);
#12242=AXIS2_PLACEMENT_3D('',#19574,#14718,#14719);
#12243=AXIS2_PLACEMENT_3D('',#19575,#14720,#14721);
#12244=AXIS2_PLACEMENT_3D('',#19577,#14722,#14723);
#12245=AXIS2_PLACEMENT_3D('',#19579,#14725,#14726);
#12246=AXIS2_PLACEMENT_3D('',#19582,#14728,#14729);
#12247=AXIS2_PLACEMENT_3D('',#19583,#14730,#14731);
#12248=AXIS2_PLACEMENT_3D('',#19585,#14732,#14733);
#12249=AXIS2_PLACEMENT_3D('',#19587,#14735,#14736);
#12250=AXIS2_PLACEMENT_3D('',#19590,#14738,#14739);
#12251=AXIS2_PLACEMENT_3D('',#19591,#14740,#14741);
#12252=AXIS2_PLACEMENT_3D('',#19593,#14742,#14743);
#12253=AXIS2_PLACEMENT_3D('',#19595,#14745,#14746);
#12254=AXIS2_PLACEMENT_3D('',#19598,#14748,#14749);
#12255=AXIS2_PLACEMENT_3D('',#19599,#14750,#14751);
#12256=AXIS2_PLACEMENT_3D('',#19601,#14752,#14753);
#12257=AXIS2_PLACEMENT_3D('',#19603,#14755,#14756);
#12258=AXIS2_PLACEMENT_3D('',#19606,#14758,#14759);
#12259=AXIS2_PLACEMENT_3D('',#19607,#14760,#14761);
#12260=AXIS2_PLACEMENT_3D('',#19609,#14762,#14763);
#12261=AXIS2_PLACEMENT_3D('',#19611,#14765,#14766);
#12262=AXIS2_PLACEMENT_3D('',#19614,#14768,#14769);
#12263=AXIS2_PLACEMENT_3D('',#19615,#14770,#14771);
#12264=AXIS2_PLACEMENT_3D('',#19617,#14772,#14773);
#12265=AXIS2_PLACEMENT_3D('',#19619,#14775,#14776);
#12266=AXIS2_PLACEMENT_3D('',#19622,#14778,#14779);
#12267=AXIS2_PLACEMENT_3D('',#19623,#14780,#14781);
#12268=AXIS2_PLACEMENT_3D('',#19625,#14782,#14783);
#12269=AXIS2_PLACEMENT_3D('',#19627,#14785,#14786);
#12270=AXIS2_PLACEMENT_3D('',#19630,#14788,#14789);
#12271=AXIS2_PLACEMENT_3D('',#19631,#14790,#14791);
#12272=AXIS2_PLACEMENT_3D('',#19633,#14792,#14793);
#12273=AXIS2_PLACEMENT_3D('',#19635,#14795,#14796);
#12274=AXIS2_PLACEMENT_3D('',#19638,#14798,#14799);
#12275=AXIS2_PLACEMENT_3D('',#19639,#14800,#14801);
#12276=AXIS2_PLACEMENT_3D('',#19641,#14802,#14803);
#12277=AXIS2_PLACEMENT_3D('',#19643,#14805,#14806);
#12278=AXIS2_PLACEMENT_3D('',#19646,#14808,#14809);
#12279=AXIS2_PLACEMENT_3D('',#19647,#14810,#14811);
#12280=AXIS2_PLACEMENT_3D('',#19649,#14812,#14813);
#12281=AXIS2_PLACEMENT_3D('',#19651,#14815,#14816);
#12282=AXIS2_PLACEMENT_3D('',#19654,#14818,#14819);
#12283=AXIS2_PLACEMENT_3D('',#19655,#14820,#14821);
#12284=AXIS2_PLACEMENT_3D('',#19657,#14822,#14823);
#12285=AXIS2_PLACEMENT_3D('',#19659,#14825,#14826);
#12286=AXIS2_PLACEMENT_3D('',#19662,#14828,#14829);
#12287=AXIS2_PLACEMENT_3D('',#19663,#14830,#14831);
#12288=AXIS2_PLACEMENT_3D('',#19665,#14832,#14833);
#12289=AXIS2_PLACEMENT_3D('',#19667,#14835,#14836);
#12290=AXIS2_PLACEMENT_3D('',#19670,#14838,#14839);
#12291=AXIS2_PLACEMENT_3D('',#19671,#14840,#14841);
#12292=AXIS2_PLACEMENT_3D('',#19673,#14842,#14843);
#12293=AXIS2_PLACEMENT_3D('',#19675,#14845,#14846);
#12294=AXIS2_PLACEMENT_3D('',#19678,#14848,#14849);
#12295=AXIS2_PLACEMENT_3D('',#19679,#14850,#14851);
#12296=AXIS2_PLACEMENT_3D('',#19681,#14852,#14853);
#12297=AXIS2_PLACEMENT_3D('',#19683,#14855,#14856);
#12298=AXIS2_PLACEMENT_3D('',#19686,#14858,#14859);
#12299=AXIS2_PLACEMENT_3D('',#19687,#14860,#14861);
#12300=AXIS2_PLACEMENT_3D('',#19689,#14862,#14863);
#12301=AXIS2_PLACEMENT_3D('',#19691,#14865,#14866);
#12302=AXIS2_PLACEMENT_3D('',#19694,#14868,#14869);
#12303=AXIS2_PLACEMENT_3D('',#19695,#14870,#14871);
#12304=AXIS2_PLACEMENT_3D('',#19697,#14872,#14873);
#12305=AXIS2_PLACEMENT_3D('',#19699,#14875,#14876);
#12306=AXIS2_PLACEMENT_3D('',#19702,#14878,#14879);
#12307=AXIS2_PLACEMENT_3D('',#19703,#14880,#14881);
#12308=AXIS2_PLACEMENT_3D('',#19705,#14882,#14883);
#12309=AXIS2_PLACEMENT_3D('',#19707,#14885,#14886);
#12310=AXIS2_PLACEMENT_3D('',#19710,#14888,#14889);
#12311=AXIS2_PLACEMENT_3D('',#19711,#14890,#14891);
#12312=AXIS2_PLACEMENT_3D('',#19713,#14892,#14893);
#12313=AXIS2_PLACEMENT_3D('',#19715,#14895,#14896);
#12314=AXIS2_PLACEMENT_3D('',#19718,#14898,#14899);
#12315=AXIS2_PLACEMENT_3D('',#19719,#14900,#14901);
#12316=AXIS2_PLACEMENT_3D('',#19721,#14902,#14903);
#12317=AXIS2_PLACEMENT_3D('',#19723,#14905,#14906);
#12318=AXIS2_PLACEMENT_3D('',#19726,#14908,#14909);
#12319=AXIS2_PLACEMENT_3D('',#19727,#14910,#14911);
#12320=AXIS2_PLACEMENT_3D('',#19729,#14912,#14913);
#12321=AXIS2_PLACEMENT_3D('',#19731,#14915,#14916);
#12322=AXIS2_PLACEMENT_3D('',#19734,#14918,#14919);
#12323=AXIS2_PLACEMENT_3D('',#19735,#14920,#14921);
#12324=AXIS2_PLACEMENT_3D('',#19737,#14922,#14923);
#12325=AXIS2_PLACEMENT_3D('',#19739,#14925,#14926);
#12326=AXIS2_PLACEMENT_3D('',#19742,#14928,#14929);
#12327=AXIS2_PLACEMENT_3D('',#19743,#14930,#14931);
#12328=AXIS2_PLACEMENT_3D('',#19745,#14932,#14933);
#12329=AXIS2_PLACEMENT_3D('',#19747,#14935,#14936);
#12330=AXIS2_PLACEMENT_3D('',#19750,#14938,#14939);
#12331=AXIS2_PLACEMENT_3D('',#19751,#14940,#14941);
#12332=AXIS2_PLACEMENT_3D('',#19753,#14942,#14943);
#12333=AXIS2_PLACEMENT_3D('',#19755,#14945,#14946);
#12334=AXIS2_PLACEMENT_3D('',#19758,#14948,#14949);
#12335=AXIS2_PLACEMENT_3D('',#19759,#14950,#14951);
#12336=AXIS2_PLACEMENT_3D('',#19761,#14952,#14953);
#12337=AXIS2_PLACEMENT_3D('',#19763,#14955,#14956);
#12338=AXIS2_PLACEMENT_3D('',#19766,#14958,#14959);
#12339=AXIS2_PLACEMENT_3D('',#19767,#14960,#14961);
#12340=AXIS2_PLACEMENT_3D('',#19769,#14962,#14963);
#12341=AXIS2_PLACEMENT_3D('',#19771,#14965,#14966);
#12342=AXIS2_PLACEMENT_3D('',#19774,#14968,#14969);
#12343=AXIS2_PLACEMENT_3D('',#19775,#14970,#14971);
#12344=AXIS2_PLACEMENT_3D('',#19777,#14972,#14973);
#12345=AXIS2_PLACEMENT_3D('',#19779,#14975,#14976);
#12346=AXIS2_PLACEMENT_3D('',#19782,#14978,#14979);
#12347=AXIS2_PLACEMENT_3D('',#19783,#14980,#14981);
#12348=AXIS2_PLACEMENT_3D('',#19785,#14982,#14983);
#12349=AXIS2_PLACEMENT_3D('',#19787,#14985,#14986);
#12350=AXIS2_PLACEMENT_3D('',#19790,#14988,#14989);
#12351=AXIS2_PLACEMENT_3D('',#19791,#14990,#14991);
#12352=AXIS2_PLACEMENT_3D('',#19793,#14992,#14993);
#12353=AXIS2_PLACEMENT_3D('',#19795,#14995,#14996);
#12354=AXIS2_PLACEMENT_3D('',#19798,#14998,#14999);
#12355=AXIS2_PLACEMENT_3D('',#19799,#15000,#15001);
#12356=AXIS2_PLACEMENT_3D('',#19801,#15002,#15003);
#12357=AXIS2_PLACEMENT_3D('',#19803,#15005,#15006);
#12358=AXIS2_PLACEMENT_3D('',#19806,#15008,#15009);
#12359=AXIS2_PLACEMENT_3D('',#19807,#15010,#15011);
#12360=AXIS2_PLACEMENT_3D('',#19809,#15012,#15013);
#12361=AXIS2_PLACEMENT_3D('',#19811,#15015,#15016);
#12362=AXIS2_PLACEMENT_3D('',#19814,#15018,#15019);
#12363=AXIS2_PLACEMENT_3D('',#19815,#15020,#15021);
#12364=AXIS2_PLACEMENT_3D('',#19817,#15022,#15023);
#12365=AXIS2_PLACEMENT_3D('',#19819,#15025,#15026);
#12366=AXIS2_PLACEMENT_3D('',#19822,#15028,#15029);
#12367=AXIS2_PLACEMENT_3D('',#19823,#15030,#15031);
#12368=AXIS2_PLACEMENT_3D('',#19825,#15032,#15033);
#12369=AXIS2_PLACEMENT_3D('',#19827,#15035,#15036);
#12370=AXIS2_PLACEMENT_3D('',#19830,#15038,#15039);
#12371=AXIS2_PLACEMENT_3D('',#19831,#15040,#15041);
#12372=AXIS2_PLACEMENT_3D('',#19833,#15042,#15043);
#12373=AXIS2_PLACEMENT_3D('',#19835,#15045,#15046);
#12374=AXIS2_PLACEMENT_3D('',#19838,#15048,#15049);
#12375=AXIS2_PLACEMENT_3D('',#19839,#15050,#15051);
#12376=AXIS2_PLACEMENT_3D('',#19841,#15052,#15053);
#12377=AXIS2_PLACEMENT_3D('',#19843,#15055,#15056);
#12378=AXIS2_PLACEMENT_3D('',#19846,#15058,#15059);
#12379=AXIS2_PLACEMENT_3D('',#19847,#15060,#15061);
#12380=AXIS2_PLACEMENT_3D('',#19849,#15062,#15063);
#12381=AXIS2_PLACEMENT_3D('',#19851,#15065,#15066);
#12382=AXIS2_PLACEMENT_3D('',#19854,#15068,#15069);
#12383=AXIS2_PLACEMENT_3D('',#19855,#15070,#15071);
#12384=AXIS2_PLACEMENT_3D('',#19857,#15072,#15073);
#12385=AXIS2_PLACEMENT_3D('',#19859,#15075,#15076);
#12386=AXIS2_PLACEMENT_3D('',#19862,#15078,#15079);
#12387=AXIS2_PLACEMENT_3D('',#19863,#15080,#15081);
#12388=AXIS2_PLACEMENT_3D('',#19865,#15082,#15083);
#12389=AXIS2_PLACEMENT_3D('',#19867,#15085,#15086);
#12390=AXIS2_PLACEMENT_3D('',#19870,#15088,#15089);
#12391=AXIS2_PLACEMENT_3D('',#19871,#15090,#15091);
#12392=AXIS2_PLACEMENT_3D('',#19873,#15092,#15093);
#12393=AXIS2_PLACEMENT_3D('',#19875,#15095,#15096);
#12394=AXIS2_PLACEMENT_3D('',#19878,#15098,#15099);
#12395=AXIS2_PLACEMENT_3D('',#19879,#15100,#15101);
#12396=AXIS2_PLACEMENT_3D('',#19881,#15102,#15103);
#12397=AXIS2_PLACEMENT_3D('',#19883,#15105,#15106);
#12398=AXIS2_PLACEMENT_3D('',#19886,#15108,#15109);
#12399=AXIS2_PLACEMENT_3D('',#19887,#15110,#15111);
#12400=AXIS2_PLACEMENT_3D('',#19889,#15112,#15113);
#12401=AXIS2_PLACEMENT_3D('',#19891,#15115,#15116);
#12402=AXIS2_PLACEMENT_3D('',#19894,#15118,#15119);
#12403=AXIS2_PLACEMENT_3D('',#19895,#15120,#15121);
#12404=AXIS2_PLACEMENT_3D('',#19897,#15122,#15123);
#12405=AXIS2_PLACEMENT_3D('',#19899,#15125,#15126);
#12406=AXIS2_PLACEMENT_3D('',#19902,#15128,#15129);
#12407=AXIS2_PLACEMENT_3D('',#19903,#15130,#15131);
#12408=AXIS2_PLACEMENT_3D('',#19905,#15132,#15133);
#12409=AXIS2_PLACEMENT_3D('',#19907,#15135,#15136);
#12410=AXIS2_PLACEMENT_3D('',#19910,#15138,#15139);
#12411=AXIS2_PLACEMENT_3D('',#19911,#15140,#15141);
#12412=AXIS2_PLACEMENT_3D('',#19913,#15142,#15143);
#12413=AXIS2_PLACEMENT_3D('',#19915,#15145,#15146);
#12414=AXIS2_PLACEMENT_3D('',#19918,#15148,#15149);
#12415=AXIS2_PLACEMENT_3D('',#19919,#15150,#15151);
#12416=AXIS2_PLACEMENT_3D('',#19921,#15152,#15153);
#12417=AXIS2_PLACEMENT_3D('',#19923,#15155,#15156);
#12418=AXIS2_PLACEMENT_3D('',#19926,#15158,#15159);
#12419=AXIS2_PLACEMENT_3D('',#19927,#15160,#15161);
#12420=AXIS2_PLACEMENT_3D('',#19929,#15162,#15163);
#12421=AXIS2_PLACEMENT_3D('',#19931,#15165,#15166);
#12422=AXIS2_PLACEMENT_3D('',#19934,#15168,#15169);
#12423=AXIS2_PLACEMENT_3D('',#19935,#15170,#15171);
#12424=AXIS2_PLACEMENT_3D('',#19937,#15172,#15173);
#12425=AXIS2_PLACEMENT_3D('',#19939,#15175,#15176);
#12426=AXIS2_PLACEMENT_3D('',#19942,#15178,#15179);
#12427=AXIS2_PLACEMENT_3D('',#19943,#15180,#15181);
#12428=AXIS2_PLACEMENT_3D('',#19945,#15182,#15183);
#12429=AXIS2_PLACEMENT_3D('',#19947,#15185,#15186);
#12430=AXIS2_PLACEMENT_3D('',#19950,#15188,#15189);
#12431=AXIS2_PLACEMENT_3D('',#19951,#15190,#15191);
#12432=AXIS2_PLACEMENT_3D('',#19953,#15192,#15193);
#12433=AXIS2_PLACEMENT_3D('',#19955,#15195,#15196);
#12434=AXIS2_PLACEMENT_3D('',#19958,#15198,#15199);
#12435=AXIS2_PLACEMENT_3D('',#19959,#15200,#15201);
#12436=AXIS2_PLACEMENT_3D('',#19961,#15202,#15203);
#12437=AXIS2_PLACEMENT_3D('',#19963,#15205,#15206);
#12438=AXIS2_PLACEMENT_3D('',#19966,#15208,#15209);
#12439=AXIS2_PLACEMENT_3D('',#19967,#15210,#15211);
#12440=AXIS2_PLACEMENT_3D('',#19969,#15212,#15213);
#12441=AXIS2_PLACEMENT_3D('',#19971,#15215,#15216);
#12442=AXIS2_PLACEMENT_3D('',#19974,#15218,#15219);
#12443=AXIS2_PLACEMENT_3D('',#19975,#15220,#15221);
#12444=AXIS2_PLACEMENT_3D('',#19977,#15222,#15223);
#12445=AXIS2_PLACEMENT_3D('',#19979,#15225,#15226);
#12446=AXIS2_PLACEMENT_3D('',#19982,#15228,#15229);
#12447=AXIS2_PLACEMENT_3D('',#19983,#15230,#15231);
#12448=AXIS2_PLACEMENT_3D('',#19985,#15232,#15233);
#12449=AXIS2_PLACEMENT_3D('',#19987,#15235,#15236);
#12450=AXIS2_PLACEMENT_3D('',#19990,#15238,#15239);
#12451=AXIS2_PLACEMENT_3D('',#19991,#15240,#15241);
#12452=AXIS2_PLACEMENT_3D('',#19993,#15242,#15243);
#12453=AXIS2_PLACEMENT_3D('',#19995,#15245,#15246);
#12454=AXIS2_PLACEMENT_3D('',#19998,#15248,#15249);
#12455=AXIS2_PLACEMENT_3D('',#19999,#15250,#15251);
#12456=AXIS2_PLACEMENT_3D('',#20001,#15252,#15253);
#12457=AXIS2_PLACEMENT_3D('',#20003,#15255,#15256);
#12458=AXIS2_PLACEMENT_3D('',#20006,#15258,#15259);
#12459=AXIS2_PLACEMENT_3D('',#20007,#15260,#15261);
#12460=AXIS2_PLACEMENT_3D('',#20009,#15262,#15263);
#12461=AXIS2_PLACEMENT_3D('',#20011,#15265,#15266);
#12462=AXIS2_PLACEMENT_3D('',#20014,#15268,#15269);
#12463=AXIS2_PLACEMENT_3D('',#20015,#15270,#15271);
#12464=AXIS2_PLACEMENT_3D('',#20021,#15275,#15276);
#12465=AXIS2_PLACEMENT_3D('',#20025,#15279,#15280);
#12466=AXIS2_PLACEMENT_3D('',#20029,#15283,#15284);
#12467=AXIS2_PLACEMENT_3D('',#20031,#15286,#15287);
#12468=AXIS2_PLACEMENT_3D('',#20033,#15288,#15289);
#12469=AXIS2_PLACEMENT_3D('',#20035,#15291,#15292);
#12470=AXIS2_PLACEMENT_3D('',#20037,#15293,#15294);
#12471=AXIS2_PLACEMENT_3D('',#20039,#15296,#15297);
#12472=AXIS2_PLACEMENT_3D('',#20041,#15298,#15299);
#12473=AXIS2_PLACEMENT_3D('',#20043,#15301,#15302);
#12474=AXIS2_PLACEMENT_3D('',#20045,#15303,#15304);
#12475=AXIS2_PLACEMENT_3D('',#20047,#15306,#15307);
#12476=AXIS2_PLACEMENT_3D('',#20053,#15311,#15312);
#12477=AXIS2_PLACEMENT_3D('',#20055,#15314,#15315);
#12478=AXIS2_PLACEMENT_3D('',#20057,#15317,#15318);
#12479=AXIS2_PLACEMENT_3D('',#20058,#15319,#15320);
#12480=AXIS2_PLACEMENT_3D('',#20059,#15321,#15322);
#12481=AXIS2_PLACEMENT_3D('',#20066,#15326,#15327);
#12482=AXIS2_PLACEMENT_3D('',#20073,#15331,#15332);
#12483=AXIS2_PLACEMENT_3D('',#20076,#15335,#15336);
#12484=AXIS2_PLACEMENT_3D('',#20078,#15338,#15339);
#12485=AXIS2_PLACEMENT_3D('',#20079,#15340,#15341);
#12486=AXIS2_PLACEMENT_3D('',#20088,#15346,#15347);
#12487=AXIS2_PLACEMENT_3D('',#20094,#15351,#15352);
#12488=AXIS2_PLACEMENT_3D('',#20097,#15355,#15356);
#12489=AXIS2_PLACEMENT_3D('',#20098,#15357,#15358);
#12490=AXIS2_PLACEMENT_3D('',#20099,#15359,#15360);
#12491=AXIS2_PLACEMENT_3D('',#20126,#15362,#15363);
#12492=AXIS2_PLACEMENT_3D('',#20195,#15369,#15370);
#12493=DIRECTION('axis',(0.,0.,1.));
#12494=DIRECTION('refdir',(1.,0.,0.));
#12495=DIRECTION('center_axis',(1.,0.,0.));
#12496=DIRECTION('ref_axis',(0.,1.,0.));
#12497=DIRECTION('center_axis',(-1.,0.,0.));
#12498=DIRECTION('ref_axis',(0.,1.,0.));
#12499=DIRECTION('',(-0.707106781186548,0.707106781186547,-8.65956056235493E-17));
#12500=DIRECTION('center_axis',(-1.,0.,0.));
#12501=DIRECTION('ref_axis',(0.,1.,0.));
#12502=DIRECTION('center_axis',(-1.,0.,0.));
#12503=DIRECTION('ref_axis',(0.,1.,0.));
#12504=DIRECTION('',(-1.,0.,0.));
#12505=DIRECTION('center_axis',(1.,0.,0.));
#12506=DIRECTION('ref_axis',(0.,1.,0.));
#12507=DIRECTION('center_axis',(-1.,0.,0.));
#12508=DIRECTION('ref_axis',(0.,-1.,0.));
#12509=DIRECTION('center_axis',(1.,0.,0.));
#12510=DIRECTION('ref_axis',(0.,-1.,0.));
#12511=DIRECTION('',(0.707106781186548,-0.707106781186547,-8.65956056235493E-17));
#12512=DIRECTION('center_axis',(1.,0.,0.));
#12513=DIRECTION('ref_axis',(0.,-1.,0.));
#12514=DIRECTION('center_axis',(1.,0.,0.));
#12515=DIRECTION('ref_axis',(0.,-1.,0.));
#12516=DIRECTION('',(1.,0.,0.));
#12517=DIRECTION('center_axis',(-1.,0.,0.));
#12518=DIRECTION('ref_axis',(0.,-1.,0.));
#12519=DIRECTION('center_axis',(-0.408248290463863,-0.816496580927726,-0.408248290463863));
#12520=DIRECTION('ref_axis',(-0.577350269189625,0.577350269189628,-0.577350269189625));
#12521=DIRECTION('center_axis',(-1.,0.,0.));
#12522=DIRECTION('ref_axis',(0.,0.,-1.));
#12523=DIRECTION('center_axis',(0.,1.,0.));
#12524=DIRECTION('ref_axis',(-1.,0.,0.));
#12525=DIRECTION('center_axis',(0.,0.,-1.));
#12526=DIRECTION('ref_axis',(0.,1.,0.));
#12527=DIRECTION('center_axis',(0.408248290463863,-0.816496580927726,0.408248290463863));
#12528=DIRECTION('ref_axis',(-0.577350269189626,-0.577350269189626,-0.577350269189626));
#12529=DIRECTION('center_axis',(0.,0.,-1.));
#12530=DIRECTION('ref_axis',(-1.,0.,0.));
#12531=DIRECTION('center_axis',(0.,-1.,0.));
#12532=DIRECTION('ref_axis',(0.,0.,-1.));
#12533=DIRECTION('center_axis',(-1.,0.,0.));
#12534=DIRECTION('ref_axis',(0.,-1.,0.));
#12535=DIRECTION('center_axis',(0.,-1.,0.));
#12536=DIRECTION('ref_axis',(-0.707106781186547,0.,-0.707106781186547));
#12537=DIRECTION('',(0.,1.,0.));
#12538=DIRECTION('',(0.,-1.,0.));
#12539=DIRECTION('center_axis',(0.,0.,1.));
#12540=DIRECTION('ref_axis',(-0.707106781186547,-0.707106781186547,0.));
#12541=DIRECTION('',(0.,0.,-1.));
#12542=DIRECTION('',(0.,0.,1.));
#12543=DIRECTION('center_axis',(0.,-0.707106781186548,-0.707106781186548));
#12544=DIRECTION('ref_axis',(0.,0.707106781186547,-0.707106781186547));
#12545=DIRECTION('center_axis',(0.408248290463865,-0.816496580927725,-0.408248290463863));
#12546=DIRECTION('ref_axis',(0.577350269189627,0.577350269189627,-0.577350269189624));
#12547=DIRECTION('center_axis',(0.,0.,-1.));
#12548=DIRECTION('ref_axis',(1.,0.,0.));
#12549=DIRECTION('center_axis',(0.,1.,0.));
#12550=DIRECTION('ref_axis',(0.,0.,-1.));
#12551=DIRECTION('center_axis',(1.,0.,0.));
#12552=DIRECTION('ref_axis',(0.,1.,0.));
#12553=DIRECTION('center_axis',(-0.408248290463864,-0.816496580927726,0.408248290463863));
#12554=DIRECTION('ref_axis',(-0.577350269189625,0.577350269189628,0.577350269189625));
#12555=DIRECTION('center_axis',(-1.,0.,0.));
#12556=DIRECTION('ref_axis',(0.,1.,0.));
#12557=DIRECTION('center_axis',(0.,0.,1.));
#12558=DIRECTION('ref_axis',(-1.,0.,0.));
#12559=DIRECTION('center_axis',(0.,1.,0.));
#12560=DIRECTION('ref_axis',(0.,0.,1.));
#12561=DIRECTION('center_axis',(0.,0.,1.));
#12562=DIRECTION('ref_axis',(-0.707106781186547,0.707106781186547,0.));
#12563=DIRECTION('',(0.,0.,-1.));
#12564=DIRECTION('',(0.,0.,1.));
#12565=DIRECTION('center_axis',(0.,-1.,0.));
#12566=DIRECTION('ref_axis',(-0.707106781186547,0.,0.707106781186547));
#12567=DIRECTION('',(0.,1.,0.));
#12568=DIRECTION('',(0.,-1.,0.));
#12569=DIRECTION('center_axis',(-0.408248290463865,-0.816496580927725,0.408248290463863));
#12570=DIRECTION('ref_axis',(0.577350269189628,-0.577350269189625,-0.577350269189625));
#12571=DIRECTION('center_axis',(0.,0.,-1.));
#12572=DIRECTION('ref_axis',(0.,-1.,0.));
#12573=DIRECTION('center_axis',(1.,0.,0.));
#12574=DIRECTION('ref_axis',(0.,0.,-1.));
#12575=DIRECTION('center_axis',(0.,-1.,0.));
#12576=DIRECTION('ref_axis',(1.,0.,0.));
#12577=DIRECTION('center_axis',(1.,0.,0.));
#12578=DIRECTION('ref_axis',(0.,-0.707106781186547,-0.707106781186547));
#12579=DIRECTION('',(-1.,0.,0.));
#12580=DIRECTION('',(1.,0.,0.));
#12581=DIRECTION('center_axis',(0.,1.,0.));
#12582=DIRECTION('ref_axis',(0.707106781186547,0.,-0.707106781186547));
#12583=DIRECTION('',(0.,-1.,0.));
#12584=DIRECTION('',(0.,1.,0.));
#12585=DIRECTION('center_axis',(0.408248290463865,-0.816496580927725,0.408248290463863));
#12586=DIRECTION('ref_axis',(0.577350269189627,0.577350269189627,0.577350269189624));
#12587=DIRECTION('center_axis',(0.,1.,0.));
#12588=DIRECTION('ref_axis',(1.,0.,0.));
#12589=DIRECTION('center_axis',(0.,0.,1.));
#12590=DIRECTION('ref_axis',(0.,1.,0.));
#12591=DIRECTION('center_axis',(1.,0.,0.));
#12592=DIRECTION('ref_axis',(0.,0.,1.));
#12593=DIRECTION('center_axis',(0.,0.,1.));
#12594=DIRECTION('ref_axis',(0.707106781186547,0.707106781186547,0.));
#12595=DIRECTION('',(0.,0.,-1.));
#12596=DIRECTION('',(0.,0.,1.));
#12597=DIRECTION('center_axis',(-1.,0.,0.));
#12598=DIRECTION('ref_axis',(0.,0.707106781186547,0.707106781186547));
#12599=DIRECTION('',(1.,0.,0.));
#12600=DIRECTION('',(-1.,0.,0.));
#12601=DIRECTION('center_axis',(0.,0.,1.));
#12602=DIRECTION('ref_axis',(0.707106781186547,-0.707106781186547,0.));
#12603=DIRECTION('',(0.,0.,-1.));
#12604=DIRECTION('',(0.,0.,1.));
#12605=DIRECTION('center_axis',(0.,-0.707106781186548,-0.707106781186548));
#12606=DIRECTION('ref_axis',(0.,0.707106781186547,-0.707106781186547));
#12607=DIRECTION('center_axis',(0.,1.,0.));
#12608=DIRECTION('ref_axis',(0.707106781186547,0.,0.707106781186547));
#12609=DIRECTION('',(0.,1.,0.));
#12610=DIRECTION('',(0.,-1.,0.));
#12611=DIRECTION('center_axis',(-1.,0.,0.));
#12612=DIRECTION('ref_axis',(0.,0.707106781186547,-0.707106781186547));
#12613=DIRECTION('',(1.,0.,0.));
#12614=DIRECTION('',(-1.,0.,0.));
#12615=DIRECTION('center_axis',(0.,0.,1.));
#12616=DIRECTION('ref_axis',(1.,0.,0.));
#12617=DIRECTION('',(1.,0.,0.));
#12618=DIRECTION('center_axis',(-1.,0.,0.));
#12619=DIRECTION('ref_axis',(0.,-1.,0.));
#12620=DIRECTION('center_axis',(1.,0.,0.));
#12621=DIRECTION('ref_axis',(0.,1.,0.));
#12622=DIRECTION('center_axis',(1.,0.,0.));
#12623=DIRECTION('ref_axis',(0.,1.,0.));
#12624=DIRECTION('center_axis',(1.,0.,0.));
#12625=DIRECTION('ref_axis',(0.,1.,0.));
#12626=DIRECTION('center_axis',(1.,0.,0.));
#12627=DIRECTION('ref_axis',(0.,1.,0.));
#12628=DIRECTION('center_axis',(1.,0.,0.));
#12629=DIRECTION('ref_axis',(0.,1.,0.));
#12630=DIRECTION('center_axis',(1.,0.,0.));
#12631=DIRECTION('ref_axis',(0.,1.,0.));
#12632=DIRECTION('center_axis',(1.,0.,0.));
#12633=DIRECTION('ref_axis',(0.,1.,0.));
#12634=DIRECTION('center_axis',(1.,0.,0.));
#12635=DIRECTION('ref_axis',(0.,1.,0.));
#12636=DIRECTION('center_axis',(1.,0.,0.));
#12637=DIRECTION('ref_axis',(0.,1.,0.));
#12638=DIRECTION('center_axis',(1.,0.,0.));
#12639=DIRECTION('ref_axis',(0.,1.,0.));
#12640=DIRECTION('center_axis',(1.,0.,0.));
#12641=DIRECTION('ref_axis',(0.,1.,0.));
#12642=DIRECTION('center_axis',(1.,0.,0.));
#12643=DIRECTION('ref_axis',(0.,1.,0.));
#12644=DIRECTION('center_axis',(1.,0.,0.));
#12645=DIRECTION('ref_axis',(0.,1.,0.));
#12646=DIRECTION('center_axis',(1.,0.,0.));
#12647=DIRECTION('ref_axis',(0.,1.,0.));
#12648=DIRECTION('center_axis',(1.,0.,0.));
#12649=DIRECTION('ref_axis',(0.,1.,0.));
#12650=DIRECTION('center_axis',(1.,0.,0.));
#12651=DIRECTION('ref_axis',(0.,1.,0.));
#12652=DIRECTION('center_axis',(1.,0.,0.));
#12653=DIRECTION('ref_axis',(0.,1.,0.));
#12654=DIRECTION('center_axis',(1.,0.,0.));
#12655=DIRECTION('ref_axis',(0.,1.,0.));
#12656=DIRECTION('center_axis',(1.,0.,0.));
#12657=DIRECTION('ref_axis',(0.,1.,0.));
#12658=DIRECTION('center_axis',(1.,0.,0.));
#12659=DIRECTION('ref_axis',(0.,1.,0.));
#12660=DIRECTION('center_axis',(1.,0.,0.));
#12661=DIRECTION('ref_axis',(0.,1.,0.));
#12662=DIRECTION('center_axis',(1.,0.,0.));
#12663=DIRECTION('ref_axis',(0.,1.,0.));
#12664=DIRECTION('center_axis',(1.,0.,0.));
#12665=DIRECTION('ref_axis',(0.,1.,0.));
#12666=DIRECTION('center_axis',(1.,0.,0.));
#12667=DIRECTION('ref_axis',(0.,1.,0.));
#12668=DIRECTION('center_axis',(1.,0.,0.));
#12669=DIRECTION('ref_axis',(0.,1.,0.));
#12670=DIRECTION('center_axis',(1.,0.,0.));
#12671=DIRECTION('ref_axis',(0.,1.,0.));
#12672=DIRECTION('center_axis',(1.,0.,0.));
#12673=DIRECTION('ref_axis',(0.,1.,0.));
#12674=DIRECTION('center_axis',(1.,0.,0.));
#12675=DIRECTION('ref_axis',(0.,1.,0.));
#12676=DIRECTION('center_axis',(1.,0.,0.));
#12677=DIRECTION('ref_axis',(0.,1.,0.));
#12678=DIRECTION('center_axis',(1.,0.,0.));
#12679=DIRECTION('ref_axis',(0.,1.,0.));
#12680=DIRECTION('center_axis',(1.,0.,0.));
#12681=DIRECTION('ref_axis',(0.,1.,0.));
#12682=DIRECTION('center_axis',(1.,0.,0.));
#12683=DIRECTION('ref_axis',(0.,1.,0.));
#12684=DIRECTION('center_axis',(1.,0.,0.));
#12685=DIRECTION('ref_axis',(0.,1.,0.));
#12686=DIRECTION('center_axis',(1.,0.,0.));
#12687=DIRECTION('ref_axis',(0.,1.,0.));
#12688=DIRECTION('center_axis',(1.,0.,0.));
#12689=DIRECTION('ref_axis',(0.,1.,0.));
#12690=DIRECTION('center_axis',(1.,0.,0.));
#12691=DIRECTION('ref_axis',(0.,1.,0.));
#12692=DIRECTION('center_axis',(1.,0.,0.));
#12693=DIRECTION('ref_axis',(0.,1.,0.));
#12694=DIRECTION('center_axis',(1.,0.,0.));
#12695=DIRECTION('ref_axis',(0.,1.,0.));
#12696=DIRECTION('center_axis',(1.,0.,0.));
#12697=DIRECTION('ref_axis',(0.,1.,0.));
#12698=DIRECTION('center_axis',(1.,0.,0.));
#12699=DIRECTION('ref_axis',(0.,1.,0.));
#12700=DIRECTION('center_axis',(1.,0.,0.));
#12701=DIRECTION('ref_axis',(0.,1.,0.));
#12702=DIRECTION('center_axis',(1.,0.,0.));
#12703=DIRECTION('ref_axis',(0.,1.,0.));
#12704=DIRECTION('center_axis',(1.,0.,0.));
#12705=DIRECTION('ref_axis',(0.,1.,0.));
#12706=DIRECTION('center_axis',(1.,0.,0.));
#12707=DIRECTION('ref_axis',(0.,1.,0.));
#12708=DIRECTION('center_axis',(1.,0.,0.));
#12709=DIRECTION('ref_axis',(0.,1.,0.));
#12710=DIRECTION('center_axis',(1.,0.,0.));
#12711=DIRECTION('ref_axis',(0.,1.,0.));
#12712=DIRECTION('center_axis',(1.,0.,0.));
#12713=DIRECTION('ref_axis',(0.,1.,0.));
#12714=DIRECTION('center_axis',(1.,0.,0.));
#12715=DIRECTION('ref_axis',(0.,1.,0.));
#12716=DIRECTION('center_axis',(1.,0.,0.));
#12717=DIRECTION('ref_axis',(0.,1.,0.));
#12718=DIRECTION('center_axis',(1.,0.,0.));
#12719=DIRECTION('ref_axis',(0.,1.,0.));
#12720=DIRECTION('center_axis',(1.,0.,0.));
#12721=DIRECTION('ref_axis',(0.,1.,0.));
#12722=DIRECTION('center_axis',(1.,0.,0.));
#12723=DIRECTION('ref_axis',(0.,1.,0.));
#12724=DIRECTION('center_axis',(1.,0.,0.));
#12725=DIRECTION('ref_axis',(0.,1.,0.));
#12726=DIRECTION('center_axis',(1.,0.,0.));
#12727=DIRECTION('ref_axis',(0.,1.,0.));
#12728=DIRECTION('center_axis',(1.,0.,0.));
#12729=DIRECTION('ref_axis',(0.,1.,0.));
#12730=DIRECTION('center_axis',(1.,0.,0.));
#12731=DIRECTION('ref_axis',(0.,1.,0.));
#12732=DIRECTION('center_axis',(1.,0.,0.));
#12733=DIRECTION('ref_axis',(0.,1.,0.));
#12734=DIRECTION('center_axis',(1.,0.,0.));
#12735=DIRECTION('ref_axis',(0.,1.,0.));
#12736=DIRECTION('center_axis',(1.,0.,0.));
#12737=DIRECTION('ref_axis',(0.,1.,0.));
#12738=DIRECTION('center_axis',(1.,0.,0.));
#12739=DIRECTION('ref_axis',(0.,1.,0.));
#12740=DIRECTION('center_axis',(1.,0.,0.));
#12741=DIRECTION('ref_axis',(0.,1.,0.));
#12742=DIRECTION('center_axis',(1.,0.,0.));
#12743=DIRECTION('ref_axis',(0.,1.,0.));
#12744=DIRECTION('center_axis',(1.,0.,0.));
#12745=DIRECTION('ref_axis',(0.,1.,0.));
#12746=DIRECTION('center_axis',(1.,0.,0.));
#12747=DIRECTION('ref_axis',(0.,1.,0.));
#12748=DIRECTION('center_axis',(1.,0.,0.));
#12749=DIRECTION('ref_axis',(0.,1.,0.));
#12750=DIRECTION('center_axis',(1.,0.,0.));
#12751=DIRECTION('ref_axis',(0.,1.,0.));
#12752=DIRECTION('center_axis',(1.,0.,0.));
#12753=DIRECTION('ref_axis',(0.,1.,0.));
#12754=DIRECTION('center_axis',(1.,0.,0.));
#12755=DIRECTION('ref_axis',(0.,1.,0.));
#12756=DIRECTION('center_axis',(1.,0.,0.));
#12757=DIRECTION('ref_axis',(0.,1.,0.));
#12758=DIRECTION('center_axis',(1.,0.,0.));
#12759=DIRECTION('ref_axis',(0.,1.,0.));
#12760=DIRECTION('center_axis',(1.,0.,0.));
#12761=DIRECTION('ref_axis',(0.,1.,0.));
#12762=DIRECTION('center_axis',(1.,0.,0.));
#12763=DIRECTION('ref_axis',(0.,1.,0.));
#12764=DIRECTION('center_axis',(1.,0.,0.));
#12765=DIRECTION('ref_axis',(0.,1.,0.));
#12766=DIRECTION('center_axis',(1.,0.,0.));
#12767=DIRECTION('ref_axis',(0.,1.,0.));
#12768=DIRECTION('center_axis',(1.,0.,0.));
#12769=DIRECTION('ref_axis',(0.,1.,0.));
#12770=DIRECTION('center_axis',(1.,0.,0.));
#12771=DIRECTION('ref_axis',(0.,1.,0.));
#12772=DIRECTION('center_axis',(1.,0.,0.));
#12773=DIRECTION('ref_axis',(0.,1.,0.));
#12774=DIRECTION('center_axis',(1.,0.,0.));
#12775=DIRECTION('ref_axis',(0.,1.,0.));
#12776=DIRECTION('center_axis',(1.,0.,0.));
#12777=DIRECTION('ref_axis',(0.,1.,0.));
#12778=DIRECTION('center_axis',(1.,0.,0.));
#12779=DIRECTION('ref_axis',(0.,1.,0.));
#12780=DIRECTION('center_axis',(1.,0.,0.));
#12781=DIRECTION('ref_axis',(0.,1.,0.));
#12782=DIRECTION('center_axis',(1.,0.,0.));
#12783=DIRECTION('ref_axis',(0.,1.,0.));
#12784=DIRECTION('center_axis',(1.,0.,0.));
#12785=DIRECTION('ref_axis',(0.,1.,0.));
#12786=DIRECTION('center_axis',(1.,0.,0.));
#12787=DIRECTION('ref_axis',(0.,1.,0.));
#12788=DIRECTION('center_axis',(1.,0.,0.));
#12789=DIRECTION('ref_axis',(0.,1.,0.));
#12790=DIRECTION('center_axis',(1.,0.,0.));
#12791=DIRECTION('ref_axis',(0.,1.,0.));
#12792=DIRECTION('center_axis',(1.,0.,0.));
#12793=DIRECTION('ref_axis',(0.,1.,0.));
#12794=DIRECTION('center_axis',(1.,0.,0.));
#12795=DIRECTION('ref_axis',(0.,1.,0.));
#12796=DIRECTION('center_axis',(1.,0.,0.));
#12797=DIRECTION('ref_axis',(0.,1.,0.));
#12798=DIRECTION('center_axis',(1.,0.,0.));
#12799=DIRECTION('ref_axis',(0.,1.,0.));
#12800=DIRECTION('center_axis',(1.,0.,0.));
#12801=DIRECTION('ref_axis',(0.,1.,0.));
#12802=DIRECTION('center_axis',(1.,0.,0.));
#12803=DIRECTION('ref_axis',(0.,1.,0.));
#12804=DIRECTION('center_axis',(1.,0.,0.));
#12805=DIRECTION('ref_axis',(0.,1.,0.));
#12806=DIRECTION('center_axis',(1.,0.,0.));
#12807=DIRECTION('ref_axis',(0.,1.,0.));
#12808=DIRECTION('center_axis',(1.,0.,0.));
#12809=DIRECTION('ref_axis',(0.,1.,0.));
#12810=DIRECTION('center_axis',(1.,0.,0.));
#12811=DIRECTION('ref_axis',(0.,1.,0.));
#12812=DIRECTION('center_axis',(1.,0.,0.));
#12813=DIRECTION('ref_axis',(0.,1.,0.));
#12814=DIRECTION('center_axis',(1.,0.,0.));
#12815=DIRECTION('ref_axis',(0.,1.,0.));
#12816=DIRECTION('center_axis',(1.,0.,0.));
#12817=DIRECTION('ref_axis',(0.,1.,0.));
#12818=DIRECTION('center_axis',(1.,0.,0.));
#12819=DIRECTION('ref_axis',(0.,1.,0.));
#12820=DIRECTION('center_axis',(1.,0.,0.));
#12821=DIRECTION('ref_axis',(0.,1.,0.));
#12822=DIRECTION('center_axis',(1.,0.,0.));
#12823=DIRECTION('ref_axis',(0.,1.,0.));
#12824=DIRECTION('center_axis',(1.,0.,0.));
#12825=DIRECTION('ref_axis',(0.,1.,0.));
#12826=DIRECTION('center_axis',(1.,0.,0.));
#12827=DIRECTION('ref_axis',(0.,1.,0.));
#12828=DIRECTION('center_axis',(1.,0.,0.));
#12829=DIRECTION('ref_axis',(0.,1.,0.));
#12830=DIRECTION('center_axis',(1.,0.,0.));
#12831=DIRECTION('ref_axis',(0.,1.,0.));
#12832=DIRECTION('center_axis',(1.,0.,0.));
#12833=DIRECTION('ref_axis',(0.,1.,0.));
#12834=DIRECTION('center_axis',(1.,0.,0.));
#12835=DIRECTION('ref_axis',(0.,1.,0.));
#12836=DIRECTION('center_axis',(1.,0.,0.));
#12837=DIRECTION('ref_axis',(0.,1.,0.));
#12838=DIRECTION('center_axis',(1.,0.,0.));
#12839=DIRECTION('ref_axis',(0.,1.,0.));
#12840=DIRECTION('center_axis',(1.,0.,0.));
#12841=DIRECTION('ref_axis',(0.,1.,0.));
#12842=DIRECTION('center_axis',(1.,0.,0.));
#12843=DIRECTION('ref_axis',(0.,1.,0.));
#12844=DIRECTION('center_axis',(1.,0.,0.));
#12845=DIRECTION('ref_axis',(0.,1.,0.));
#12846=DIRECTION('center_axis',(1.,0.,0.));
#12847=DIRECTION('ref_axis',(0.,1.,0.));
#12848=DIRECTION('center_axis',(1.,0.,0.));
#12849=DIRECTION('ref_axis',(0.,1.,0.));
#12850=DIRECTION('center_axis',(1.,0.,0.));
#12851=DIRECTION('ref_axis',(0.,1.,0.));
#12852=DIRECTION('center_axis',(1.,0.,0.));
#12853=DIRECTION('ref_axis',(0.,1.,0.));
#12854=DIRECTION('center_axis',(1.,0.,0.));
#12855=DIRECTION('ref_axis',(0.,1.,0.));
#12856=DIRECTION('center_axis',(1.,0.,0.));
#12857=DIRECTION('ref_axis',(0.,1.,0.));
#12858=DIRECTION('center_axis',(1.,0.,0.));
#12859=DIRECTION('ref_axis',(0.,1.,0.));
#12860=DIRECTION('center_axis',(1.,0.,0.));
#12861=DIRECTION('ref_axis',(0.,1.,0.));
#12862=DIRECTION('center_axis',(1.,0.,0.));
#12863=DIRECTION('ref_axis',(0.,1.,0.));
#12864=DIRECTION('center_axis',(1.,0.,0.));
#12865=DIRECTION('ref_axis',(0.,1.,0.));
#12866=DIRECTION('center_axis',(1.,0.,0.));
#12867=DIRECTION('ref_axis',(0.,1.,0.));
#12868=DIRECTION('center_axis',(1.,0.,0.));
#12869=DIRECTION('ref_axis',(0.,1.,0.));
#12870=DIRECTION('center_axis',(1.,0.,0.));
#12871=DIRECTION('ref_axis',(0.,1.,0.));
#12872=DIRECTION('center_axis',(1.,0.,0.));
#12873=DIRECTION('ref_axis',(0.,1.,0.));
#12874=DIRECTION('center_axis',(1.,0.,0.));
#12875=DIRECTION('ref_axis',(0.,1.,0.));
#12876=DIRECTION('center_axis',(1.,0.,0.));
#12877=DIRECTION('ref_axis',(0.,1.,0.));
#12878=DIRECTION('center_axis',(1.,0.,0.));
#12879=DIRECTION('ref_axis',(0.,1.,0.));
#12880=DIRECTION('center_axis',(1.,0.,0.));
#12881=DIRECTION('ref_axis',(0.,1.,0.));
#12882=DIRECTION('center_axis',(1.,0.,0.));
#12883=DIRECTION('ref_axis',(0.,1.,0.));
#12884=DIRECTION('center_axis',(1.,0.,0.));
#12885=DIRECTION('ref_axis',(0.,1.,0.));
#12886=DIRECTION('center_axis',(1.,0.,0.));
#12887=DIRECTION('ref_axis',(0.,1.,0.));
#12888=DIRECTION('center_axis',(1.,0.,0.));
#12889=DIRECTION('ref_axis',(0.,1.,0.));
#12890=DIRECTION('center_axis',(1.,0.,0.));
#12891=DIRECTION('ref_axis',(0.,1.,0.));
#12892=DIRECTION('center_axis',(1.,0.,0.));
#12893=DIRECTION('ref_axis',(0.,1.,0.));
#12894=DIRECTION('center_axis',(1.,0.,0.));
#12895=DIRECTION('ref_axis',(0.,1.,0.));
#12896=DIRECTION('center_axis',(1.,0.,0.));
#12897=DIRECTION('ref_axis',(0.,1.,0.));
#12898=DIRECTION('center_axis',(1.,0.,0.));
#12899=DIRECTION('ref_axis',(0.,1.,0.));
#12900=DIRECTION('center_axis',(1.,0.,0.));
#12901=DIRECTION('ref_axis',(0.,1.,0.));
#12902=DIRECTION('center_axis',(1.,0.,0.));
#12903=DIRECTION('ref_axis',(0.,1.,0.));
#12904=DIRECTION('center_axis',(1.,0.,0.));
#12905=DIRECTION('ref_axis',(0.,1.,0.));
#12906=DIRECTION('center_axis',(1.,0.,0.));
#12907=DIRECTION('ref_axis',(0.,1.,0.));
#12908=DIRECTION('center_axis',(1.,0.,0.));
#12909=DIRECTION('ref_axis',(0.,1.,0.));
#12910=DIRECTION('center_axis',(1.,0.,0.));
#12911=DIRECTION('ref_axis',(0.,1.,0.));
#12912=DIRECTION('center_axis',(1.,0.,0.));
#12913=DIRECTION('ref_axis',(0.,1.,0.));
#12914=DIRECTION('center_axis',(1.,0.,0.));
#12915=DIRECTION('ref_axis',(0.,1.,0.));
#12916=DIRECTION('center_axis',(1.,0.,0.));
#12917=DIRECTION('ref_axis',(0.,1.,0.));
#12918=DIRECTION('center_axis',(1.,0.,0.));
#12919=DIRECTION('ref_axis',(0.,1.,0.));
#12920=DIRECTION('center_axis',(0.,0.,1.));
#12921=DIRECTION('ref_axis',(1.,0.,0.));
#12922=DIRECTION('',(0.,-1.,0.));
#12923=DIRECTION('',(1.,0.,0.));
#12924=DIRECTION('',(0.,1.,0.));
#12925=DIRECTION('',(-1.,0.,0.));
#12926=DIRECTION('center_axis',(1.,0.,0.));
#12927=DIRECTION('ref_axis',(0.,1.,0.));
#12928=DIRECTION('center_axis',(-1.,0.,0.));
#12929=DIRECTION('ref_axis',(0.,1.,0.));
#12930=DIRECTION('center_axis',(-1.,0.,0.));
#12931=DIRECTION('ref_axis',(0.,1.,0.));
#12932=DIRECTION('center_axis',(-1.,0.,0.));
#12933=DIRECTION('ref_axis',(0.,1.,0.));
#12934=DIRECTION('center_axis',(-1.,0.,0.));
#12935=DIRECTION('ref_axis',(0.,1.,0.));
#12936=DIRECTION('center_axis',(-1.,0.,0.));
#12937=DIRECTION('ref_axis',(0.,1.,0.));
#12938=DIRECTION('center_axis',(-1.,0.,0.));
#12939=DIRECTION('ref_axis',(0.,1.,0.));
#12940=DIRECTION('center_axis',(-1.,0.,0.));
#12941=DIRECTION('ref_axis',(0.,1.,0.));
#12942=DIRECTION('center_axis',(-1.,0.,0.));
#12943=DIRECTION('ref_axis',(0.,1.,0.));
#12944=DIRECTION('center_axis',(-1.,0.,0.));
#12945=DIRECTION('ref_axis',(0.,1.,0.));
#12946=DIRECTION('center_axis',(-1.,0.,0.));
#12947=DIRECTION('ref_axis',(0.,1.,0.));
#12948=DIRECTION('center_axis',(-1.,0.,0.));
#12949=DIRECTION('ref_axis',(0.,1.,0.));
#12950=DIRECTION('center_axis',(-1.,0.,0.));
#12951=DIRECTION('ref_axis',(0.,1.,0.));
#12952=DIRECTION('center_axis',(-1.,0.,0.));
#12953=DIRECTION('ref_axis',(0.,1.,0.));
#12954=DIRECTION('center_axis',(-1.,0.,0.));
#12955=DIRECTION('ref_axis',(0.,1.,0.));
#12956=DIRECTION('center_axis',(-1.,0.,0.));
#12957=DIRECTION('ref_axis',(0.,1.,0.));
#12958=DIRECTION('center_axis',(-1.,0.,0.));
#12959=DIRECTION('ref_axis',(0.,1.,0.));
#12960=DIRECTION('center_axis',(-1.,0.,0.));
#12961=DIRECTION('ref_axis',(0.,1.,0.));
#12962=DIRECTION('center_axis',(-1.,0.,0.));
#12963=DIRECTION('ref_axis',(0.,1.,0.));
#12964=DIRECTION('center_axis',(-1.,0.,0.));
#12965=DIRECTION('ref_axis',(0.,1.,0.));
#12966=DIRECTION('center_axis',(-1.,0.,0.));
#12967=DIRECTION('ref_axis',(0.,1.,0.));
#12968=DIRECTION('center_axis',(-1.,0.,0.));
#12969=DIRECTION('ref_axis',(0.,1.,0.));
#12970=DIRECTION('center_axis',(-1.,0.,0.));
#12971=DIRECTION('ref_axis',(0.,1.,0.));
#12972=DIRECTION('center_axis',(-1.,0.,0.));
#12973=DIRECTION('ref_axis',(0.,1.,0.));
#12974=DIRECTION('center_axis',(-1.,0.,0.));
#12975=DIRECTION('ref_axis',(0.,1.,0.));
#12976=DIRECTION('center_axis',(-1.,0.,0.));
#12977=DIRECTION('ref_axis',(0.,1.,0.));
#12978=DIRECTION('center_axis',(-1.,0.,0.));
#12979=DIRECTION('ref_axis',(0.,1.,0.));
#12980=DIRECTION('center_axis',(-1.,0.,0.));
#12981=DIRECTION('ref_axis',(0.,1.,0.));
#12982=DIRECTION('center_axis',(-1.,0.,0.));
#12983=DIRECTION('ref_axis',(0.,1.,0.));
#12984=DIRECTION('center_axis',(-1.,0.,0.));
#12985=DIRECTION('ref_axis',(0.,1.,0.));
#12986=DIRECTION('center_axis',(-1.,0.,0.));
#12987=DIRECTION('ref_axis',(0.,1.,0.));
#12988=DIRECTION('center_axis',(-1.,0.,0.));
#12989=DIRECTION('ref_axis',(0.,1.,0.));
#12990=DIRECTION('center_axis',(-1.,0.,0.));
#12991=DIRECTION('ref_axis',(0.,1.,0.));
#12992=DIRECTION('center_axis',(-1.,0.,0.));
#12993=DIRECTION('ref_axis',(0.,1.,0.));
#12994=DIRECTION('center_axis',(-1.,0.,0.));
#12995=DIRECTION('ref_axis',(0.,1.,0.));
#12996=DIRECTION('center_axis',(-1.,0.,0.));
#12997=DIRECTION('ref_axis',(0.,1.,0.));
#12998=DIRECTION('center_axis',(-1.,0.,0.));
#12999=DIRECTION('ref_axis',(0.,1.,0.));
#13000=DIRECTION('center_axis',(-1.,0.,0.));
#13001=DIRECTION('ref_axis',(0.,1.,0.));
#13002=DIRECTION('center_axis',(-1.,0.,0.));
#13003=DIRECTION('ref_axis',(0.,1.,0.));
#13004=DIRECTION('center_axis',(-1.,0.,0.));
#13005=DIRECTION('ref_axis',(0.,1.,0.));
#13006=DIRECTION('center_axis',(-1.,0.,0.));
#13007=DIRECTION('ref_axis',(0.,1.,0.));
#13008=DIRECTION('center_axis',(-1.,0.,0.));
#13009=DIRECTION('ref_axis',(0.,1.,0.));
#13010=DIRECTION('center_axis',(-1.,0.,0.));
#13011=DIRECTION('ref_axis',(0.,1.,0.));
#13012=DIRECTION('center_axis',(-1.,0.,0.));
#13013=DIRECTION('ref_axis',(0.,1.,0.));
#13014=DIRECTION('center_axis',(-1.,0.,0.));
#13015=DIRECTION('ref_axis',(0.,1.,0.));
#13016=DIRECTION('center_axis',(-1.,0.,0.));
#13017=DIRECTION('ref_axis',(0.,1.,0.));
#13018=DIRECTION('center_axis',(-1.,0.,0.));
#13019=DIRECTION('ref_axis',(0.,1.,0.));
#13020=DIRECTION('center_axis',(-1.,0.,0.));
#13021=DIRECTION('ref_axis',(0.,1.,0.));
#13022=DIRECTION('center_axis',(-1.,0.,0.));
#13023=DIRECTION('ref_axis',(0.,1.,0.));
#13024=DIRECTION('center_axis',(-1.,0.,0.));
#13025=DIRECTION('ref_axis',(0.,1.,0.));
#13026=DIRECTION('center_axis',(-1.,0.,0.));
#13027=DIRECTION('ref_axis',(0.,1.,0.));
#13028=DIRECTION('center_axis',(-1.,0.,0.));
#13029=DIRECTION('ref_axis',(0.,1.,0.));
#13030=DIRECTION('center_axis',(-1.,0.,0.));
#13031=DIRECTION('ref_axis',(0.,1.,0.));
#13032=DIRECTION('center_axis',(-1.,0.,0.));
#13033=DIRECTION('ref_axis',(0.,1.,0.));
#13034=DIRECTION('center_axis',(-1.,0.,0.));
#13035=DIRECTION('ref_axis',(0.,1.,0.));
#13036=DIRECTION('center_axis',(-1.,0.,0.));
#13037=DIRECTION('ref_axis',(0.,1.,0.));
#13038=DIRECTION('center_axis',(-1.,0.,0.));
#13039=DIRECTION('ref_axis',(0.,1.,0.));
#13040=DIRECTION('center_axis',(-1.,0.,0.));
#13041=DIRECTION('ref_axis',(0.,1.,0.));
#13042=DIRECTION('center_axis',(-1.,0.,0.));
#13043=DIRECTION('ref_axis',(0.,1.,0.));
#13044=DIRECTION('center_axis',(-1.,0.,0.));
#13045=DIRECTION('ref_axis',(0.,1.,0.));
#13046=DIRECTION('center_axis',(-1.,0.,0.));
#13047=DIRECTION('ref_axis',(0.,1.,0.));
#13048=DIRECTION('center_axis',(-1.,0.,0.));
#13049=DIRECTION('ref_axis',(0.,1.,0.));
#13050=DIRECTION('center_axis',(-1.,0.,0.));
#13051=DIRECTION('ref_axis',(0.,1.,0.));
#13052=DIRECTION('center_axis',(-1.,0.,0.));
#13053=DIRECTION('ref_axis',(0.,1.,0.));
#13054=DIRECTION('center_axis',(-1.,0.,0.));
#13055=DIRECTION('ref_axis',(0.,1.,0.));
#13056=DIRECTION('center_axis',(-1.,0.,0.));
#13057=DIRECTION('ref_axis',(0.,1.,0.));
#13058=DIRECTION('center_axis',(-1.,0.,0.));
#13059=DIRECTION('ref_axis',(0.,1.,0.));
#13060=DIRECTION('center_axis',(-1.,0.,0.));
#13061=DIRECTION('ref_axis',(0.,1.,0.));
#13062=DIRECTION('center_axis',(-1.,0.,0.));
#13063=DIRECTION('ref_axis',(0.,1.,0.));
#13064=DIRECTION('center_axis',(-1.,0.,0.));
#13065=DIRECTION('ref_axis',(0.,1.,0.));
#13066=DIRECTION('center_axis',(-1.,0.,0.));
#13067=DIRECTION('ref_axis',(0.,1.,0.));
#13068=DIRECTION('center_axis',(-1.,0.,0.));
#13069=DIRECTION('ref_axis',(0.,1.,0.));
#13070=DIRECTION('center_axis',(-1.,0.,0.));
#13071=DIRECTION('ref_axis',(0.,1.,0.));
#13072=DIRECTION('center_axis',(-1.,0.,0.));
#13073=DIRECTION('ref_axis',(0.,1.,0.));
#13074=DIRECTION('center_axis',(-1.,0.,0.));
#13075=DIRECTION('ref_axis',(0.,1.,0.));
#13076=DIRECTION('center_axis',(-1.,0.,0.));
#13077=DIRECTION('ref_axis',(0.,1.,0.));
#13078=DIRECTION('center_axis',(-1.,0.,0.));
#13079=DIRECTION('ref_axis',(0.,1.,0.));
#13080=DIRECTION('center_axis',(-1.,0.,0.));
#13081=DIRECTION('ref_axis',(0.,1.,0.));
#13082=DIRECTION('center_axis',(-1.,0.,0.));
#13083=DIRECTION('ref_axis',(0.,1.,0.));
#13084=DIRECTION('center_axis',(-1.,0.,0.));
#13085=DIRECTION('ref_axis',(0.,1.,0.));
#13086=DIRECTION('center_axis',(-1.,0.,0.));
#13087=DIRECTION('ref_axis',(0.,1.,0.));
#13088=DIRECTION('center_axis',(-1.,0.,0.));
#13089=DIRECTION('ref_axis',(0.,1.,0.));
#13090=DIRECTION('center_axis',(-1.,0.,0.));
#13091=DIRECTION('ref_axis',(0.,1.,0.));
#13092=DIRECTION('center_axis',(-1.,0.,0.));
#13093=DIRECTION('ref_axis',(0.,1.,0.));
#13094=DIRECTION('center_axis',(-1.,0.,0.));
#13095=DIRECTION('ref_axis',(0.,1.,0.));
#13096=DIRECTION('center_axis',(-1.,0.,0.));
#13097=DIRECTION('ref_axis',(0.,1.,0.));
#13098=DIRECTION('center_axis',(-1.,0.,0.));
#13099=DIRECTION('ref_axis',(0.,1.,0.));
#13100=DIRECTION('center_axis',(-1.,0.,0.));
#13101=DIRECTION('ref_axis',(0.,1.,0.));
#13102=DIRECTION('center_axis',(-1.,0.,0.));
#13103=DIRECTION('ref_axis',(0.,1.,0.));
#13104=DIRECTION('center_axis',(-1.,0.,0.));
#13105=DIRECTION('ref_axis',(0.,1.,0.));
#13106=DIRECTION('center_axis',(-1.,0.,0.));
#13107=DIRECTION('ref_axis',(0.,1.,0.));
#13108=DIRECTION('center_axis',(-1.,0.,0.));
#13109=DIRECTION('ref_axis',(0.,1.,0.));
#13110=DIRECTION('center_axis',(-1.,0.,0.));
#13111=DIRECTION('ref_axis',(0.,1.,0.));
#13112=DIRECTION('center_axis',(-1.,0.,0.));
#13113=DIRECTION('ref_axis',(0.,1.,0.));
#13114=DIRECTION('center_axis',(-1.,0.,0.));
#13115=DIRECTION('ref_axis',(0.,1.,0.));
#13116=DIRECTION('center_axis',(-1.,0.,0.));
#13117=DIRECTION('ref_axis',(0.,1.,0.));
#13118=DIRECTION('center_axis',(-1.,0.,0.));
#13119=DIRECTION('ref_axis',(0.,1.,0.));
#13120=DIRECTION('center_axis',(-1.,0.,0.));
#13121=DIRECTION('ref_axis',(0.,1.,0.));
#13122=DIRECTION('center_axis',(-1.,0.,0.));
#13123=DIRECTION('ref_axis',(0.,1.,0.));
#13124=DIRECTION('center_axis',(-1.,0.,0.));
#13125=DIRECTION('ref_axis',(0.,1.,0.));
#13126=DIRECTION('center_axis',(-1.,0.,0.));
#13127=DIRECTION('ref_axis',(0.,1.,0.));
#13128=DIRECTION('center_axis',(-1.,0.,0.));
#13129=DIRECTION('ref_axis',(0.,1.,0.));
#13130=DIRECTION('center_axis',(-1.,0.,0.));
#13131=DIRECTION('ref_axis',(0.,1.,0.));
#13132=DIRECTION('center_axis',(-1.,0.,0.));
#13133=DIRECTION('ref_axis',(0.,1.,0.));
#13134=DIRECTION('center_axis',(-1.,0.,0.));
#13135=DIRECTION('ref_axis',(0.,1.,0.));
#13136=DIRECTION('center_axis',(-1.,0.,0.));
#13137=DIRECTION('ref_axis',(0.,1.,0.));
#13138=DIRECTION('center_axis',(-1.,0.,0.));
#13139=DIRECTION('ref_axis',(0.,1.,0.));
#13140=DIRECTION('center_axis',(-1.,0.,0.));
#13141=DIRECTION('ref_axis',(0.,1.,0.));
#13142=DIRECTION('center_axis',(-1.,0.,0.));
#13143=DIRECTION('ref_axis',(0.,1.,0.));
#13144=DIRECTION('center_axis',(-1.,0.,0.));
#13145=DIRECTION('ref_axis',(0.,1.,0.));
#13146=DIRECTION('center_axis',(-1.,0.,0.));
#13147=DIRECTION('ref_axis',(0.,1.,0.));
#13148=DIRECTION('center_axis',(-1.,0.,0.));
#13149=DIRECTION('ref_axis',(0.,1.,0.));
#13150=DIRECTION('center_axis',(-1.,0.,0.));
#13151=DIRECTION('ref_axis',(0.,1.,0.));
#13152=DIRECTION('center_axis',(-1.,0.,0.));
#13153=DIRECTION('ref_axis',(0.,1.,0.));
#13154=DIRECTION('center_axis',(-1.,0.,0.));
#13155=DIRECTION('ref_axis',(0.,1.,0.));
#13156=DIRECTION('center_axis',(-1.,0.,0.));
#13157=DIRECTION('ref_axis',(0.,1.,0.));
#13158=DIRECTION('center_axis',(-1.,0.,0.));
#13159=DIRECTION('ref_axis',(0.,1.,0.));
#13160=DIRECTION('center_axis',(-1.,0.,0.));
#13161=DIRECTION('ref_axis',(0.,1.,0.));
#13162=DIRECTION('center_axis',(-1.,0.,0.));
#13163=DIRECTION('ref_axis',(0.,1.,0.));
#13164=DIRECTION('center_axis',(-1.,0.,0.));
#13165=DIRECTION('ref_axis',(0.,1.,0.));
#13166=DIRECTION('center_axis',(-1.,0.,0.));
#13167=DIRECTION('ref_axis',(0.,1.,0.));
#13168=DIRECTION('center_axis',(-1.,0.,0.));
#13169=DIRECTION('ref_axis',(0.,1.,0.));
#13170=DIRECTION('center_axis',(-1.,0.,0.));
#13171=DIRECTION('ref_axis',(0.,1.,0.));
#13172=DIRECTION('center_axis',(-1.,0.,0.));
#13173=DIRECTION('ref_axis',(0.,1.,0.));
#13174=DIRECTION('center_axis',(-1.,0.,0.));
#13175=DIRECTION('ref_axis',(0.,1.,0.));
#13176=DIRECTION('center_axis',(-1.,0.,0.));
#13177=DIRECTION('ref_axis',(0.,1.,0.));
#13178=DIRECTION('center_axis',(-1.,0.,0.));
#13179=DIRECTION('ref_axis',(0.,1.,0.));
#13180=DIRECTION('center_axis',(-1.,0.,0.));
#13181=DIRECTION('ref_axis',(0.,1.,0.));
#13182=DIRECTION('center_axis',(-1.,0.,0.));
#13183=DIRECTION('ref_axis',(0.,1.,0.));
#13184=DIRECTION('center_axis',(-1.,0.,0.));
#13185=DIRECTION('ref_axis',(0.,1.,0.));
#13186=DIRECTION('center_axis',(-1.,0.,0.));
#13187=DIRECTION('ref_axis',(0.,1.,0.));
#13188=DIRECTION('center_axis',(-1.,0.,0.));
#13189=DIRECTION('ref_axis',(0.,1.,0.));
#13190=DIRECTION('center_axis',(-1.,0.,0.));
#13191=DIRECTION('ref_axis',(0.,1.,0.));
#13192=DIRECTION('center_axis',(-1.,0.,0.));
#13193=DIRECTION('ref_axis',(0.,1.,0.));
#13194=DIRECTION('center_axis',(-1.,0.,0.));
#13195=DIRECTION('ref_axis',(0.,1.,0.));
#13196=DIRECTION('center_axis',(-1.,0.,0.));
#13197=DIRECTION('ref_axis',(0.,1.,0.));
#13198=DIRECTION('center_axis',(-1.,0.,0.));
#13199=DIRECTION('ref_axis',(0.,1.,0.));
#13200=DIRECTION('center_axis',(-1.,0.,0.));
#13201=DIRECTION('ref_axis',(0.,1.,0.));
#13202=DIRECTION('center_axis',(-1.,0.,0.));
#13203=DIRECTION('ref_axis',(0.,1.,0.));
#13204=DIRECTION('center_axis',(-1.,0.,0.));
#13205=DIRECTION('ref_axis',(0.,1.,0.));
#13206=DIRECTION('center_axis',(-1.,0.,0.));
#13207=DIRECTION('ref_axis',(0.,1.,0.));
#13208=DIRECTION('center_axis',(-1.,0.,0.));
#13209=DIRECTION('ref_axis',(0.,1.,0.));
#13210=DIRECTION('center_axis',(-1.,0.,0.));
#13211=DIRECTION('ref_axis',(0.,1.,0.));
#13212=DIRECTION('center_axis',(-1.,0.,0.));
#13213=DIRECTION('ref_axis',(0.,1.,0.));
#13214=DIRECTION('center_axis',(-1.,0.,0.));
#13215=DIRECTION('ref_axis',(0.,1.,0.));
#13216=DIRECTION('center_axis',(-1.,0.,0.));
#13217=DIRECTION('ref_axis',(0.,1.,0.));
#13218=DIRECTION('center_axis',(-1.,0.,0.));
#13219=DIRECTION('ref_axis',(0.,1.,0.));
#13220=DIRECTION('center_axis',(-1.,0.,0.));
#13221=DIRECTION('ref_axis',(0.,1.,0.));
#13222=DIRECTION('center_axis',(-1.,0.,0.));
#13223=DIRECTION('ref_axis',(0.,1.,0.));
#13224=DIRECTION('center_axis',(-1.,0.,0.));
#13225=DIRECTION('ref_axis',(0.,1.,0.));
#13226=DIRECTION('center_axis',(-1.,0.,0.));
#13227=DIRECTION('ref_axis',(0.,1.,0.));
#13228=DIRECTION('center_axis',(0.,1.,0.));
#13229=DIRECTION('ref_axis',(-1.,0.,0.));
#13230=DIRECTION('',(1.,0.,0.));
#13231=DIRECTION('',(0.,0.,1.));
#13232=DIRECTION('',(-1.,0.,0.));
#13233=DIRECTION('',(0.,0.,-1.));
#13234=DIRECTION('',(1.,0.,0.));
#13235=DIRECTION('',(0.,0.,1.));
#13236=DIRECTION('',(-1.,0.,0.));
#13237=DIRECTION('',(0.,0.,-1.));
#13238=DIRECTION('',(1.,0.,0.));
#13239=DIRECTION('',(0.289988904105178,0.,0.957030007625611));
#13240=DIRECTION('',(1.,0.,0.));
#13241=DIRECTION('',(0.283174989353799,0.,-0.959068258991233));
#13242=DIRECTION('',(1.,0.,0.));
#13243=DIRECTION('',(-0.351814422449461,0.,0.936069768850887));
#13244=DIRECTION('',(-1.,0.,0.));
#13245=DIRECTION('',(-0.351761816993082,0.,-0.936089538508858));
#13246=DIRECTION('',(0.,0.,1.));
#13247=DIRECTION('',(-0.890021700690643,0.,0.455918164037951));
#13248=DIRECTION('',(0.,0.,-1.));
#13249=DIRECTION('',(-1.,0.,0.));
#13250=DIRECTION('',(0.,0.,-1.));
#13251=DIRECTION('',(1.,0.,0.));
#13252=DIRECTION('',(0.,0.,-1.));
#13253=DIRECTION('',(-0.106176201949604,0.,-0.994347330734868));
#13254=DIRECTION('',(0.,0.,1.));
#13255=DIRECTION('',(1.,0.,0.));
#13256=DIRECTION('',(0.,0.,1.));
#13257=DIRECTION('',(-1.,0.,0.));
#13258=DIRECTION('',(1.,0.,0.));
#13259=DIRECTION('',(0.,0.,1.));
#13260=DIRECTION('',(-1.,0.,0.));
#13261=DIRECTION('',(-0.562642937131836,0.,-0.826700021347321));
#13262=DIRECTION('',(0.,0.,1.));
#13263=DIRECTION('',(-1.,0.,0.));
#13264=DIRECTION('',(0.,0.,-1.));
#13265=DIRECTION('',(1.,0.,0.));
#13266=DIRECTION('',(0.563462166890307,0.,0.826141868254648));
#13267=DIRECTION('',(0.,0.,-1.));
#13268=DIRECTION('',(0.,0.,-1.));
#13269=DIRECTION('',(1.,0.,0.));
#13270=DIRECTION('',(-0.995770170015297,0.,-0.0918790972294948));
#13271=DIRECTION('',(0.,0.,1.));
#13272=DIRECTION('',(-0.890021859175623,0.,0.455917854650997));
#13273=DIRECTION('',(0.,0.,-1.));
#13274=DIRECTION('',(-1.,0.,0.));
#13275=DIRECTION('',(0.,0.,-1.));
#13276=DIRECTION('',(1.,0.,0.));
#13277=DIRECTION('',(0.,0.,-1.));
#13278=DIRECTION('',(-0.106176201949604,0.,-0.994347330734868));
#13279=DIRECTION('',(0.,0.,1.));
#13280=DIRECTION('',(1.,0.,0.));
#13281=DIRECTION('',(0.,0.,1.));
#13282=DIRECTION('',(-1.,0.,0.));
#13283=DIRECTION('',(1.,0.,0.));
#13284=DIRECTION('',(0.,0.,1.));
#13285=DIRECTION('',(-1.,0.,0.));
#13286=DIRECTION('',(0.,0.,-1.));
#13287=DIRECTION('',(0.398494124447269,0.,-0.917170885266756));
#13288=DIRECTION('',(0.,0.,-1.));
#13289=DIRECTION('center_axis',(0.,0.,1.));
#13290=DIRECTION('ref_axis',(-1.,0.,0.));
#13291=DIRECTION('',(1.,0.,0.));
#13292=DIRECTION('',(0.,-1.,0.));
#13293=DIRECTION('',(0.,-1.,0.));
#13294=DIRECTION('center_axis',(1.,0.,0.));
#13295=DIRECTION('ref_axis',(0.,0.,1.));
#13296=DIRECTION('',(0.,0.,-1.));
#13297=DIRECTION('',(0.,-1.,0.));
#13298=DIRECTION('center_axis',(0.,0.,-1.));
#13299=DIRECTION('ref_axis',(1.,0.,0.));
#13300=DIRECTION('',(-1.,0.,0.));
#13301=DIRECTION('',(0.,-1.,0.));
#13302=DIRECTION('center_axis',(-1.,0.,0.));
#13303=DIRECTION('ref_axis',(0.,0.,-1.));
#13304=DIRECTION('',(0.,0.,1.));
#13305=DIRECTION('center_axis',(1.,0.,0.));
#13306=DIRECTION('ref_axis',(0.,1.,0.));
#13307=DIRECTION('',(0.,-1.,0.));
#13308=DIRECTION('',(0.,0.,1.));
#13309=DIRECTION('',(0.,0.,1.));
#13310=DIRECTION('center_axis',(0.,-1.,0.));
#13311=DIRECTION('ref_axis',(1.,0.,0.));
#13312=DIRECTION('',(-1.,0.,0.));
#13313=DIRECTION('',(0.,0.,1.));
#13314=DIRECTION('center_axis',(-1.,0.,0.));
#13315=DIRECTION('ref_axis',(0.,-1.,0.));
#13316=DIRECTION('',(0.,1.,0.));
#13317=DIRECTION('',(0.,0.,1.));
#13318=DIRECTION('center_axis',(0.,1.,0.));
#13319=DIRECTION('ref_axis',(-1.,0.,0.));
#13320=DIRECTION('',(1.,0.,0.));
#13321=DIRECTION('',(0.,-1.,0.));
#13322=DIRECTION('',(0.,-1.,0.));
#13323=DIRECTION('',(0.,-1.,0.));
#13324=DIRECTION('',(0.,-1.,0.));
#13325=DIRECTION('center_axis',(-1.,0.,0.));
#13326=DIRECTION('ref_axis',(0.,0.,-1.));
#13327=DIRECTION('',(0.,0.,1.));
#13328=DIRECTION('',(0.,-1.,0.));
#13329=DIRECTION('center_axis',(0.,0.,1.));
#13330=DIRECTION('ref_axis',(-1.,0.,0.));
#13331=DIRECTION('',(1.,0.,0.));
#13332=DIRECTION('',(0.,-1.,0.));
#13333=DIRECTION('center_axis',(1.,0.,0.));
#13334=DIRECTION('ref_axis',(0.,0.,1.));
#13335=DIRECTION('',(0.,0.,-1.));
#13336=DIRECTION('',(0.,-1.,0.));
#13337=DIRECTION('center_axis',(0.,0.,-1.));
#13338=DIRECTION('ref_axis',(1.,0.,0.));
#13339=DIRECTION('',(-1.,0.,0.));
#13340=DIRECTION('',(0.,-1.,0.));
#13341=DIRECTION('center_axis',(-1.,0.,0.));
#13342=DIRECTION('ref_axis',(0.,0.,-1.));
#13343=DIRECTION('',(0.,0.,1.));
#13344=DIRECTION('',(0.,-1.,0.));
#13345=DIRECTION('',(0.,-1.,0.));
#13346=DIRECTION('',(0.,-1.,0.));
#13347=DIRECTION('',(0.,-1.,0.));
#13348=DIRECTION('center_axis',(-0.917170885266756,0.,-0.398494124447269));
#13349=DIRECTION('ref_axis',(0.398494124447269,0.,-0.917170885266756));
#13350=DIRECTION('',(-0.398494124447269,0.,0.917170885266756));
#13351=DIRECTION('',(0.,-1.,0.));
#13352=DIRECTION('',(0.,-1.,0.));
#13353=DIRECTION('',(0.,-1.,0.));
#13354=DIRECTION('',(0.,-1.,0.));
#13355=DIRECTION('center_axis',(-1.,0.,0.));
#13356=DIRECTION('ref_axis',(0.,0.,-1.));
#13357=DIRECTION('',(0.,0.,1.));
#13358=DIRECTION('',(0.,-1.,0.));
#13359=DIRECTION('center_axis',(0.,0.,-1.));
#13360=DIRECTION('ref_axis',(1.,0.,0.));
#13361=DIRECTION('',(-1.,0.,0.));
#13362=DIRECTION('',(0.,-1.,0.));
#13363=DIRECTION('center_axis',(-1.,0.,0.));
#13364=DIRECTION('ref_axis',(0.,0.,-1.));
#13365=DIRECTION('',(0.,0.,1.));
#13366=DIRECTION('',(0.,-1.,0.));
#13367=DIRECTION('center_axis',(0.,0.,1.));
#13368=DIRECTION('ref_axis',(-1.,0.,0.));
#13369=DIRECTION('',(1.,0.,0.));
#13370=DIRECTION('',(0.,-1.,0.));
#13371=DIRECTION('center_axis',(-1.,0.,0.));
#13372=DIRECTION('ref_axis',(0.,0.,-1.));
#13373=DIRECTION('',(0.,0.,1.));
#13374=DIRECTION('',(0.,-1.,0.));
#13375=DIRECTION('center_axis',(0.455917854650997,0.,0.890021859175623));
#13376=DIRECTION('ref_axis',(-0.890021859175623,0.,0.455917854650997));
#13377=DIRECTION('',(0.890021859175623,0.,-0.455917854650997));
#13378=DIRECTION('',(0.,-1.,0.));
#13379=DIRECTION('center_axis',(1.,0.,0.));
#13380=DIRECTION('ref_axis',(0.,0.,1.));
#13381=DIRECTION('',(0.,0.,-1.));
#13382=DIRECTION('',(0.,-1.,0.));
#13383=DIRECTION('center_axis',(0.,0.,1.));
#13384=DIRECTION('ref_axis',(-1.,0.,0.));
#13385=DIRECTION('',(1.,0.,0.));
#13386=DIRECTION('',(0.,-1.,0.));
#13387=DIRECTION('center_axis',(1.,0.,0.));
#13388=DIRECTION('ref_axis',(0.,0.,1.));
#13389=DIRECTION('',(0.,0.,-1.));
#13390=DIRECTION('',(0.,-1.,0.));
#13391=DIRECTION('center_axis',(0.,0.,-1.));
#13392=DIRECTION('ref_axis',(1.,0.,0.));
#13393=DIRECTION('',(-1.,0.,0.));
#13394=DIRECTION('',(0.,-1.,0.));
#13395=DIRECTION('center_axis',(1.,0.,0.));
#13396=DIRECTION('ref_axis',(0.,0.,1.));
#13397=DIRECTION('',(0.,0.,-1.));
#13398=DIRECTION('',(0.,-1.,0.));
#13399=DIRECTION('',(0.,-1.,0.));
#13400=DIRECTION('',(0.,-1.,0.));
#13401=DIRECTION('',(0.,-1.,0.));
#13402=DIRECTION('',(0.,-1.,0.));
#13403=DIRECTION('center_axis',(-0.994347330734868,0.,0.106176201949604));
#13404=DIRECTION('ref_axis',(-0.106176201949604,0.,-0.994347330734868));
#13405=DIRECTION('',(0.106176201949604,0.,0.994347330734868));
#13406=DIRECTION('',(0.,-1.,0.));
#13407=DIRECTION('',(0.,-1.,0.));
#13408=DIRECTION('center_axis',(-0.0918790972294948,0.,0.995770170015297));
#13409=DIRECTION('ref_axis',(-0.995770170015297,0.,-0.0918790972294948));
#13410=DIRECTION('',(0.995770170015297,0.,0.0918790972294948));
#13411=DIRECTION('',(0.,-1.,0.));
#13412=DIRECTION('',(0.,-1.,0.));
#13413=DIRECTION('',(0.,-1.,0.));
#13414=DIRECTION('',(0.,-1.,0.));
#13415=DIRECTION('',(0.,-1.,0.));
#13416=DIRECTION('center_axis',(0.,0.,-1.));
#13417=DIRECTION('ref_axis',(1.,0.,0.));
#13418=DIRECTION('',(-1.,0.,0.));
#13419=DIRECTION('',(0.,-1.,0.));
#13420=DIRECTION('center_axis',(-1.,0.,0.));
#13421=DIRECTION('ref_axis',(0.,0.,-1.));
#13422=DIRECTION('',(0.,0.,1.));
#13423=DIRECTION('',(0.,-1.,0.));
#13424=DIRECTION('',(0.,-1.,0.));
#13425=DIRECTION('',(0.,-1.,0.));
#13426=DIRECTION('',(0.,-1.,0.));
#13427=DIRECTION('',(0.,-1.,0.));
#13428=DIRECTION('',(0.,-1.,0.));
#13429=DIRECTION('',(0.,-1.,0.));
#13430=DIRECTION('',(0.,-1.,0.));
#13431=DIRECTION('',(0.,-1.,0.));
#13432=DIRECTION('center_axis',(0.,0.,1.));
#13433=DIRECTION('ref_axis',(-1.,0.,0.));
#13434=DIRECTION('',(1.,0.,0.));
#13435=DIRECTION('',(0.,-1.,0.));
#13436=DIRECTION('',(0.,-1.,0.));
#13437=DIRECTION('center_axis',(1.,0.,0.));
#13438=DIRECTION('ref_axis',(0.,0.,1.));
#13439=DIRECTION('',(0.,0.,-1.));
#13440=DIRECTION('',(0.,-1.,0.));
#13441=DIRECTION('center_axis',(-0.826700021347321,0.,0.562642937131836));
#13442=DIRECTION('ref_axis',(-0.562642937131836,0.,-0.826700021347321));
#13443=DIRECTION('',(0.562642937131836,0.,0.826700021347321));
#13444=DIRECTION('',(0.,-1.,0.));
#13445=DIRECTION('center_axis',(0.,0.,1.));
#13446=DIRECTION('ref_axis',(-1.,0.,0.));
#13447=DIRECTION('',(1.,0.,0.));
#13448=DIRECTION('',(0.,-1.,0.));
#13449=DIRECTION('center_axis',(1.,0.,0.));
#13450=DIRECTION('ref_axis',(0.,0.,1.));
#13451=DIRECTION('',(0.,0.,-1.));
#13452=DIRECTION('',(0.,-1.,0.));
#13453=DIRECTION('center_axis',(0.,0.,-1.));
#13454=DIRECTION('ref_axis',(1.,0.,0.));
#13455=DIRECTION('',(-1.,0.,0.));
#13456=DIRECTION('',(0.,-1.,0.));
#13457=DIRECTION('center_axis',(-1.,0.,0.));
#13458=DIRECTION('ref_axis',(0.,0.,-1.));
#13459=DIRECTION('',(0.,0.,1.));
#13460=DIRECTION('',(0.,-1.,0.));
#13461=DIRECTION('center_axis',(0.826141868254648,0.,-0.563462166890307));
#13462=DIRECTION('ref_axis',(0.563462166890307,0.,0.826141868254648));
#13463=DIRECTION('',(-0.563462166890307,0.,-0.826141868254648));
#13464=DIRECTION('',(0.,-1.,0.));
#13465=DIRECTION('center_axis',(0.,0.,-1.));
#13466=DIRECTION('ref_axis',(1.,0.,0.));
#13467=DIRECTION('',(-1.,0.,0.));
#13468=DIRECTION('',(0.,-1.,0.));
#13469=DIRECTION('center_axis',(-1.,0.,0.));
#13470=DIRECTION('ref_axis',(0.,0.,-1.));
#13471=DIRECTION('',(0.,0.,1.));
#13472=DIRECTION('',(0.,-1.,0.));
#13473=DIRECTION('',(0.,-1.,0.));
#13474=DIRECTION('',(0.,-1.,0.));
#13475=DIRECTION('',(0.,-1.,0.));
#13476=DIRECTION('center_axis',(-1.,0.,0.));
#13477=DIRECTION('ref_axis',(0.,0.,-1.));
#13478=DIRECTION('',(0.,0.,1.));
#13479=DIRECTION('',(0.,-1.,0.));
#13480=DIRECTION('center_axis',(0.,0.,-1.));
#13481=DIRECTION('ref_axis',(1.,0.,0.));
#13482=DIRECTION('',(-1.,0.,0.));
#13483=DIRECTION('',(0.,-1.,0.));
#13484=DIRECTION('center_axis',(-1.,0.,0.));
#13485=DIRECTION('ref_axis',(0.,0.,-1.));
#13486=DIRECTION('',(0.,0.,1.));
#13487=DIRECTION('',(0.,-1.,0.));
#13488=DIRECTION('center_axis',(0.,0.,1.));
#13489=DIRECTION('ref_axis',(-1.,0.,0.));
#13490=DIRECTION('',(1.,0.,0.));
#13491=DIRECTION('',(0.,-1.,0.));
#13492=DIRECTION('center_axis',(-1.,0.,0.));
#13493=DIRECTION('ref_axis',(0.,0.,-1.));
#13494=DIRECTION('',(0.,0.,1.));
#13495=DIRECTION('',(0.,-1.,0.));
#13496=DIRECTION('center_axis',(0.455918164037951,0.,0.890021700690643));
#13497=DIRECTION('ref_axis',(-0.890021700690643,0.,0.455918164037951));
#13498=DIRECTION('',(0.890021700690643,0.,-0.455918164037951));
#13499=DIRECTION('',(0.,-1.,0.));
#13500=DIRECTION('center_axis',(1.,0.,0.));
#13501=DIRECTION('ref_axis',(0.,0.,1.));
#13502=DIRECTION('',(0.,0.,-1.));
#13503=DIRECTION('',(0.,-1.,0.));
#13504=DIRECTION('center_axis',(0.,0.,1.));
#13505=DIRECTION('ref_axis',(-1.,0.,0.));
#13506=DIRECTION('',(1.,0.,0.));
#13507=DIRECTION('',(0.,-1.,0.));
#13508=DIRECTION('center_axis',(1.,0.,0.));
#13509=DIRECTION('ref_axis',(0.,0.,1.));
#13510=DIRECTION('',(0.,0.,-1.));
#13511=DIRECTION('',(0.,-1.,0.));
#13512=DIRECTION('center_axis',(0.,0.,-1.));
#13513=DIRECTION('ref_axis',(1.,0.,0.));
#13514=DIRECTION('',(-1.,0.,0.));
#13515=DIRECTION('',(0.,-1.,0.));
#13516=DIRECTION('center_axis',(1.,0.,0.));
#13517=DIRECTION('ref_axis',(0.,0.,1.));
#13518=DIRECTION('',(0.,0.,-1.));
#13519=DIRECTION('',(0.,-1.,0.));
#13520=DIRECTION('',(0.,-1.,0.));
#13521=DIRECTION('',(0.,-1.,0.));
#13522=DIRECTION('',(0.,-1.,0.));
#13523=DIRECTION('',(0.,-1.,0.));
#13524=DIRECTION('center_axis',(-0.994347330734868,0.,0.106176201949604));
#13525=DIRECTION('ref_axis',(-0.106176201949604,0.,-0.994347330734868));
#13526=DIRECTION('',(0.106176201949604,0.,0.994347330734868));
#13527=DIRECTION('center_axis',(0.,0.,-1.));
#13528=DIRECTION('ref_axis',(1.,0.,0.));
#13529=DIRECTION('',(-1.,0.,0.));
#13530=DIRECTION('',(0.,-1.,0.));
#13531=DIRECTION('',(0.,-1.,0.));
#13532=DIRECTION('center_axis',(-0.959068258991233,0.,-0.283174989353799));
#13533=DIRECTION('ref_axis',(0.283174989353799,0.,-0.959068258991233));
#13534=DIRECTION('',(-0.283174989353799,0.,0.959068258991233));
#13535=DIRECTION('',(0.,-1.,0.));
#13536=DIRECTION('center_axis',(0.,0.,-1.));
#13537=DIRECTION('ref_axis',(1.,0.,0.));
#13538=DIRECTION('',(-1.,0.,0.));
#13539=DIRECTION('',(0.,-1.,0.));
#13540=DIRECTION('center_axis',(0.957030007625611,0.,-0.289988904105178));
#13541=DIRECTION('ref_axis',(0.289988904105178,0.,0.957030007625611));
#13542=DIRECTION('',(-0.289988904105178,0.,-0.957030007625611));
#13543=DIRECTION('',(0.,-1.,0.));
#13544=DIRECTION('center_axis',(0.,0.,-1.));
#13545=DIRECTION('ref_axis',(1.,0.,0.));
#13546=DIRECTION('',(-1.,0.,0.));
#13547=DIRECTION('',(0.,-1.,0.));
#13548=DIRECTION('center_axis',(-0.936089538508858,0.,0.351761816993082));
#13549=DIRECTION('ref_axis',(-0.351761816993082,0.,-0.936089538508858));
#13550=DIRECTION('',(0.351761816993082,0.,0.936089538508858));
#13551=DIRECTION('',(0.,-1.,0.));
#13552=DIRECTION('center_axis',(0.,0.,1.));
#13553=DIRECTION('ref_axis',(-1.,0.,0.));
#13554=DIRECTION('',(1.,0.,0.));
#13555=DIRECTION('',(0.,-1.,0.));
#13556=DIRECTION('center_axis',(0.936069768850887,0.,0.351814422449461));
#13557=DIRECTION('ref_axis',(-0.351814422449461,0.,0.936069768850887));
#13558=DIRECTION('',(0.351814422449461,0.,-0.936069768850887));
#13559=DIRECTION('',(0.,1.,0.));
#13560=DIRECTION('',(0.,1.,0.));
#13561=DIRECTION('',(0.,1.,0.));
#13562=DIRECTION('',(0.,1.,0.));
#13563=DIRECTION('',(0.,1.,0.));
#13564=DIRECTION('',(0.,1.,0.));
#13565=DIRECTION('',(0.,1.,0.));
#13566=DIRECTION('',(0.,1.,0.));
#13567=DIRECTION('',(0.,1.,0.));
#13568=DIRECTION('',(0.,1.,0.));
#13569=DIRECTION('',(0.,1.,0.));
#13570=DIRECTION('',(0.,1.,0.));
#13571=DIRECTION('',(0.,1.,0.));
#13572=DIRECTION('',(0.,1.,0.));
#13573=DIRECTION('center_axis',(0.,-1.,0.));
#13574=DIRECTION('ref_axis',(1.,0.,0.));
#13575=DIRECTION('',(-1.,0.,0.));
#13576=DIRECTION('',(-1.,0.,0.));
#13577=DIRECTION('',(0.,1.,0.));
#13578=DIRECTION('',(0.,1.,0.));
#13579=DIRECTION('',(0.,1.,0.));
#13580=DIRECTION('',(0.,1.,0.));
#13581=DIRECTION('',(0.,1.,0.));
#13582=DIRECTION('',(0.,1.,0.));
#13583=DIRECTION('',(0.,1.,0.));
#13584=DIRECTION('center_axis',(-0.997346190512338,0.,0.07280505662746));
#13585=DIRECTION('ref_axis',(0.07280505662746,0.,0.997346190512338));
#13586=DIRECTION('',(-0.07280505662746,0.,-0.997346190512338));
#13587=DIRECTION('',(0.07280505662746,0.,0.997346190512338));
#13588=DIRECTION('',(0.,1.,0.));
#13589=DIRECTION('',(0.,1.,0.));
#13590=DIRECTION('',(0.,1.,0.));
#13591=DIRECTION('',(0.,1.,0.));
#13592=DIRECTION('',(0.,1.,0.));
#13593=DIRECTION('',(0.,1.,0.));
#13594=DIRECTION('',(0.,1.,0.));
#13595=DIRECTION('',(0.,1.,0.));
#13596=DIRECTION('center_axis',(-0.130703773815913,0.,0.99142146613349));
#13597=DIRECTION('ref_axis',(0.99142146613349,0.,0.130703773815913));
#13598=DIRECTION('',(-0.99142146613349,0.,-0.130703773815913));
#13599=DIRECTION('',(0.99142146613349,0.,0.130703773815913));
#13600=DIRECTION('',(0.,1.,0.));
#13601=DIRECTION('',(0.,1.,0.));
#13602=DIRECTION('center_axis',(-0.177226246113401,0.,-0.984170136555948));
#13603=DIRECTION('ref_axis',(-0.984170136555947,0.,0.177226246113401));
#13604=DIRECTION('',(0.984170136555947,0.,-0.177226246113401));
#13605=DIRECTION('',(-0.984170136555947,0.,0.177226246113401));
#13606=DIRECTION('',(0.,1.,0.));
#13607=DIRECTION('center_axis',(-0.000829007392862852,0.,-0.999999656373312));
#13608=DIRECTION('ref_axis',(-0.999999656373312,0.,0.000829007392862852));
#13609=DIRECTION('',(0.999999656373312,0.,-0.000829007392862852));
#13610=DIRECTION('',(0.,1.,0.));
#13611=DIRECTION('',(-0.999999656373312,0.,0.000829007392862852));
#13612=DIRECTION('',(0.,1.,0.));
#13613=DIRECTION('center_axis',(0.999999656373312,0.,-0.00082900739286288));
#13614=DIRECTION('ref_axis',(-0.00082900739286288,0.,-0.999999656373312));
#13615=DIRECTION('',(0.00082900739286288,0.,0.999999656373312));
#13616=DIRECTION('',(-0.00082900739286288,0.,-0.999999656373312));
#13617=DIRECTION('',(0.,1.,0.));
#13618=DIRECTION('',(-0.00082900739286288,0.,-0.999999656373312));
#13619=DIRECTION('',(0.,1.,0.));
#13620=DIRECTION('center_axis',(0.,-1.,0.));
#13621=DIRECTION('ref_axis',(1.,0.,0.));
#13622=DIRECTION('',(-1.,0.,0.));
#13623=DIRECTION('',(0.999999656373312,0.,-0.000829007392860995));
#13624=DIRECTION('',(0.,1.,0.));
#13625=DIRECTION('',(0.,1.,0.));
#13626=DIRECTION('',(0.,1.,0.));
#13627=DIRECTION('center_axis',(-0.999999656373312,0.,0.000829007392863447));
#13628=DIRECTION('ref_axis',(0.000829007392863447,0.,0.999999656373312));
#13629=DIRECTION('',(-0.000829007392863447,0.,-0.999999656373312));
#13630=DIRECTION('',(0.000829007392863447,0.,0.999999656373312));
#13631=DIRECTION('',(0.,1.,0.));
#13632=DIRECTION('',(0.,1.,0.));
#13633=DIRECTION('',(0.,1.,0.));
#13634=DIRECTION('center_axis',(-0.999999656373312,0.,0.000829007392862609));
#13635=DIRECTION('ref_axis',(0.000829007392862609,0.,0.999999656373312));
#13636=DIRECTION('',(-0.000829007392862609,0.,-0.999999656373312));
#13637=DIRECTION('',(0.000829007392862609,0.,0.999999656373312));
#13638=DIRECTION('center_axis',(0.000829007392860995,0.,0.999999656373312));
#13639=DIRECTION('ref_axis',(0.999999656373312,0.,-0.000829007392860995));
#13640=DIRECTION('',(0.999999656373312,0.,-0.000829007392860995));
#13641=DIRECTION('',(0.,1.,0.));
#13642=DIRECTION('',(0.,1.,0.));
#13643=DIRECTION('',(0.,1.,0.));
#13644=DIRECTION('',(0.,1.,0.));
#13645=DIRECTION('',(0.,1.,0.));
#13646=DIRECTION('',(0.,1.,0.));
#13647=DIRECTION('',(0.,1.,0.));
#13648=DIRECTION('',(0.,1.,0.));
#13649=DIRECTION('',(0.,1.,0.));
#13650=DIRECTION('',(0.,1.,0.));
#13651=DIRECTION('center_axis',(0.,-1.,0.));
#13652=DIRECTION('ref_axis',(1.,0.,0.));
#13653=DIRECTION('',(-1.,0.,0.));
#13654=DIRECTION('',(-1.,0.,0.));
#13655=DIRECTION('',(0.,1.,0.));
#13656=DIRECTION('center_axis',(0.000829007392863172,0.,0.999999656373312));
#13657=DIRECTION('ref_axis',(0.999999656373312,0.,-0.000829007392863172));
#13658=DIRECTION('',(-0.999999656373312,0.,0.000829007392863172));
#13659=DIRECTION('',(0.,1.,0.));
#13660=DIRECTION('',(0.999999656373312,0.,-0.000829007392863172));
#13661=DIRECTION('',(0.,1.,0.));
#13662=DIRECTION('',(0.,1.,0.));
#13663=DIRECTION('',(0.,1.,0.));
#13664=DIRECTION('center_axis',(-0.0814451581687402,0.,-0.996677824681009));
#13665=DIRECTION('ref_axis',(-0.996677824681009,0.,0.0814451581687402));
#13666=DIRECTION('',(0.996677824681009,0.,-0.0814451581687402));
#13667=DIRECTION('',(-0.996677824681009,0.,0.0814451581687402));
#13668=DIRECTION('',(0.,1.,0.));
#13669=DIRECTION('',(0.,1.,0.));
#13670=DIRECTION('',(0.,1.,0.));
#13671=DIRECTION('',(0.,1.,0.));
#13672=DIRECTION('',(0.,1.,0.));
#13673=DIRECTION('',(0.,1.,0.));
#13674=DIRECTION('center_axis',(-0.000829007392862836,0.,-0.999999656373312));
#13675=DIRECTION('ref_axis',(-0.999999656373312,0.,0.000829007392862835));
#13676=DIRECTION('',(0.999999656373312,0.,-0.000829007392862836));
#13677=DIRECTION('',(-0.999999656373312,0.,0.000829007392862836));
#13678=DIRECTION('',(0.,1.,0.));
#13679=DIRECTION('center_axis',(0.999999656373312,0.,-0.000829007392865137));
#13680=DIRECTION('ref_axis',(-0.000829007392865137,0.,-0.999999656373312));
#13681=DIRECTION('',(0.000829007392865137,0.,0.999999656373312));
#13682=DIRECTION('',(-0.000829007392865137,0.,-0.999999656373312));
#13683=DIRECTION('center_axis',(0.999999656373312,0.,-0.000829007392860825));
#13684=DIRECTION('ref_axis',(-0.000829007392860825,0.,-0.999999656373312));
#13685=DIRECTION('',(0.000829007392860825,0.,0.999999656373312));
#13686=DIRECTION('',(0.,1.,0.));
#13687=DIRECTION('',(-0.000829007392860825,0.,-0.999999656373312));
#13688=DIRECTION('',(0.,1.,0.));
#13689=DIRECTION('center_axis',(0.000829007392860754,0.,0.999999656373312));
#13690=DIRECTION('ref_axis',(0.999999656373312,0.,-0.000829007392860754));
#13691=DIRECTION('',(-0.999999656373312,0.,0.000829007392860754));
#13692=DIRECTION('',(0.999999656373312,0.,-0.000829007392860754));
#13693=DIRECTION('',(0.,1.,0.));
#13694=DIRECTION('center_axis',(0.999999656373312,0.,-0.000829007392867262));
#13695=DIRECTION('ref_axis',(-0.000829007392867261,0.,-0.999999656373312));
#13696=DIRECTION('',(0.000829007392867261,0.,0.999999656373312));
#13697=DIRECTION('',(-0.000829007392867261,0.,-0.999999656373312));
#13698=DIRECTION('',(0.,1.,0.));
#13699=DIRECTION('',(-0.000829007392867261,0.,-0.999999656373312));
#13700=DIRECTION('',(0.,1.,0.));
#13701=DIRECTION('center_axis',(0.,1.,0.));
#13702=DIRECTION('ref_axis',(0.,0.,1.));
#13703=DIRECTION('',(-1.,0.,0.));
#13704=DIRECTION('',(0.999999656373312,0.,-0.00082900739286166));
#13705=DIRECTION('',(0.644395734575774,0.,0.764692184647227));
#13706=DIRECTION('center_axis',(-0.764692184647227,0.,0.644395734575774));
#13707=DIRECTION('ref_axis',(0.644395734575774,0.,0.764692184647227));
#13708=DIRECTION('',(0.,-1.,0.));
#13709=DIRECTION('',(0.,1.,0.));
#13710=DIRECTION('',(0.644395734575774,0.,0.764692184647227));
#13711=DIRECTION('',(0.,1.,0.));
#13712=DIRECTION('',(-0.644395734575774,0.,-0.764692184647227));
#13713=DIRECTION('center_axis',(-0.00082900739286166,0.,-0.999999656373312));
#13714=DIRECTION('ref_axis',(-0.999999656373312,0.,0.00082900739286166));
#13715=DIRECTION('',(0.999999656373312,0.,-0.00082900739286166));
#13716=DIRECTION('',(0.,1.,0.));
#13717=DIRECTION('',(-0.999999656373312,0.,0.00082900739286166));
#13718=DIRECTION('',(0.,1.,0.));
#13719=DIRECTION('center_axis',(0.999999656373312,0.,-0.000829007392857973));
#13720=DIRECTION('ref_axis',(-0.000829007392857973,0.,-0.999999656373312));
#13721=DIRECTION('',(0.000829007392857973,0.,0.999999656373312));
#13722=DIRECTION('',(-0.000829007392857973,0.,-0.999999656373312));
#13723=DIRECTION('',(0.,1.,0.));
#13724=DIRECTION('center_axis',(-0.000829007392860754,0.,-0.999999656373312));
#13725=DIRECTION('ref_axis',(-0.999999656373312,0.,0.000829007392860754));
#13726=DIRECTION('',(0.999999656373312,0.,-0.000829007392860754));
#13727=DIRECTION('',(-0.999999656373312,0.,0.000829007392860754));
#13728=DIRECTION('center_axis',(0.00082900739286166,0.,0.999999656373312));
#13729=DIRECTION('ref_axis',(0.999999656373312,0.,-0.00082900739286166));
#13730=DIRECTION('',(0.999999656373312,0.,-0.00082900739286166));
#13731=DIRECTION('center_axis',(-0.999999656373312,0.,0.00082900739286654));
#13732=DIRECTION('ref_axis',(0.00082900739286654,0.,0.999999656373312));
#13733=DIRECTION('',(-0.00082900739286654,0.,-0.999999656373312));
#13734=DIRECTION('',(0.00082900739286654,0.,0.999999656373312));
#13735=DIRECTION('',(0.,1.,0.));
#13736=DIRECTION('center_axis',(-0.000829007392862426,0.,-0.999999656373312));
#13737=DIRECTION('ref_axis',(-0.999999656373312,0.,0.000829007392862426));
#13738=DIRECTION('',(0.999999656373312,0.,-0.000829007392862426));
#13739=DIRECTION('',(-0.999999656373312,0.,0.000829007392862426));
#13740=DIRECTION('',(0.,1.,0.));
#13741=DIRECTION('center_axis',(-0.999999656373312,0.,0.000829007392857973));
#13742=DIRECTION('ref_axis',(0.000829007392857973,0.,0.999999656373312));
#13743=DIRECTION('',(-0.000829007392857973,0.,-0.999999656373312));
#13744=DIRECTION('',(0.000829007392857973,0.,0.999999656373312));
#13745=DIRECTION('center_axis',(0.,0.,1.));
#13746=DIRECTION('ref_axis',(1.,0.,0.));
#13747=DIRECTION('',(-1.,0.,0.));
#13748=DIRECTION('',(-1.,0.,0.));
#13749=DIRECTION('',(-1.,0.,0.));
#13750=DIRECTION('',(-1.,0.,0.));
#13751=DIRECTION('',(-1.,0.,0.));
#13752=DIRECTION('',(0.,1.,0.));
#13753=DIRECTION('',(1.,0.,0.));
#13754=DIRECTION('',(0.,-1.,0.));
#13755=DIRECTION('',(-1.,0.,0.));
#13756=DIRECTION('',(-1.,0.,0.));
#13757=DIRECTION('center_axis',(0.,-1.,0.));
#13758=DIRECTION('ref_axis',(1.,0.,0.));
#13759=DIRECTION('',(0.,0.,-1.));
#13760=DIRECTION('',(-1.,0.,0.));
#13761=DIRECTION('',(0.,0.,-1.));
#13762=DIRECTION('center_axis',(0.,-1.,0.));
#13763=DIRECTION('ref_axis',(1.,0.,0.));
#13764=DIRECTION('center_axis',(0.,-1.,0.));
#13765=DIRECTION('ref_axis',(1.,0.,0.));
#13766=DIRECTION('center_axis',(0.,-1.,0.));
#13767=DIRECTION('ref_axis',(1.,0.,0.));
#13768=DIRECTION('center_axis',(0.,-1.,0.));
#13769=DIRECTION('ref_axis',(1.,0.,0.));
#13770=DIRECTION('center_axis',(-1.,0.,0.));
#13771=DIRECTION('ref_axis',(0.,1.,0.));
#13772=DIRECTION('center_axis',(-1.,0.,0.));
#13773=DIRECTION('ref_axis',(0.,1.,0.));
#13774=DIRECTION('',(-1.,0.,0.));
#13775=DIRECTION('center_axis',(-1.,0.,0.));
#13776=DIRECTION('ref_axis',(0.,1.,0.));
#13777=DIRECTION('',(-1.,0.,0.));
#13778=DIRECTION('center_axis',(1.,0.,0.));
#13779=DIRECTION('ref_axis',(0.,1.,0.));
#13780=DIRECTION('center_axis',(-1.,0.,0.));
#13781=DIRECTION('ref_axis',(0.,1.,0.));
#13782=DIRECTION('center_axis',(-1.,0.,0.));
#13783=DIRECTION('ref_axis',(0.,1.,0.));
#13784=DIRECTION('',(-1.,0.,0.));
#13785=DIRECTION('center_axis',(-1.,0.,0.));
#13786=DIRECTION('ref_axis',(0.,1.,0.));
#13787=DIRECTION('',(-1.,0.,0.));
#13788=DIRECTION('center_axis',(1.,0.,0.));
#13789=DIRECTION('ref_axis',(0.,1.,0.));
#13790=DIRECTION('center_axis',(-1.,0.,0.));
#13791=DIRECTION('ref_axis',(0.,1.,0.));
#13792=DIRECTION('center_axis',(-1.,0.,0.));
#13793=DIRECTION('ref_axis',(0.,1.,0.));
#13794=DIRECTION('',(-1.,0.,0.));
#13795=DIRECTION('center_axis',(-1.,0.,0.));
#13796=DIRECTION('ref_axis',(0.,1.,0.));
#13797=DIRECTION('',(-1.,0.,0.));
#13798=DIRECTION('center_axis',(1.,0.,0.));
#13799=DIRECTION('ref_axis',(0.,1.,0.));
#13800=DIRECTION('center_axis',(-1.,0.,0.));
#13801=DIRECTION('ref_axis',(0.,1.,0.));
#13802=DIRECTION('center_axis',(-1.,0.,0.));
#13803=DIRECTION('ref_axis',(0.,1.,0.));
#13804=DIRECTION('',(-1.,0.,0.));
#13805=DIRECTION('center_axis',(-1.,0.,0.));
#13806=DIRECTION('ref_axis',(0.,1.,0.));
#13807=DIRECTION('',(-1.,0.,0.));
#13808=DIRECTION('center_axis',(1.,0.,0.));
#13809=DIRECTION('ref_axis',(0.,1.,0.));
#13810=DIRECTION('center_axis',(-1.,0.,0.));
#13811=DIRECTION('ref_axis',(0.,1.,0.));
#13812=DIRECTION('center_axis',(-1.,0.,0.));
#13813=DIRECTION('ref_axis',(0.,1.,0.));
#13814=DIRECTION('',(-1.,0.,0.));
#13815=DIRECTION('center_axis',(-1.,0.,0.));
#13816=DIRECTION('ref_axis',(0.,1.,0.));
#13817=DIRECTION('',(-1.,0.,0.));
#13818=DIRECTION('center_axis',(1.,0.,0.));
#13819=DIRECTION('ref_axis',(0.,1.,0.));
#13820=DIRECTION('center_axis',(-1.,0.,0.));
#13821=DIRECTION('ref_axis',(0.,1.,0.));
#13822=DIRECTION('center_axis',(-1.,0.,0.));
#13823=DIRECTION('ref_axis',(0.,1.,0.));
#13824=DIRECTION('',(-1.,0.,0.));
#13825=DIRECTION('center_axis',(-1.,0.,0.));
#13826=DIRECTION('ref_axis',(0.,1.,0.));
#13827=DIRECTION('',(-1.,0.,0.));
#13828=DIRECTION('center_axis',(1.,0.,0.));
#13829=DIRECTION('ref_axis',(0.,1.,0.));
#13830=DIRECTION('center_axis',(-1.,0.,0.));
#13831=DIRECTION('ref_axis',(0.,1.,0.));
#13832=DIRECTION('center_axis',(-1.,0.,0.));
#13833=DIRECTION('ref_axis',(0.,1.,0.));
#13834=DIRECTION('',(-1.,0.,0.));
#13835=DIRECTION('center_axis',(-1.,0.,0.));
#13836=DIRECTION('ref_axis',(0.,1.,0.));
#13837=DIRECTION('',(-1.,0.,0.));
#13838=DIRECTION('center_axis',(1.,0.,0.));
#13839=DIRECTION('ref_axis',(0.,1.,0.));
#13840=DIRECTION('center_axis',(-1.,0.,0.));
#13841=DIRECTION('ref_axis',(0.,1.,0.));
#13842=DIRECTION('center_axis',(-1.,0.,0.));
#13843=DIRECTION('ref_axis',(0.,1.,0.));
#13844=DIRECTION('',(-1.,0.,0.));
#13845=DIRECTION('center_axis',(-1.,0.,0.));
#13846=DIRECTION('ref_axis',(0.,1.,0.));
#13847=DIRECTION('',(-1.,0.,0.));
#13848=DIRECTION('center_axis',(1.,0.,0.));
#13849=DIRECTION('ref_axis',(0.,1.,0.));
#13850=DIRECTION('center_axis',(-1.,0.,0.));
#13851=DIRECTION('ref_axis',(0.,1.,0.));
#13852=DIRECTION('center_axis',(-1.,0.,0.));
#13853=DIRECTION('ref_axis',(0.,1.,0.));
#13854=DIRECTION('',(-1.,0.,0.));
#13855=DIRECTION('center_axis',(-1.,0.,0.));
#13856=DIRECTION('ref_axis',(0.,1.,0.));
#13857=DIRECTION('',(-1.,0.,0.));
#13858=DIRECTION('center_axis',(1.,0.,0.));
#13859=DIRECTION('ref_axis',(0.,1.,0.));
#13860=DIRECTION('center_axis',(-1.,0.,0.));
#13861=DIRECTION('ref_axis',(0.,1.,0.));
#13862=DIRECTION('center_axis',(-1.,0.,0.));
#13863=DIRECTION('ref_axis',(0.,1.,0.));
#13864=DIRECTION('',(-1.,0.,0.));
#13865=DIRECTION('center_axis',(-1.,0.,0.));
#13866=DIRECTION('ref_axis',(0.,1.,0.));
#13867=DIRECTION('',(-1.,0.,0.));
#13868=DIRECTION('center_axis',(1.,0.,0.));
#13869=DIRECTION('ref_axis',(0.,1.,0.));
#13870=DIRECTION('center_axis',(-1.,0.,0.));
#13871=DIRECTION('ref_axis',(0.,1.,0.));
#13872=DIRECTION('center_axis',(-1.,0.,0.));
#13873=DIRECTION('ref_axis',(0.,1.,0.));
#13874=DIRECTION('',(-1.,0.,0.));
#13875=DIRECTION('center_axis',(-1.,0.,0.));
#13876=DIRECTION('ref_axis',(0.,1.,0.));
#13877=DIRECTION('',(-1.,0.,0.));
#13878=DIRECTION('center_axis',(1.,0.,0.));
#13879=DIRECTION('ref_axis',(0.,1.,0.));
#13880=DIRECTION('center_axis',(-1.,0.,0.));
#13881=DIRECTION('ref_axis',(0.,1.,0.));
#13882=DIRECTION('center_axis',(-1.,0.,0.));
#13883=DIRECTION('ref_axis',(0.,1.,0.));
#13884=DIRECTION('',(-1.,0.,0.));
#13885=DIRECTION('center_axis',(-1.,0.,0.));
#13886=DIRECTION('ref_axis',(0.,1.,0.));
#13887=DIRECTION('',(-1.,0.,0.));
#13888=DIRECTION('center_axis',(1.,0.,0.));
#13889=DIRECTION('ref_axis',(0.,1.,0.));
#13890=DIRECTION('center_axis',(-1.,0.,0.));
#13891=DIRECTION('ref_axis',(0.,1.,0.));
#13892=DIRECTION('center_axis',(-1.,0.,0.));
#13893=DIRECTION('ref_axis',(0.,1.,0.));
#13894=DIRECTION('',(-1.,0.,0.));
#13895=DIRECTION('center_axis',(-1.,0.,0.));
#13896=DIRECTION('ref_axis',(0.,1.,0.));
#13897=DIRECTION('',(-1.,0.,0.));
#13898=DIRECTION('center_axis',(1.,0.,0.));
#13899=DIRECTION('ref_axis',(0.,1.,0.));
#13900=DIRECTION('center_axis',(-1.,0.,0.));
#13901=DIRECTION('ref_axis',(0.,1.,0.));
#13902=DIRECTION('center_axis',(-1.,0.,0.));
#13903=DIRECTION('ref_axis',(0.,1.,0.));
#13904=DIRECTION('',(-1.,0.,0.));
#13905=DIRECTION('center_axis',(-1.,0.,0.));
#13906=DIRECTION('ref_axis',(0.,1.,0.));
#13907=DIRECTION('',(-1.,0.,0.));
#13908=DIRECTION('center_axis',(1.,0.,0.));
#13909=DIRECTION('ref_axis',(0.,1.,0.));
#13910=DIRECTION('center_axis',(-1.,0.,0.));
#13911=DIRECTION('ref_axis',(0.,1.,0.));
#13912=DIRECTION('center_axis',(-1.,0.,0.));
#13913=DIRECTION('ref_axis',(0.,1.,0.));
#13914=DIRECTION('',(-1.,0.,0.));
#13915=DIRECTION('center_axis',(-1.,0.,0.));
#13916=DIRECTION('ref_axis',(0.,1.,0.));
#13917=DIRECTION('',(-1.,0.,0.));
#13918=DIRECTION('center_axis',(1.,0.,0.));
#13919=DIRECTION('ref_axis',(0.,1.,0.));
#13920=DIRECTION('center_axis',(-1.,0.,0.));
#13921=DIRECTION('ref_axis',(0.,1.,0.));
#13922=DIRECTION('center_axis',(-1.,0.,0.));
#13923=DIRECTION('ref_axis',(0.,1.,0.));
#13924=DIRECTION('',(-1.,0.,0.));
#13925=DIRECTION('center_axis',(-1.,0.,0.));
#13926=DIRECTION('ref_axis',(0.,1.,0.));
#13927=DIRECTION('',(-1.,0.,0.));
#13928=DIRECTION('center_axis',(1.,0.,0.));
#13929=DIRECTION('ref_axis',(0.,1.,0.));
#13930=DIRECTION('center_axis',(-1.,0.,0.));
#13931=DIRECTION('ref_axis',(0.,1.,0.));
#13932=DIRECTION('center_axis',(-1.,0.,0.));
#13933=DIRECTION('ref_axis',(0.,1.,0.));
#13934=DIRECTION('',(-1.,0.,0.));
#13935=DIRECTION('center_axis',(-1.,0.,0.));
#13936=DIRECTION('ref_axis',(0.,1.,0.));
#13937=DIRECTION('',(-1.,0.,0.));
#13938=DIRECTION('center_axis',(1.,0.,0.));
#13939=DIRECTION('ref_axis',(0.,1.,0.));
#13940=DIRECTION('center_axis',(-1.,0.,0.));
#13941=DIRECTION('ref_axis',(0.,1.,0.));
#13942=DIRECTION('center_axis',(-1.,0.,0.));
#13943=DIRECTION('ref_axis',(0.,1.,0.));
#13944=DIRECTION('',(-1.,0.,0.));
#13945=DIRECTION('center_axis',(-1.,0.,0.));
#13946=DIRECTION('ref_axis',(0.,1.,0.));
#13947=DIRECTION('',(-1.,0.,0.));
#13948=DIRECTION('center_axis',(1.,0.,0.));
#13949=DIRECTION('ref_axis',(0.,1.,0.));
#13950=DIRECTION('center_axis',(-1.,0.,0.));
#13951=DIRECTION('ref_axis',(0.,1.,0.));
#13952=DIRECTION('center_axis',(-1.,0.,0.));
#13953=DIRECTION('ref_axis',(0.,1.,0.));
#13954=DIRECTION('',(-1.,0.,0.));
#13955=DIRECTION('center_axis',(-1.,0.,0.));
#13956=DIRECTION('ref_axis',(0.,1.,0.));
#13957=DIRECTION('',(-1.,0.,0.));
#13958=DIRECTION('center_axis',(1.,0.,0.));
#13959=DIRECTION('ref_axis',(0.,1.,0.));
#13960=DIRECTION('center_axis',(-1.,0.,0.));
#13961=DIRECTION('ref_axis',(0.,1.,0.));
#13962=DIRECTION('center_axis',(-1.,0.,0.));
#13963=DIRECTION('ref_axis',(0.,1.,0.));
#13964=DIRECTION('',(-1.,0.,0.));
#13965=DIRECTION('center_axis',(-1.,0.,0.));
#13966=DIRECTION('ref_axis',(0.,1.,0.));
#13967=DIRECTION('',(-1.,0.,0.));
#13968=DIRECTION('center_axis',(1.,0.,0.));
#13969=DIRECTION('ref_axis',(0.,1.,0.));
#13970=DIRECTION('center_axis',(-1.,0.,0.));
#13971=DIRECTION('ref_axis',(0.,1.,0.));
#13972=DIRECTION('center_axis',(-1.,0.,0.));
#13973=DIRECTION('ref_axis',(0.,1.,0.));
#13974=DIRECTION('',(-1.,0.,0.));
#13975=DIRECTION('center_axis',(-1.,0.,0.));
#13976=DIRECTION('ref_axis',(0.,1.,0.));
#13977=DIRECTION('',(-1.,0.,0.));
#13978=DIRECTION('center_axis',(1.,0.,0.));
#13979=DIRECTION('ref_axis',(0.,1.,0.));
#13980=DIRECTION('center_axis',(-1.,0.,0.));
#13981=DIRECTION('ref_axis',(0.,1.,0.));
#13982=DIRECTION('center_axis',(-1.,0.,0.));
#13983=DIRECTION('ref_axis',(0.,1.,0.));
#13984=DIRECTION('',(-1.,0.,0.));
#13985=DIRECTION('center_axis',(-1.,0.,0.));
#13986=DIRECTION('ref_axis',(0.,1.,0.));
#13987=DIRECTION('',(-1.,0.,0.));
#13988=DIRECTION('center_axis',(1.,0.,0.));
#13989=DIRECTION('ref_axis',(0.,1.,0.));
#13990=DIRECTION('center_axis',(-1.,0.,0.));
#13991=DIRECTION('ref_axis',(0.,1.,0.));
#13992=DIRECTION('center_axis',(-1.,0.,0.));
#13993=DIRECTION('ref_axis',(0.,1.,0.));
#13994=DIRECTION('',(-1.,0.,0.));
#13995=DIRECTION('center_axis',(-1.,0.,0.));
#13996=DIRECTION('ref_axis',(0.,1.,0.));
#13997=DIRECTION('',(-1.,0.,0.));
#13998=DIRECTION('center_axis',(1.,0.,0.));
#13999=DIRECTION('ref_axis',(0.,1.,0.));
#14000=DIRECTION('center_axis',(-1.,0.,0.));
#14001=DIRECTION('ref_axis',(0.,1.,0.));
#14002=DIRECTION('center_axis',(-1.,0.,0.));
#14003=DIRECTION('ref_axis',(0.,1.,0.));
#14004=DIRECTION('',(-1.,0.,0.));
#14005=DIRECTION('center_axis',(-1.,0.,0.));
#14006=DIRECTION('ref_axis',(0.,1.,0.));
#14007=DIRECTION('',(-1.,0.,0.));
#14008=DIRECTION('center_axis',(1.,0.,0.));
#14009=DIRECTION('ref_axis',(0.,1.,0.));
#14010=DIRECTION('center_axis',(-1.,0.,0.));
#14011=DIRECTION('ref_axis',(0.,1.,0.));
#14012=DIRECTION('center_axis',(-1.,0.,0.));
#14013=DIRECTION('ref_axis',(0.,1.,0.));
#14014=DIRECTION('',(-1.,0.,0.));
#14015=DIRECTION('center_axis',(-1.,0.,0.));
#14016=DIRECTION('ref_axis',(0.,1.,0.));
#14017=DIRECTION('',(-1.,0.,0.));
#14018=DIRECTION('center_axis',(1.,0.,0.));
#14019=DIRECTION('ref_axis',(0.,1.,0.));
#14020=DIRECTION('center_axis',(-1.,0.,0.));
#14021=DIRECTION('ref_axis',(0.,1.,0.));
#14022=DIRECTION('center_axis',(-1.,0.,0.));
#14023=DIRECTION('ref_axis',(0.,1.,0.));
#14024=DIRECTION('',(-1.,0.,0.));
#14025=DIRECTION('center_axis',(-1.,0.,0.));
#14026=DIRECTION('ref_axis',(0.,1.,0.));
#14027=DIRECTION('',(-1.,0.,0.));
#14028=DIRECTION('center_axis',(1.,0.,0.));
#14029=DIRECTION('ref_axis',(0.,1.,0.));
#14030=DIRECTION('center_axis',(-1.,0.,0.));
#14031=DIRECTION('ref_axis',(0.,1.,0.));
#14032=DIRECTION('center_axis',(-1.,0.,0.));
#14033=DIRECTION('ref_axis',(0.,1.,0.));
#14034=DIRECTION('',(-1.,0.,0.));
#14035=DIRECTION('center_axis',(-1.,0.,0.));
#14036=DIRECTION('ref_axis',(0.,1.,0.));
#14037=DIRECTION('',(-1.,0.,0.));
#14038=DIRECTION('center_axis',(1.,0.,0.));
#14039=DIRECTION('ref_axis',(0.,1.,0.));
#14040=DIRECTION('center_axis',(-1.,0.,0.));
#14041=DIRECTION('ref_axis',(0.,1.,0.));
#14042=DIRECTION('center_axis',(-1.,0.,0.));
#14043=DIRECTION('ref_axis',(0.,1.,0.));
#14044=DIRECTION('',(-1.,0.,0.));
#14045=DIRECTION('center_axis',(-1.,0.,0.));
#14046=DIRECTION('ref_axis',(0.,1.,0.));
#14047=DIRECTION('',(-1.,0.,0.));
#14048=DIRECTION('center_axis',(1.,0.,0.));
#14049=DIRECTION('ref_axis',(0.,1.,0.));
#14050=DIRECTION('center_axis',(-1.,0.,0.));
#14051=DIRECTION('ref_axis',(0.,1.,0.));
#14052=DIRECTION('center_axis',(-1.,0.,0.));
#14053=DIRECTION('ref_axis',(0.,1.,0.));
#14054=DIRECTION('',(-1.,0.,0.));
#14055=DIRECTION('center_axis',(-1.,0.,0.));
#14056=DIRECTION('ref_axis',(0.,1.,0.));
#14057=DIRECTION('',(-1.,0.,0.));
#14058=DIRECTION('center_axis',(1.,0.,0.));
#14059=DIRECTION('ref_axis',(0.,1.,0.));
#14060=DIRECTION('center_axis',(-1.,0.,0.));
#14061=DIRECTION('ref_axis',(0.,1.,0.));
#14062=DIRECTION('center_axis',(-1.,0.,0.));
#14063=DIRECTION('ref_axis',(0.,1.,0.));
#14064=DIRECTION('',(-1.,0.,0.));
#14065=DIRECTION('center_axis',(-1.,0.,0.));
#14066=DIRECTION('ref_axis',(0.,1.,0.));
#14067=DIRECTION('',(-1.,0.,0.));
#14068=DIRECTION('center_axis',(1.,0.,0.));
#14069=DIRECTION('ref_axis',(0.,1.,0.));
#14070=DIRECTION('center_axis',(-1.,0.,0.));
#14071=DIRECTION('ref_axis',(0.,1.,0.));
#14072=DIRECTION('center_axis',(-1.,0.,0.));
#14073=DIRECTION('ref_axis',(0.,1.,0.));
#14074=DIRECTION('',(-1.,0.,0.));
#14075=DIRECTION('center_axis',(-1.,0.,0.));
#14076=DIRECTION('ref_axis',(0.,1.,0.));
#14077=DIRECTION('',(-1.,0.,0.));
#14078=DIRECTION('center_axis',(1.,0.,0.));
#14079=DIRECTION('ref_axis',(0.,1.,0.));
#14080=DIRECTION('center_axis',(-1.,0.,0.));
#14081=DIRECTION('ref_axis',(0.,1.,0.));
#14082=DIRECTION('center_axis',(-1.,0.,0.));
#14083=DIRECTION('ref_axis',(0.,1.,0.));
#14084=DIRECTION('',(-1.,0.,0.));
#14085=DIRECTION('center_axis',(-1.,0.,0.));
#14086=DIRECTION('ref_axis',(0.,1.,0.));
#14087=DIRECTION('',(-1.,0.,0.));
#14088=DIRECTION('center_axis',(1.,0.,0.));
#14089=DIRECTION('ref_axis',(0.,1.,0.));
#14090=DIRECTION('center_axis',(-1.,0.,0.));
#14091=DIRECTION('ref_axis',(0.,1.,0.));
#14092=DIRECTION('center_axis',(-1.,0.,0.));
#14093=DIRECTION('ref_axis',(0.,1.,0.));
#14094=DIRECTION('',(-1.,0.,0.));
#14095=DIRECTION('center_axis',(-1.,0.,0.));
#14096=DIRECTION('ref_axis',(0.,1.,0.));
#14097=DIRECTION('',(-1.,0.,0.));
#14098=DIRECTION('center_axis',(1.,0.,0.));
#14099=DIRECTION('ref_axis',(0.,1.,0.));
#14100=DIRECTION('center_axis',(-1.,0.,0.));
#14101=DIRECTION('ref_axis',(0.,1.,0.));
#14102=DIRECTION('center_axis',(-1.,0.,0.));
#14103=DIRECTION('ref_axis',(0.,1.,0.));
#14104=DIRECTION('',(-1.,0.,0.));
#14105=DIRECTION('center_axis',(-1.,0.,0.));
#14106=DIRECTION('ref_axis',(0.,1.,0.));
#14107=DIRECTION('',(-1.,0.,0.));
#14108=DIRECTION('center_axis',(1.,0.,0.));
#14109=DIRECTION('ref_axis',(0.,1.,0.));
#14110=DIRECTION('center_axis',(-1.,0.,0.));
#14111=DIRECTION('ref_axis',(0.,1.,0.));
#14112=DIRECTION('center_axis',(-1.,0.,0.));
#14113=DIRECTION('ref_axis',(0.,1.,0.));
#14114=DIRECTION('',(-1.,0.,0.));
#14115=DIRECTION('center_axis',(-1.,0.,0.));
#14116=DIRECTION('ref_axis',(0.,1.,0.));
#14117=DIRECTION('',(-1.,0.,0.));
#14118=DIRECTION('center_axis',(1.,0.,0.));
#14119=DIRECTION('ref_axis',(0.,1.,0.));
#14120=DIRECTION('center_axis',(-1.,0.,0.));
#14121=DIRECTION('ref_axis',(0.,1.,0.));
#14122=DIRECTION('center_axis',(-1.,0.,0.));
#14123=DIRECTION('ref_axis',(0.,1.,0.));
#14124=DIRECTION('',(-1.,0.,0.));
#14125=DIRECTION('center_axis',(-1.,0.,0.));
#14126=DIRECTION('ref_axis',(0.,1.,0.));
#14127=DIRECTION('',(-1.,0.,0.));
#14128=DIRECTION('center_axis',(1.,0.,0.));
#14129=DIRECTION('ref_axis',(0.,1.,0.));
#14130=DIRECTION('center_axis',(-1.,0.,0.));
#14131=DIRECTION('ref_axis',(0.,1.,0.));
#14132=DIRECTION('center_axis',(-1.,0.,0.));
#14133=DIRECTION('ref_axis',(0.,1.,0.));
#14134=DIRECTION('',(-1.,0.,0.));
#14135=DIRECTION('center_axis',(-1.,0.,0.));
#14136=DIRECTION('ref_axis',(0.,1.,0.));
#14137=DIRECTION('',(-1.,0.,0.));
#14138=DIRECTION('center_axis',(1.,0.,0.));
#14139=DIRECTION('ref_axis',(0.,1.,0.));
#14140=DIRECTION('center_axis',(-1.,0.,0.));
#14141=DIRECTION('ref_axis',(0.,1.,0.));
#14142=DIRECTION('center_axis',(-1.,0.,0.));
#14143=DIRECTION('ref_axis',(0.,1.,0.));
#14144=DIRECTION('',(-1.,0.,0.));
#14145=DIRECTION('center_axis',(-1.,0.,0.));
#14146=DIRECTION('ref_axis',(0.,1.,0.));
#14147=DIRECTION('',(-1.,0.,0.));
#14148=DIRECTION('center_axis',(1.,0.,0.));
#14149=DIRECTION('ref_axis',(0.,1.,0.));
#14150=DIRECTION('center_axis',(-1.,0.,0.));
#14151=DIRECTION('ref_axis',(0.,1.,0.));
#14152=DIRECTION('center_axis',(-1.,0.,0.));
#14153=DIRECTION('ref_axis',(0.,1.,0.));
#14154=DIRECTION('',(-1.,0.,0.));
#14155=DIRECTION('center_axis',(-1.,0.,0.));
#14156=DIRECTION('ref_axis',(0.,1.,0.));
#14157=DIRECTION('',(-1.,0.,0.));
#14158=DIRECTION('center_axis',(1.,0.,0.));
#14159=DIRECTION('ref_axis',(0.,1.,0.));
#14160=DIRECTION('center_axis',(-1.,0.,0.));
#14161=DIRECTION('ref_axis',(0.,1.,0.));
#14162=DIRECTION('center_axis',(-1.,0.,0.));
#14163=DIRECTION('ref_axis',(0.,1.,0.));
#14164=DIRECTION('',(-1.,0.,0.));
#14165=DIRECTION('center_axis',(-1.,0.,0.));
#14166=DIRECTION('ref_axis',(0.,1.,0.));
#14167=DIRECTION('',(-1.,0.,0.));
#14168=DIRECTION('center_axis',(1.,0.,0.));
#14169=DIRECTION('ref_axis',(0.,1.,0.));
#14170=DIRECTION('center_axis',(-1.,0.,0.));
#14171=DIRECTION('ref_axis',(0.,1.,0.));
#14172=DIRECTION('center_axis',(-1.,0.,0.));
#14173=DIRECTION('ref_axis',(0.,1.,0.));
#14174=DIRECTION('',(-1.,0.,0.));
#14175=DIRECTION('center_axis',(-1.,0.,0.));
#14176=DIRECTION('ref_axis',(0.,1.,0.));
#14177=DIRECTION('',(-1.,0.,0.));
#14178=DIRECTION('center_axis',(1.,0.,0.));
#14179=DIRECTION('ref_axis',(0.,1.,0.));
#14180=DIRECTION('center_axis',(-1.,0.,0.));
#14181=DIRECTION('ref_axis',(0.,1.,0.));
#14182=DIRECTION('center_axis',(-1.,0.,0.));
#14183=DIRECTION('ref_axis',(0.,1.,0.));
#14184=DIRECTION('',(-1.,0.,0.));
#14185=DIRECTION('center_axis',(-1.,0.,0.));
#14186=DIRECTION('ref_axis',(0.,1.,0.));
#14187=DIRECTION('',(-1.,0.,0.));
#14188=DIRECTION('center_axis',(1.,0.,0.));
#14189=DIRECTION('ref_axis',(0.,1.,0.));
#14190=DIRECTION('center_axis',(-1.,0.,0.));
#14191=DIRECTION('ref_axis',(0.,1.,0.));
#14192=DIRECTION('center_axis',(-1.,0.,0.));
#14193=DIRECTION('ref_axis',(0.,1.,0.));
#14194=DIRECTION('',(-1.,0.,0.));
#14195=DIRECTION('center_axis',(-1.,0.,0.));
#14196=DIRECTION('ref_axis',(0.,1.,0.));
#14197=DIRECTION('',(-1.,0.,0.));
#14198=DIRECTION('center_axis',(1.,0.,0.));
#14199=DIRECTION('ref_axis',(0.,1.,0.));
#14200=DIRECTION('center_axis',(-1.,0.,0.));
#14201=DIRECTION('ref_axis',(0.,1.,0.));
#14202=DIRECTION('center_axis',(-1.,0.,0.));
#14203=DIRECTION('ref_axis',(0.,1.,0.));
#14204=DIRECTION('',(-1.,0.,0.));
#14205=DIRECTION('center_axis',(-1.,0.,0.));
#14206=DIRECTION('ref_axis',(0.,1.,0.));
#14207=DIRECTION('',(-1.,0.,0.));
#14208=DIRECTION('center_axis',(1.,0.,0.));
#14209=DIRECTION('ref_axis',(0.,1.,0.));
#14210=DIRECTION('center_axis',(-1.,0.,0.));
#14211=DIRECTION('ref_axis',(0.,1.,0.));
#14212=DIRECTION('center_axis',(-1.,0.,0.));
#14213=DIRECTION('ref_axis',(0.,1.,0.));
#14214=DIRECTION('',(-1.,0.,0.));
#14215=DIRECTION('center_axis',(-1.,0.,0.));
#14216=DIRECTION('ref_axis',(0.,1.,0.));
#14217=DIRECTION('',(-1.,0.,0.));
#14218=DIRECTION('center_axis',(1.,0.,0.));
#14219=DIRECTION('ref_axis',(0.,1.,0.));
#14220=DIRECTION('center_axis',(-1.,0.,0.));
#14221=DIRECTION('ref_axis',(0.,1.,0.));
#14222=DIRECTION('center_axis',(-1.,0.,0.));
#14223=DIRECTION('ref_axis',(0.,1.,0.));
#14224=DIRECTION('',(-1.,0.,0.));
#14225=DIRECTION('center_axis',(-1.,0.,0.));
#14226=DIRECTION('ref_axis',(0.,1.,0.));
#14227=DIRECTION('',(-1.,0.,0.));
#14228=DIRECTION('center_axis',(1.,0.,0.));
#14229=DIRECTION('ref_axis',(0.,1.,0.));
#14230=DIRECTION('center_axis',(-1.,0.,0.));
#14231=DIRECTION('ref_axis',(0.,1.,0.));
#14232=DIRECTION('center_axis',(-1.,0.,0.));
#14233=DIRECTION('ref_axis',(0.,1.,0.));
#14234=DIRECTION('',(-1.,0.,0.));
#14235=DIRECTION('center_axis',(-1.,0.,0.));
#14236=DIRECTION('ref_axis',(0.,1.,0.));
#14237=DIRECTION('',(-1.,0.,0.));
#14238=DIRECTION('center_axis',(1.,0.,0.));
#14239=DIRECTION('ref_axis',(0.,1.,0.));
#14240=DIRECTION('center_axis',(-1.,0.,0.));
#14241=DIRECTION('ref_axis',(0.,1.,0.));
#14242=DIRECTION('center_axis',(-1.,0.,0.));
#14243=DIRECTION('ref_axis',(0.,1.,0.));
#14244=DIRECTION('',(-1.,0.,0.));
#14245=DIRECTION('center_axis',(-1.,0.,0.));
#14246=DIRECTION('ref_axis',(0.,1.,0.));
#14247=DIRECTION('',(-1.,0.,0.));
#14248=DIRECTION('center_axis',(1.,0.,0.));
#14249=DIRECTION('ref_axis',(0.,1.,0.));
#14250=DIRECTION('center_axis',(-1.,0.,0.));
#14251=DIRECTION('ref_axis',(0.,1.,0.));
#14252=DIRECTION('center_axis',(-1.,0.,0.));
#14253=DIRECTION('ref_axis',(0.,1.,0.));
#14254=DIRECTION('',(-1.,0.,0.));
#14255=DIRECTION('center_axis',(-1.,0.,0.));
#14256=DIRECTION('ref_axis',(0.,1.,0.));
#14257=DIRECTION('',(-1.,0.,0.));
#14258=DIRECTION('center_axis',(1.,0.,0.));
#14259=DIRECTION('ref_axis',(0.,1.,0.));
#14260=DIRECTION('center_axis',(-1.,0.,0.));
#14261=DIRECTION('ref_axis',(0.,1.,0.));
#14262=DIRECTION('center_axis',(-1.,0.,0.));
#14263=DIRECTION('ref_axis',(0.,1.,0.));
#14264=DIRECTION('',(-1.,0.,0.));
#14265=DIRECTION('center_axis',(-1.,0.,0.));
#14266=DIRECTION('ref_axis',(0.,1.,0.));
#14267=DIRECTION('',(-1.,0.,0.));
#14268=DIRECTION('center_axis',(1.,0.,0.));
#14269=DIRECTION('ref_axis',(0.,1.,0.));
#14270=DIRECTION('center_axis',(-1.,0.,0.));
#14271=DIRECTION('ref_axis',(0.,1.,0.));
#14272=DIRECTION('center_axis',(-1.,0.,0.));
#14273=DIRECTION('ref_axis',(0.,1.,0.));
#14274=DIRECTION('',(-1.,0.,0.));
#14275=DIRECTION('center_axis',(-1.,0.,0.));
#14276=DIRECTION('ref_axis',(0.,1.,0.));
#14277=DIRECTION('',(-1.,0.,0.));
#14278=DIRECTION('center_axis',(1.,0.,0.));
#14279=DIRECTION('ref_axis',(0.,1.,0.));
#14280=DIRECTION('center_axis',(-1.,0.,0.));
#14281=DIRECTION('ref_axis',(0.,1.,0.));
#14282=DIRECTION('center_axis',(-1.,0.,0.));
#14283=DIRECTION('ref_axis',(0.,1.,0.));
#14284=DIRECTION('',(-1.,0.,0.));
#14285=DIRECTION('center_axis',(-1.,0.,0.));
#14286=DIRECTION('ref_axis',(0.,1.,0.));
#14287=DIRECTION('',(-1.,0.,0.));
#14288=DIRECTION('center_axis',(1.,0.,0.));
#14289=DIRECTION('ref_axis',(0.,1.,0.));
#14290=DIRECTION('center_axis',(-1.,0.,0.));
#14291=DIRECTION('ref_axis',(0.,1.,0.));
#14292=DIRECTION('center_axis',(-1.,0.,0.));
#14293=DIRECTION('ref_axis',(0.,1.,0.));
#14294=DIRECTION('',(-1.,0.,0.));
#14295=DIRECTION('center_axis',(-1.,0.,0.));
#14296=DIRECTION('ref_axis',(0.,1.,0.));
#14297=DIRECTION('',(-1.,0.,0.));
#14298=DIRECTION('center_axis',(1.,0.,0.));
#14299=DIRECTION('ref_axis',(0.,1.,0.));
#14300=DIRECTION('center_axis',(-1.,0.,0.));
#14301=DIRECTION('ref_axis',(0.,1.,0.));
#14302=DIRECTION('center_axis',(-1.,0.,0.));
#14303=DIRECTION('ref_axis',(0.,1.,0.));
#14304=DIRECTION('',(-1.,0.,0.));
#14305=DIRECTION('center_axis',(-1.,0.,0.));
#14306=DIRECTION('ref_axis',(0.,1.,0.));
#14307=DIRECTION('',(-1.,0.,0.));
#14308=DIRECTION('center_axis',(1.,0.,0.));
#14309=DIRECTION('ref_axis',(0.,1.,0.));
#14310=DIRECTION('center_axis',(-1.,0.,0.));
#14311=DIRECTION('ref_axis',(0.,1.,0.));
#14312=DIRECTION('center_axis',(-1.,0.,0.));
#14313=DIRECTION('ref_axis',(0.,1.,0.));
#14314=DIRECTION('',(-1.,0.,0.));
#14315=DIRECTION('center_axis',(-1.,0.,0.));
#14316=DIRECTION('ref_axis',(0.,1.,0.));
#14317=DIRECTION('',(-1.,0.,0.));
#14318=DIRECTION('center_axis',(1.,0.,0.));
#14319=DIRECTION('ref_axis',(0.,1.,0.));
#14320=DIRECTION('center_axis',(-1.,0.,0.));
#14321=DIRECTION('ref_axis',(0.,1.,0.));
#14322=DIRECTION('center_axis',(-1.,0.,0.));
#14323=DIRECTION('ref_axis',(0.,1.,0.));
#14324=DIRECTION('',(-1.,0.,0.));
#14325=DIRECTION('center_axis',(-1.,0.,0.));
#14326=DIRECTION('ref_axis',(0.,1.,0.));
#14327=DIRECTION('',(-1.,0.,0.));
#14328=DIRECTION('center_axis',(1.,0.,0.));
#14329=DIRECTION('ref_axis',(0.,1.,0.));
#14330=DIRECTION('center_axis',(-1.,0.,0.));
#14331=DIRECTION('ref_axis',(0.,1.,0.));
#14332=DIRECTION('center_axis',(-1.,0.,0.));
#14333=DIRECTION('ref_axis',(0.,1.,0.));
#14334=DIRECTION('',(-1.,0.,0.));
#14335=DIRECTION('center_axis',(-1.,0.,0.));
#14336=DIRECTION('ref_axis',(0.,1.,0.));
#14337=DIRECTION('',(-1.,0.,0.));
#14338=DIRECTION('center_axis',(1.,0.,0.));
#14339=DIRECTION('ref_axis',(0.,1.,0.));
#14340=DIRECTION('center_axis',(-1.,0.,0.));
#14341=DIRECTION('ref_axis',(0.,1.,0.));
#14342=DIRECTION('center_axis',(-1.,0.,0.));
#14343=DIRECTION('ref_axis',(0.,1.,0.));
#14344=DIRECTION('',(-1.,0.,0.));
#14345=DIRECTION('center_axis',(-1.,0.,0.));
#14346=DIRECTION('ref_axis',(0.,1.,0.));
#14347=DIRECTION('',(-1.,0.,0.));
#14348=DIRECTION('center_axis',(1.,0.,0.));
#14349=DIRECTION('ref_axis',(0.,1.,0.));
#14350=DIRECTION('center_axis',(-1.,0.,0.));
#14351=DIRECTION('ref_axis',(0.,1.,0.));
#14352=DIRECTION('center_axis',(-1.,0.,0.));
#14353=DIRECTION('ref_axis',(0.,1.,0.));
#14354=DIRECTION('',(-1.,0.,0.));
#14355=DIRECTION('center_axis',(-1.,0.,0.));
#14356=DIRECTION('ref_axis',(0.,1.,0.));
#14357=DIRECTION('',(-1.,0.,0.));
#14358=DIRECTION('center_axis',(1.,0.,0.));
#14359=DIRECTION('ref_axis',(0.,1.,0.));
#14360=DIRECTION('center_axis',(-1.,0.,0.));
#14361=DIRECTION('ref_axis',(0.,1.,0.));
#14362=DIRECTION('center_axis',(-1.,0.,0.));
#14363=DIRECTION('ref_axis',(0.,1.,0.));
#14364=DIRECTION('',(-1.,0.,0.));
#14365=DIRECTION('center_axis',(-1.,0.,0.));
#14366=DIRECTION('ref_axis',(0.,1.,0.));
#14367=DIRECTION('',(-1.,0.,0.));
#14368=DIRECTION('center_axis',(1.,0.,0.));
#14369=DIRECTION('ref_axis',(0.,1.,0.));
#14370=DIRECTION('center_axis',(-1.,0.,0.));
#14371=DIRECTION('ref_axis',(0.,1.,0.));
#14372=DIRECTION('center_axis',(-1.,0.,0.));
#14373=DIRECTION('ref_axis',(0.,1.,0.));
#14374=DIRECTION('',(-1.,0.,0.));
#14375=DIRECTION('center_axis',(-1.,0.,0.));
#14376=DIRECTION('ref_axis',(0.,1.,0.));
#14377=DIRECTION('',(-1.,0.,0.));
#14378=DIRECTION('center_axis',(1.,0.,0.));
#14379=DIRECTION('ref_axis',(0.,1.,0.));
#14380=DIRECTION('center_axis',(-1.,0.,0.));
#14381=DIRECTION('ref_axis',(0.,1.,0.));
#14382=DIRECTION('center_axis',(-1.,0.,0.));
#14383=DIRECTION('ref_axis',(0.,1.,0.));
#14384=DIRECTION('',(-1.,0.,0.));
#14385=DIRECTION('center_axis',(-1.,0.,0.));
#14386=DIRECTION('ref_axis',(0.,1.,0.));
#14387=DIRECTION('',(-1.,0.,0.));
#14388=DIRECTION('center_axis',(1.,0.,0.));
#14389=DIRECTION('ref_axis',(0.,1.,0.));
#14390=DIRECTION('center_axis',(-1.,0.,0.));
#14391=DIRECTION('ref_axis',(0.,1.,0.));
#14392=DIRECTION('center_axis',(-1.,0.,0.));
#14393=DIRECTION('ref_axis',(0.,1.,0.));
#14394=DIRECTION('',(-1.,0.,0.));
#14395=DIRECTION('center_axis',(-1.,0.,0.));
#14396=DIRECTION('ref_axis',(0.,1.,0.));
#14397=DIRECTION('',(-1.,0.,0.));
#14398=DIRECTION('center_axis',(1.,0.,0.));
#14399=DIRECTION('ref_axis',(0.,1.,0.));
#14400=DIRECTION('center_axis',(-1.,0.,0.));
#14401=DIRECTION('ref_axis',(0.,1.,0.));
#14402=DIRECTION('center_axis',(-1.,0.,0.));
#14403=DIRECTION('ref_axis',(0.,1.,0.));
#14404=DIRECTION('',(-1.,0.,0.));
#14405=DIRECTION('center_axis',(-1.,0.,0.));
#14406=DIRECTION('ref_axis',(0.,1.,0.));
#14407=DIRECTION('',(-1.,0.,0.));
#14408=DIRECTION('center_axis',(1.,0.,0.));
#14409=DIRECTION('ref_axis',(0.,1.,0.));
#14410=DIRECTION('center_axis',(-1.,0.,0.));
#14411=DIRECTION('ref_axis',(0.,1.,0.));
#14412=DIRECTION('center_axis',(-1.,0.,0.));
#14413=DIRECTION('ref_axis',(0.,1.,0.));
#14414=DIRECTION('',(-1.,0.,0.));
#14415=DIRECTION('center_axis',(-1.,0.,0.));
#14416=DIRECTION('ref_axis',(0.,1.,0.));
#14417=DIRECTION('',(-1.,0.,0.));
#14418=DIRECTION('center_axis',(1.,0.,0.));
#14419=DIRECTION('ref_axis',(0.,1.,0.));
#14420=DIRECTION('center_axis',(-1.,0.,0.));
#14421=DIRECTION('ref_axis',(0.,1.,0.));
#14422=DIRECTION('center_axis',(-1.,0.,0.));
#14423=DIRECTION('ref_axis',(0.,1.,0.));
#14424=DIRECTION('',(-1.,0.,0.));
#14425=DIRECTION('center_axis',(-1.,0.,0.));
#14426=DIRECTION('ref_axis',(0.,1.,0.));
#14427=DIRECTION('',(-1.,0.,0.));
#14428=DIRECTION('center_axis',(1.,0.,0.));
#14429=DIRECTION('ref_axis',(0.,1.,0.));
#14430=DIRECTION('center_axis',(-1.,0.,0.));
#14431=DIRECTION('ref_axis',(0.,1.,0.));
#14432=DIRECTION('center_axis',(-1.,0.,0.));
#14433=DIRECTION('ref_axis',(0.,1.,0.));
#14434=DIRECTION('',(-1.,0.,0.));
#14435=DIRECTION('center_axis',(-1.,0.,0.));
#14436=DIRECTION('ref_axis',(0.,1.,0.));
#14437=DIRECTION('',(-1.,0.,0.));
#14438=DIRECTION('center_axis',(1.,0.,0.));
#14439=DIRECTION('ref_axis',(0.,1.,0.));
#14440=DIRECTION('center_axis',(-1.,0.,0.));
#14441=DIRECTION('ref_axis',(0.,1.,0.));
#14442=DIRECTION('center_axis',(-1.,0.,0.));
#14443=DIRECTION('ref_axis',(0.,1.,0.));
#14444=DIRECTION('',(-1.,0.,0.));
#14445=DIRECTION('center_axis',(-1.,0.,0.));
#14446=DIRECTION('ref_axis',(0.,1.,0.));
#14447=DIRECTION('',(-1.,0.,0.));
#14448=DIRECTION('center_axis',(1.,0.,0.));
#14449=DIRECTION('ref_axis',(0.,1.,0.));
#14450=DIRECTION('center_axis',(-1.,0.,0.));
#14451=DIRECTION('ref_axis',(0.,1.,0.));
#14452=DIRECTION('center_axis',(-1.,0.,0.));
#14453=DIRECTION('ref_axis',(0.,1.,0.));
#14454=DIRECTION('',(-1.,0.,0.));
#14455=DIRECTION('center_axis',(-1.,0.,0.));
#14456=DIRECTION('ref_axis',(0.,1.,0.));
#14457=DIRECTION('',(-1.,0.,0.));
#14458=DIRECTION('center_axis',(1.,0.,0.));
#14459=DIRECTION('ref_axis',(0.,1.,0.));
#14460=DIRECTION('center_axis',(-1.,0.,0.));
#14461=DIRECTION('ref_axis',(0.,1.,0.));
#14462=DIRECTION('center_axis',(-1.,0.,0.));
#14463=DIRECTION('ref_axis',(0.,1.,0.));
#14464=DIRECTION('',(-1.,0.,0.));
#14465=DIRECTION('center_axis',(-1.,0.,0.));
#14466=DIRECTION('ref_axis',(0.,1.,0.));
#14467=DIRECTION('',(-1.,0.,0.));
#14468=DIRECTION('center_axis',(1.,0.,0.));
#14469=DIRECTION('ref_axis',(0.,1.,0.));
#14470=DIRECTION('center_axis',(-1.,0.,0.));
#14471=DIRECTION('ref_axis',(0.,1.,0.));
#14472=DIRECTION('center_axis',(-1.,0.,0.));
#14473=DIRECTION('ref_axis',(0.,1.,0.));
#14474=DIRECTION('',(-1.,0.,0.));
#14475=DIRECTION('center_axis',(-1.,0.,0.));
#14476=DIRECTION('ref_axis',(0.,1.,0.));
#14477=DIRECTION('',(-1.,0.,0.));
#14478=DIRECTION('center_axis',(1.,0.,0.));
#14479=DIRECTION('ref_axis',(0.,1.,0.));
#14480=DIRECTION('center_axis',(-1.,0.,0.));
#14481=DIRECTION('ref_axis',(0.,1.,0.));
#14482=DIRECTION('center_axis',(-1.,0.,0.));
#14483=DIRECTION('ref_axis',(0.,1.,0.));
#14484=DIRECTION('',(-1.,0.,0.));
#14485=DIRECTION('center_axis',(-1.,0.,0.));
#14486=DIRECTION('ref_axis',(0.,1.,0.));
#14487=DIRECTION('',(-1.,0.,0.));
#14488=DIRECTION('center_axis',(1.,0.,0.));
#14489=DIRECTION('ref_axis',(0.,1.,0.));
#14490=DIRECTION('center_axis',(-1.,0.,0.));
#14491=DIRECTION('ref_axis',(0.,1.,0.));
#14492=DIRECTION('center_axis',(-1.,0.,0.));
#14493=DIRECTION('ref_axis',(0.,1.,0.));
#14494=DIRECTION('',(-1.,0.,0.));
#14495=DIRECTION('center_axis',(-1.,0.,0.));
#14496=DIRECTION('ref_axis',(0.,1.,0.));
#14497=DIRECTION('',(-1.,0.,0.));
#14498=DIRECTION('center_axis',(1.,0.,0.));
#14499=DIRECTION('ref_axis',(0.,1.,0.));
#14500=DIRECTION('center_axis',(-1.,0.,0.));
#14501=DIRECTION('ref_axis',(0.,1.,0.));
#14502=DIRECTION('center_axis',(-1.,0.,0.));
#14503=DIRECTION('ref_axis',(0.,1.,0.));
#14504=DIRECTION('',(-1.,0.,0.));
#14505=DIRECTION('center_axis',(-1.,0.,0.));
#14506=DIRECTION('ref_axis',(0.,1.,0.));
#14507=DIRECTION('',(-1.,0.,0.));
#14508=DIRECTION('center_axis',(1.,0.,0.));
#14509=DIRECTION('ref_axis',(0.,1.,0.));
#14510=DIRECTION('center_axis',(-1.,0.,0.));
#14511=DIRECTION('ref_axis',(0.,1.,0.));
#14512=DIRECTION('center_axis',(-1.,0.,0.));
#14513=DIRECTION('ref_axis',(0.,1.,0.));
#14514=DIRECTION('',(-1.,0.,0.));
#14515=DIRECTION('center_axis',(-1.,0.,0.));
#14516=DIRECTION('ref_axis',(0.,1.,0.));
#14517=DIRECTION('',(-1.,0.,0.));
#14518=DIRECTION('center_axis',(1.,0.,0.));
#14519=DIRECTION('ref_axis',(0.,1.,0.));
#14520=DIRECTION('center_axis',(-1.,0.,0.));
#14521=DIRECTION('ref_axis',(0.,1.,0.));
#14522=DIRECTION('center_axis',(-1.,0.,0.));
#14523=DIRECTION('ref_axis',(0.,1.,0.));
#14524=DIRECTION('',(-1.,0.,0.));
#14525=DIRECTION('center_axis',(-1.,0.,0.));
#14526=DIRECTION('ref_axis',(0.,1.,0.));
#14527=DIRECTION('',(-1.,0.,0.));
#14528=DIRECTION('center_axis',(1.,0.,0.));
#14529=DIRECTION('ref_axis',(0.,1.,0.));
#14530=DIRECTION('center_axis',(-1.,0.,0.));
#14531=DIRECTION('ref_axis',(0.,1.,0.));
#14532=DIRECTION('center_axis',(-1.,0.,0.));
#14533=DIRECTION('ref_axis',(0.,1.,0.));
#14534=DIRECTION('',(-1.,0.,0.));
#14535=DIRECTION('center_axis',(-1.,0.,0.));
#14536=DIRECTION('ref_axis',(0.,1.,0.));
#14537=DIRECTION('',(-1.,0.,0.));
#14538=DIRECTION('center_axis',(1.,0.,0.));
#14539=DIRECTION('ref_axis',(0.,1.,0.));
#14540=DIRECTION('center_axis',(-1.,0.,0.));
#14541=DIRECTION('ref_axis',(0.,1.,0.));
#14542=DIRECTION('center_axis',(-1.,0.,0.));
#14543=DIRECTION('ref_axis',(0.,1.,0.));
#14544=DIRECTION('',(-1.,0.,0.));
#14545=DIRECTION('center_axis',(-1.,0.,0.));
#14546=DIRECTION('ref_axis',(0.,1.,0.));
#14547=DIRECTION('',(-1.,0.,0.));
#14548=DIRECTION('center_axis',(1.,0.,0.));
#14549=DIRECTION('ref_axis',(0.,1.,0.));
#14550=DIRECTION('center_axis',(-1.,0.,0.));
#14551=DIRECTION('ref_axis',(0.,1.,0.));
#14552=DIRECTION('center_axis',(-1.,0.,0.));
#14553=DIRECTION('ref_axis',(0.,1.,0.));
#14554=DIRECTION('',(-1.,0.,0.));
#14555=DIRECTION('center_axis',(-1.,0.,0.));
#14556=DIRECTION('ref_axis',(0.,1.,0.));
#14557=DIRECTION('',(-1.,0.,0.));
#14558=DIRECTION('center_axis',(1.,0.,0.));
#14559=DIRECTION('ref_axis',(0.,1.,0.));
#14560=DIRECTION('center_axis',(-1.,0.,0.));
#14561=DIRECTION('ref_axis',(0.,1.,0.));
#14562=DIRECTION('center_axis',(-1.,0.,0.));
#14563=DIRECTION('ref_axis',(0.,1.,0.));
#14564=DIRECTION('',(-1.,0.,0.));
#14565=DIRECTION('center_axis',(-1.,0.,0.));
#14566=DIRECTION('ref_axis',(0.,1.,0.));
#14567=DIRECTION('',(-1.,0.,0.));
#14568=DIRECTION('center_axis',(1.,0.,0.));
#14569=DIRECTION('ref_axis',(0.,1.,0.));
#14570=DIRECTION('center_axis',(-1.,0.,0.));
#14571=DIRECTION('ref_axis',(0.,1.,0.));
#14572=DIRECTION('center_axis',(-1.,0.,0.));
#14573=DIRECTION('ref_axis',(0.,1.,0.));
#14574=DIRECTION('',(-1.,0.,0.));
#14575=DIRECTION('center_axis',(-1.,0.,0.));
#14576=DIRECTION('ref_axis',(0.,1.,0.));
#14577=DIRECTION('',(-1.,0.,0.));
#14578=DIRECTION('center_axis',(1.,0.,0.));
#14579=DIRECTION('ref_axis',(0.,1.,0.));
#14580=DIRECTION('center_axis',(-1.,0.,0.));
#14581=DIRECTION('ref_axis',(0.,1.,0.));
#14582=DIRECTION('center_axis',(-1.,0.,0.));
#14583=DIRECTION('ref_axis',(0.,1.,0.));
#14584=DIRECTION('',(-1.,0.,0.));
#14585=DIRECTION('center_axis',(-1.,0.,0.));
#14586=DIRECTION('ref_axis',(0.,1.,0.));
#14587=DIRECTION('',(-1.,0.,0.));
#14588=DIRECTION('center_axis',(1.,0.,0.));
#14589=DIRECTION('ref_axis',(0.,1.,0.));
#14590=DIRECTION('center_axis',(-1.,0.,0.));
#14591=DIRECTION('ref_axis',(0.,1.,0.));
#14592=DIRECTION('center_axis',(-1.,0.,0.));
#14593=DIRECTION('ref_axis',(0.,1.,0.));
#14594=DIRECTION('',(-1.,0.,0.));
#14595=DIRECTION('center_axis',(-1.,0.,0.));
#14596=DIRECTION('ref_axis',(0.,1.,0.));
#14597=DIRECTION('',(-1.,0.,0.));
#14598=DIRECTION('center_axis',(1.,0.,0.));
#14599=DIRECTION('ref_axis',(0.,1.,0.));
#14600=DIRECTION('center_axis',(-1.,0.,0.));
#14601=DIRECTION('ref_axis',(0.,1.,0.));
#14602=DIRECTION('center_axis',(-1.,0.,0.));
#14603=DIRECTION('ref_axis',(0.,1.,0.));
#14604=DIRECTION('',(-1.,0.,0.));
#14605=DIRECTION('center_axis',(-1.,0.,0.));
#14606=DIRECTION('ref_axis',(0.,1.,0.));
#14607=DIRECTION('',(-1.,0.,0.));
#14608=DIRECTION('center_axis',(1.,0.,0.));
#14609=DIRECTION('ref_axis',(0.,1.,0.));
#14610=DIRECTION('center_axis',(-1.,0.,0.));
#14611=DIRECTION('ref_axis',(0.,1.,0.));
#14612=DIRECTION('center_axis',(-1.,0.,0.));
#14613=DIRECTION('ref_axis',(0.,1.,0.));
#14614=DIRECTION('',(-1.,0.,0.));
#14615=DIRECTION('center_axis',(-1.,0.,0.));
#14616=DIRECTION('ref_axis',(0.,1.,0.));
#14617=DIRECTION('',(-1.,0.,0.));
#14618=DIRECTION('center_axis',(1.,0.,0.));
#14619=DIRECTION('ref_axis',(0.,1.,0.));
#14620=DIRECTION('center_axis',(-1.,0.,0.));
#14621=DIRECTION('ref_axis',(0.,1.,0.));
#14622=DIRECTION('center_axis',(-1.,0.,0.));
#14623=DIRECTION('ref_axis',(0.,1.,0.));
#14624=DIRECTION('',(-1.,0.,0.));
#14625=DIRECTION('center_axis',(-1.,0.,0.));
#14626=DIRECTION('ref_axis',(0.,1.,0.));
#14627=DIRECTION('',(-1.,0.,0.));
#14628=DIRECTION('center_axis',(1.,0.,0.));
#14629=DIRECTION('ref_axis',(0.,1.,0.));
#14630=DIRECTION('center_axis',(-1.,0.,0.));
#14631=DIRECTION('ref_axis',(0.,1.,0.));
#14632=DIRECTION('center_axis',(-1.,0.,0.));
#14633=DIRECTION('ref_axis',(0.,1.,0.));
#14634=DIRECTION('',(-1.,0.,0.));
#14635=DIRECTION('center_axis',(-1.,0.,0.));
#14636=DIRECTION('ref_axis',(0.,1.,0.));
#14637=DIRECTION('',(-1.,0.,0.));
#14638=DIRECTION('center_axis',(1.,0.,0.));
#14639=DIRECTION('ref_axis',(0.,1.,0.));
#14640=DIRECTION('center_axis',(-1.,0.,0.));
#14641=DIRECTION('ref_axis',(0.,1.,0.));
#14642=DIRECTION('center_axis',(-1.,0.,0.));
#14643=DIRECTION('ref_axis',(0.,1.,0.));
#14644=DIRECTION('',(-1.,0.,0.));
#14645=DIRECTION('center_axis',(-1.,0.,0.));
#14646=DIRECTION('ref_axis',(0.,1.,0.));
#14647=DIRECTION('',(-1.,0.,0.));
#14648=DIRECTION('center_axis',(1.,0.,0.));
#14649=DIRECTION('ref_axis',(0.,1.,0.));
#14650=DIRECTION('center_axis',(-1.,0.,0.));
#14651=DIRECTION('ref_axis',(0.,1.,0.));
#14652=DIRECTION('center_axis',(-1.,0.,0.));
#14653=DIRECTION('ref_axis',(0.,1.,0.));
#14654=DIRECTION('',(-1.,0.,0.));
#14655=DIRECTION('center_axis',(-1.,0.,0.));
#14656=DIRECTION('ref_axis',(0.,1.,0.));
#14657=DIRECTION('',(-1.,0.,0.));
#14658=DIRECTION('center_axis',(1.,0.,0.));
#14659=DIRECTION('ref_axis',(0.,1.,0.));
#14660=DIRECTION('center_axis',(-1.,0.,0.));
#14661=DIRECTION('ref_axis',(0.,1.,0.));
#14662=DIRECTION('center_axis',(-1.,0.,0.));
#14663=DIRECTION('ref_axis',(0.,1.,0.));
#14664=DIRECTION('',(-1.,0.,0.));
#14665=DIRECTION('center_axis',(-1.,0.,0.));
#14666=DIRECTION('ref_axis',(0.,1.,0.));
#14667=DIRECTION('',(-1.,0.,0.));
#14668=DIRECTION('center_axis',(1.,0.,0.));
#14669=DIRECTION('ref_axis',(0.,1.,0.));
#14670=DIRECTION('center_axis',(-1.,0.,0.));
#14671=DIRECTION('ref_axis',(0.,1.,0.));
#14672=DIRECTION('center_axis',(-1.,0.,0.));
#14673=DIRECTION('ref_axis',(0.,1.,0.));
#14674=DIRECTION('',(-1.,0.,0.));
#14675=DIRECTION('center_axis',(-1.,0.,0.));
#14676=DIRECTION('ref_axis',(0.,1.,0.));
#14677=DIRECTION('',(-1.,0.,0.));
#14678=DIRECTION('center_axis',(1.,0.,0.));
#14679=DIRECTION('ref_axis',(0.,1.,0.));
#14680=DIRECTION('center_axis',(-1.,0.,0.));
#14681=DIRECTION('ref_axis',(0.,1.,0.));
#14682=DIRECTION('center_axis',(-1.,0.,0.));
#14683=DIRECTION('ref_axis',(0.,1.,0.));
#14684=DIRECTION('',(-1.,0.,0.));
#14685=DIRECTION('center_axis',(-1.,0.,0.));
#14686=DIRECTION('ref_axis',(0.,1.,0.));
#14687=DIRECTION('',(-1.,0.,0.));
#14688=DIRECTION('center_axis',(1.,0.,0.));
#14689=DIRECTION('ref_axis',(0.,1.,0.));
#14690=DIRECTION('center_axis',(-1.,0.,0.));
#14691=DIRECTION('ref_axis',(0.,1.,0.));
#14692=DIRECTION('center_axis',(-1.,0.,0.));
#14693=DIRECTION('ref_axis',(0.,1.,0.));
#14694=DIRECTION('',(-1.,0.,0.));
#14695=DIRECTION('center_axis',(-1.,0.,0.));
#14696=DIRECTION('ref_axis',(0.,1.,0.));
#14697=DIRECTION('',(-1.,0.,0.));
#14698=DIRECTION('center_axis',(1.,0.,0.));
#14699=DIRECTION('ref_axis',(0.,1.,0.));
#14700=DIRECTION('center_axis',(-1.,0.,0.));
#14701=DIRECTION('ref_axis',(0.,1.,0.));
#14702=DIRECTION('center_axis',(-1.,0.,0.));
#14703=DIRECTION('ref_axis',(0.,1.,0.));
#14704=DIRECTION('',(-1.,0.,0.));
#14705=DIRECTION('center_axis',(-1.,0.,0.));
#14706=DIRECTION('ref_axis',(0.,1.,0.));
#14707=DIRECTION('',(-1.,0.,0.));
#14708=DIRECTION('center_axis',(1.,0.,0.));
#14709=DIRECTION('ref_axis',(0.,1.,0.));
#14710=DIRECTION('center_axis',(-1.,0.,0.));
#14711=DIRECTION('ref_axis',(0.,1.,0.));
#14712=DIRECTION('center_axis',(-1.,0.,0.));
#14713=DIRECTION('ref_axis',(0.,1.,0.));
#14714=DIRECTION('',(-1.,0.,0.));
#14715=DIRECTION('center_axis',(-1.,0.,0.));
#14716=DIRECTION('ref_axis',(0.,1.,0.));
#14717=DIRECTION('',(-1.,0.,0.));
#14718=DIRECTION('center_axis',(1.,0.,0.));
#14719=DIRECTION('ref_axis',(0.,1.,0.));
#14720=DIRECTION('center_axis',(-1.,0.,0.));
#14721=DIRECTION('ref_axis',(0.,1.,0.));
#14722=DIRECTION('center_axis',(-1.,0.,0.));
#14723=DIRECTION('ref_axis',(0.,1.,0.));
#14724=DIRECTION('',(-1.,0.,0.));
#14725=DIRECTION('center_axis',(-1.,0.,0.));
#14726=DIRECTION('ref_axis',(0.,1.,0.));
#14727=DIRECTION('',(-1.,0.,0.));
#14728=DIRECTION('center_axis',(1.,0.,0.));
#14729=DIRECTION('ref_axis',(0.,1.,0.));
#14730=DIRECTION('center_axis',(-1.,0.,0.));
#14731=DIRECTION('ref_axis',(0.,1.,0.));
#14732=DIRECTION('center_axis',(-1.,0.,0.));
#14733=DIRECTION('ref_axis',(0.,1.,0.));
#14734=DIRECTION('',(-1.,0.,0.));
#14735=DIRECTION('center_axis',(-1.,0.,0.));
#14736=DIRECTION('ref_axis',(0.,1.,0.));
#14737=DIRECTION('',(-1.,0.,0.));
#14738=DIRECTION('center_axis',(1.,0.,0.));
#14739=DIRECTION('ref_axis',(0.,1.,0.));
#14740=DIRECTION('center_axis',(-1.,0.,0.));
#14741=DIRECTION('ref_axis',(0.,1.,0.));
#14742=DIRECTION('center_axis',(-1.,0.,0.));
#14743=DIRECTION('ref_axis',(0.,1.,0.));
#14744=DIRECTION('',(-1.,0.,0.));
#14745=DIRECTION('center_axis',(-1.,0.,0.));
#14746=DIRECTION('ref_axis',(0.,1.,0.));
#14747=DIRECTION('',(-1.,0.,0.));
#14748=DIRECTION('center_axis',(1.,0.,0.));
#14749=DIRECTION('ref_axis',(0.,1.,0.));
#14750=DIRECTION('center_axis',(-1.,0.,0.));
#14751=DIRECTION('ref_axis',(0.,1.,0.));
#14752=DIRECTION('center_axis',(-1.,0.,0.));
#14753=DIRECTION('ref_axis',(0.,1.,0.));
#14754=DIRECTION('',(-1.,0.,0.));
#14755=DIRECTION('center_axis',(-1.,0.,0.));
#14756=DIRECTION('ref_axis',(0.,1.,0.));
#14757=DIRECTION('',(-1.,0.,0.));
#14758=DIRECTION('center_axis',(1.,0.,0.));
#14759=DIRECTION('ref_axis',(0.,1.,0.));
#14760=DIRECTION('center_axis',(-1.,0.,0.));
#14761=DIRECTION('ref_axis',(0.,1.,0.));
#14762=DIRECTION('center_axis',(-1.,0.,0.));
#14763=DIRECTION('ref_axis',(0.,1.,0.));
#14764=DIRECTION('',(-1.,0.,0.));
#14765=DIRECTION('center_axis',(-1.,0.,0.));
#14766=DIRECTION('ref_axis',(0.,1.,0.));
#14767=DIRECTION('',(-1.,0.,0.));
#14768=DIRECTION('center_axis',(1.,0.,0.));
#14769=DIRECTION('ref_axis',(0.,1.,0.));
#14770=DIRECTION('center_axis',(-1.,0.,0.));
#14771=DIRECTION('ref_axis',(0.,1.,0.));
#14772=DIRECTION('center_axis',(-1.,0.,0.));
#14773=DIRECTION('ref_axis',(0.,1.,0.));
#14774=DIRECTION('',(-1.,0.,0.));
#14775=DIRECTION('center_axis',(-1.,0.,0.));
#14776=DIRECTION('ref_axis',(0.,1.,0.));
#14777=DIRECTION('',(-1.,0.,0.));
#14778=DIRECTION('center_axis',(1.,0.,0.));
#14779=DIRECTION('ref_axis',(0.,1.,0.));
#14780=DIRECTION('center_axis',(-1.,0.,0.));
#14781=DIRECTION('ref_axis',(0.,1.,0.));
#14782=DIRECTION('center_axis',(-1.,0.,0.));
#14783=DIRECTION('ref_axis',(0.,1.,0.));
#14784=DIRECTION('',(-1.,0.,0.));
#14785=DIRECTION('center_axis',(-1.,0.,0.));
#14786=DIRECTION('ref_axis',(0.,1.,0.));
#14787=DIRECTION('',(-1.,0.,0.));
#14788=DIRECTION('center_axis',(1.,0.,0.));
#14789=DIRECTION('ref_axis',(0.,1.,0.));
#14790=DIRECTION('center_axis',(-1.,0.,0.));
#14791=DIRECTION('ref_axis',(0.,1.,0.));
#14792=DIRECTION('center_axis',(-1.,0.,0.));
#14793=DIRECTION('ref_axis',(0.,1.,0.));
#14794=DIRECTION('',(-1.,0.,0.));
#14795=DIRECTION('center_axis',(-1.,0.,0.));
#14796=DIRECTION('ref_axis',(0.,1.,0.));
#14797=DIRECTION('',(-1.,0.,0.));
#14798=DIRECTION('center_axis',(1.,0.,0.));
#14799=DIRECTION('ref_axis',(0.,1.,0.));
#14800=DIRECTION('center_axis',(-1.,0.,0.));
#14801=DIRECTION('ref_axis',(0.,1.,0.));
#14802=DIRECTION('center_axis',(-1.,0.,0.));
#14803=DIRECTION('ref_axis',(0.,1.,0.));
#14804=DIRECTION('',(-1.,0.,0.));
#14805=DIRECTION('center_axis',(-1.,0.,0.));
#14806=DIRECTION('ref_axis',(0.,1.,0.));
#14807=DIRECTION('',(-1.,0.,0.));
#14808=DIRECTION('center_axis',(1.,0.,0.));
#14809=DIRECTION('ref_axis',(0.,1.,0.));
#14810=DIRECTION('center_axis',(-1.,0.,0.));
#14811=DIRECTION('ref_axis',(0.,1.,0.));
#14812=DIRECTION('center_axis',(-1.,0.,0.));
#14813=DIRECTION('ref_axis',(0.,1.,0.));
#14814=DIRECTION('',(-1.,0.,0.));
#14815=DIRECTION('center_axis',(-1.,0.,0.));
#14816=DIRECTION('ref_axis',(0.,1.,0.));
#14817=DIRECTION('',(-1.,0.,0.));
#14818=DIRECTION('center_axis',(1.,0.,0.));
#14819=DIRECTION('ref_axis',(0.,1.,0.));
#14820=DIRECTION('center_axis',(-1.,0.,0.));
#14821=DIRECTION('ref_axis',(0.,1.,0.));
#14822=DIRECTION('center_axis',(-1.,0.,0.));
#14823=DIRECTION('ref_axis',(0.,1.,0.));
#14824=DIRECTION('',(-1.,0.,0.));
#14825=DIRECTION('center_axis',(-1.,0.,0.));
#14826=DIRECTION('ref_axis',(0.,1.,0.));
#14827=DIRECTION('',(-1.,0.,0.));
#14828=DIRECTION('center_axis',(1.,0.,0.));
#14829=DIRECTION('ref_axis',(0.,1.,0.));
#14830=DIRECTION('center_axis',(-1.,0.,0.));
#14831=DIRECTION('ref_axis',(0.,1.,0.));
#14832=DIRECTION('center_axis',(-1.,0.,0.));
#14833=DIRECTION('ref_axis',(0.,1.,0.));
#14834=DIRECTION('',(-1.,0.,0.));
#14835=DIRECTION('center_axis',(-1.,0.,0.));
#14836=DIRECTION('ref_axis',(0.,1.,0.));
#14837=DIRECTION('',(-1.,0.,0.));
#14838=DIRECTION('center_axis',(1.,0.,0.));
#14839=DIRECTION('ref_axis',(0.,1.,0.));
#14840=DIRECTION('center_axis',(-1.,0.,0.));
#14841=DIRECTION('ref_axis',(0.,1.,0.));
#14842=DIRECTION('center_axis',(-1.,0.,0.));
#14843=DIRECTION('ref_axis',(0.,1.,0.));
#14844=DIRECTION('',(-1.,0.,0.));
#14845=DIRECTION('center_axis',(-1.,0.,0.));
#14846=DIRECTION('ref_axis',(0.,1.,0.));
#14847=DIRECTION('',(-1.,0.,0.));
#14848=DIRECTION('center_axis',(1.,0.,0.));
#14849=DIRECTION('ref_axis',(0.,1.,0.));
#14850=DIRECTION('center_axis',(-1.,0.,0.));
#14851=DIRECTION('ref_axis',(0.,1.,0.));
#14852=DIRECTION('center_axis',(-1.,0.,0.));
#14853=DIRECTION('ref_axis',(0.,1.,0.));
#14854=DIRECTION('',(-1.,0.,0.));
#14855=DIRECTION('center_axis',(-1.,0.,0.));
#14856=DIRECTION('ref_axis',(0.,1.,0.));
#14857=DIRECTION('',(-1.,0.,0.));
#14858=DIRECTION('center_axis',(1.,0.,0.));
#14859=DIRECTION('ref_axis',(0.,1.,0.));
#14860=DIRECTION('center_axis',(-1.,0.,0.));
#14861=DIRECTION('ref_axis',(0.,1.,0.));
#14862=DIRECTION('center_axis',(-1.,0.,0.));
#14863=DIRECTION('ref_axis',(0.,1.,0.));
#14864=DIRECTION('',(-1.,0.,0.));
#14865=DIRECTION('center_axis',(-1.,0.,0.));
#14866=DIRECTION('ref_axis',(0.,1.,0.));
#14867=DIRECTION('',(-1.,0.,0.));
#14868=DIRECTION('center_axis',(1.,0.,0.));
#14869=DIRECTION('ref_axis',(0.,1.,0.));
#14870=DIRECTION('center_axis',(-1.,0.,0.));
#14871=DIRECTION('ref_axis',(0.,1.,0.));
#14872=DIRECTION('center_axis',(-1.,0.,0.));
#14873=DIRECTION('ref_axis',(0.,1.,0.));
#14874=DIRECTION('',(-1.,0.,0.));
#14875=DIRECTION('center_axis',(-1.,0.,0.));
#14876=DIRECTION('ref_axis',(0.,1.,0.));
#14877=DIRECTION('',(-1.,0.,0.));
#14878=DIRECTION('center_axis',(1.,0.,0.));
#14879=DIRECTION('ref_axis',(0.,1.,0.));
#14880=DIRECTION('center_axis',(-1.,0.,0.));
#14881=DIRECTION('ref_axis',(0.,1.,0.));
#14882=DIRECTION('center_axis',(-1.,0.,0.));
#14883=DIRECTION('ref_axis',(0.,1.,0.));
#14884=DIRECTION('',(-1.,0.,0.));
#14885=DIRECTION('center_axis',(-1.,0.,0.));
#14886=DIRECTION('ref_axis',(0.,1.,0.));
#14887=DIRECTION('',(-1.,0.,0.));
#14888=DIRECTION('center_axis',(1.,0.,0.));
#14889=DIRECTION('ref_axis',(0.,1.,0.));
#14890=DIRECTION('center_axis',(-1.,0.,0.));
#14891=DIRECTION('ref_axis',(0.,1.,0.));
#14892=DIRECTION('center_axis',(-1.,0.,0.));
#14893=DIRECTION('ref_axis',(0.,1.,0.));
#14894=DIRECTION('',(-1.,0.,0.));
#14895=DIRECTION('center_axis',(-1.,0.,0.));
#14896=DIRECTION('ref_axis',(0.,1.,0.));
#14897=DIRECTION('',(-1.,0.,0.));
#14898=DIRECTION('center_axis',(1.,0.,0.));
#14899=DIRECTION('ref_axis',(0.,1.,0.));
#14900=DIRECTION('center_axis',(-1.,0.,0.));
#14901=DIRECTION('ref_axis',(0.,1.,0.));
#14902=DIRECTION('center_axis',(-1.,0.,0.));
#14903=DIRECTION('ref_axis',(0.,1.,0.));
#14904=DIRECTION('',(-1.,0.,0.));
#14905=DIRECTION('center_axis',(-1.,0.,0.));
#14906=DIRECTION('ref_axis',(0.,1.,0.));
#14907=DIRECTION('',(-1.,0.,0.));
#14908=DIRECTION('center_axis',(1.,0.,0.));
#14909=DIRECTION('ref_axis',(0.,1.,0.));
#14910=DIRECTION('center_axis',(-1.,0.,0.));
#14911=DIRECTION('ref_axis',(0.,1.,0.));
#14912=DIRECTION('center_axis',(-1.,0.,0.));
#14913=DIRECTION('ref_axis',(0.,1.,0.));
#14914=DIRECTION('',(-1.,0.,0.));
#14915=DIRECTION('center_axis',(-1.,0.,0.));
#14916=DIRECTION('ref_axis',(0.,1.,0.));
#14917=DIRECTION('',(-1.,0.,0.));
#14918=DIRECTION('center_axis',(1.,0.,0.));
#14919=DIRECTION('ref_axis',(0.,1.,0.));
#14920=DIRECTION('center_axis',(-1.,0.,0.));
#14921=DIRECTION('ref_axis',(0.,1.,0.));
#14922=DIRECTION('center_axis',(-1.,0.,0.));
#14923=DIRECTION('ref_axis',(0.,1.,0.));
#14924=DIRECTION('',(-1.,0.,0.));
#14925=DIRECTION('center_axis',(-1.,0.,0.));
#14926=DIRECTION('ref_axis',(0.,1.,0.));
#14927=DIRECTION('',(-1.,0.,0.));
#14928=DIRECTION('center_axis',(1.,0.,0.));
#14929=DIRECTION('ref_axis',(0.,1.,0.));
#14930=DIRECTION('center_axis',(-1.,0.,0.));
#14931=DIRECTION('ref_axis',(0.,1.,0.));
#14932=DIRECTION('center_axis',(-1.,0.,0.));
#14933=DIRECTION('ref_axis',(0.,1.,0.));
#14934=DIRECTION('',(-1.,0.,0.));
#14935=DIRECTION('center_axis',(-1.,0.,0.));
#14936=DIRECTION('ref_axis',(0.,1.,0.));
#14937=DIRECTION('',(-1.,0.,0.));
#14938=DIRECTION('center_axis',(1.,0.,0.));
#14939=DIRECTION('ref_axis',(0.,1.,0.));
#14940=DIRECTION('center_axis',(-1.,0.,0.));
#14941=DIRECTION('ref_axis',(0.,1.,0.));
#14942=DIRECTION('center_axis',(-1.,0.,0.));
#14943=DIRECTION('ref_axis',(0.,1.,0.));
#14944=DIRECTION('',(-1.,0.,0.));
#14945=DIRECTION('center_axis',(-1.,0.,0.));
#14946=DIRECTION('ref_axis',(0.,1.,0.));
#14947=DIRECTION('',(-1.,0.,0.));
#14948=DIRECTION('center_axis',(1.,0.,0.));
#14949=DIRECTION('ref_axis',(0.,1.,0.));
#14950=DIRECTION('center_axis',(-1.,0.,0.));
#14951=DIRECTION('ref_axis',(0.,1.,0.));
#14952=DIRECTION('center_axis',(-1.,0.,0.));
#14953=DIRECTION('ref_axis',(0.,1.,0.));
#14954=DIRECTION('',(-1.,0.,0.));
#14955=DIRECTION('center_axis',(-1.,0.,0.));
#14956=DIRECTION('ref_axis',(0.,1.,0.));
#14957=DIRECTION('',(-1.,0.,0.));
#14958=DIRECTION('center_axis',(1.,0.,0.));
#14959=DIRECTION('ref_axis',(0.,1.,0.));
#14960=DIRECTION('center_axis',(-1.,0.,0.));
#14961=DIRECTION('ref_axis',(0.,1.,0.));
#14962=DIRECTION('center_axis',(-1.,0.,0.));
#14963=DIRECTION('ref_axis',(0.,1.,0.));
#14964=DIRECTION('',(-1.,0.,0.));
#14965=DIRECTION('center_axis',(-1.,0.,0.));
#14966=DIRECTION('ref_axis',(0.,1.,0.));
#14967=DIRECTION('',(-1.,0.,0.));
#14968=DIRECTION('center_axis',(1.,0.,0.));
#14969=DIRECTION('ref_axis',(0.,1.,0.));
#14970=DIRECTION('center_axis',(-1.,0.,0.));
#14971=DIRECTION('ref_axis',(0.,1.,0.));
#14972=DIRECTION('center_axis',(-1.,0.,0.));
#14973=DIRECTION('ref_axis',(0.,1.,0.));
#14974=DIRECTION('',(-1.,0.,0.));
#14975=DIRECTION('center_axis',(-1.,0.,0.));
#14976=DIRECTION('ref_axis',(0.,1.,0.));
#14977=DIRECTION('',(-1.,0.,0.));
#14978=DIRECTION('center_axis',(1.,0.,0.));
#14979=DIRECTION('ref_axis',(0.,1.,0.));
#14980=DIRECTION('center_axis',(-1.,0.,0.));
#14981=DIRECTION('ref_axis',(0.,1.,0.));
#14982=DIRECTION('center_axis',(-1.,0.,0.));
#14983=DIRECTION('ref_axis',(0.,1.,0.));
#14984=DIRECTION('',(-1.,0.,0.));
#14985=DIRECTION('center_axis',(-1.,0.,0.));
#14986=DIRECTION('ref_axis',(0.,1.,0.));
#14987=DIRECTION('',(-1.,0.,0.));
#14988=DIRECTION('center_axis',(1.,0.,0.));
#14989=DIRECTION('ref_axis',(0.,1.,0.));
#14990=DIRECTION('center_axis',(-1.,0.,0.));
#14991=DIRECTION('ref_axis',(0.,1.,0.));
#14992=DIRECTION('center_axis',(-1.,0.,0.));
#14993=DIRECTION('ref_axis',(0.,1.,0.));
#14994=DIRECTION('',(-1.,0.,0.));
#14995=DIRECTION('center_axis',(-1.,0.,0.));
#14996=DIRECTION('ref_axis',(0.,1.,0.));
#14997=DIRECTION('',(-1.,0.,0.));
#14998=DIRECTION('center_axis',(1.,0.,0.));
#14999=DIRECTION('ref_axis',(0.,1.,0.));
#15000=DIRECTION('center_axis',(-1.,0.,0.));
#15001=DIRECTION('ref_axis',(0.,1.,0.));
#15002=DIRECTION('center_axis',(-1.,0.,0.));
#15003=DIRECTION('ref_axis',(0.,1.,0.));
#15004=DIRECTION('',(-1.,0.,0.));
#15005=DIRECTION('center_axis',(-1.,0.,0.));
#15006=DIRECTION('ref_axis',(0.,1.,0.));
#15007=DIRECTION('',(-1.,0.,0.));
#15008=DIRECTION('center_axis',(1.,0.,0.));
#15009=DIRECTION('ref_axis',(0.,1.,0.));
#15010=DIRECTION('center_axis',(-1.,0.,0.));
#15011=DIRECTION('ref_axis',(0.,1.,0.));
#15012=DIRECTION('center_axis',(-1.,0.,0.));
#15013=DIRECTION('ref_axis',(0.,1.,0.));
#15014=DIRECTION('',(-1.,0.,0.));
#15015=DIRECTION('center_axis',(-1.,0.,0.));
#15016=DIRECTION('ref_axis',(0.,1.,0.));
#15017=DIRECTION('',(-1.,0.,0.));
#15018=DIRECTION('center_axis',(1.,0.,0.));
#15019=DIRECTION('ref_axis',(0.,1.,0.));
#15020=DIRECTION('center_axis',(-1.,0.,0.));
#15021=DIRECTION('ref_axis',(0.,1.,0.));
#15022=DIRECTION('center_axis',(-1.,0.,0.));
#15023=DIRECTION('ref_axis',(0.,1.,0.));
#15024=DIRECTION('',(-1.,0.,0.));
#15025=DIRECTION('center_axis',(-1.,0.,0.));
#15026=DIRECTION('ref_axis',(0.,1.,0.));
#15027=DIRECTION('',(-1.,0.,0.));
#15028=DIRECTION('center_axis',(1.,0.,0.));
#15029=DIRECTION('ref_axis',(0.,1.,0.));
#15030=DIRECTION('center_axis',(-1.,0.,0.));
#15031=DIRECTION('ref_axis',(0.,1.,0.));
#15032=DIRECTION('center_axis',(-1.,0.,0.));
#15033=DIRECTION('ref_axis',(0.,1.,0.));
#15034=DIRECTION('',(-1.,0.,0.));
#15035=DIRECTION('center_axis',(-1.,0.,0.));
#15036=DIRECTION('ref_axis',(0.,1.,0.));
#15037=DIRECTION('',(-1.,0.,0.));
#15038=DIRECTION('center_axis',(1.,0.,0.));
#15039=DIRECTION('ref_axis',(0.,1.,0.));
#15040=DIRECTION('center_axis',(-1.,0.,0.));
#15041=DIRECTION('ref_axis',(0.,1.,0.));
#15042=DIRECTION('center_axis',(-1.,0.,0.));
#15043=DIRECTION('ref_axis',(0.,1.,0.));
#15044=DIRECTION('',(-1.,0.,0.));
#15045=DIRECTION('center_axis',(-1.,0.,0.));
#15046=DIRECTION('ref_axis',(0.,1.,0.));
#15047=DIRECTION('',(-1.,0.,0.));
#15048=DIRECTION('center_axis',(1.,0.,0.));
#15049=DIRECTION('ref_axis',(0.,1.,0.));
#15050=DIRECTION('center_axis',(-1.,0.,0.));
#15051=DIRECTION('ref_axis',(0.,1.,0.));
#15052=DIRECTION('center_axis',(-1.,0.,0.));
#15053=DIRECTION('ref_axis',(0.,1.,0.));
#15054=DIRECTION('',(-1.,0.,0.));
#15055=DIRECTION('center_axis',(-1.,0.,0.));
#15056=DIRECTION('ref_axis',(0.,1.,0.));
#15057=DIRECTION('',(-1.,0.,0.));
#15058=DIRECTION('center_axis',(1.,0.,0.));
#15059=DIRECTION('ref_axis',(0.,1.,0.));
#15060=DIRECTION('center_axis',(-1.,0.,0.));
#15061=DIRECTION('ref_axis',(0.,1.,0.));
#15062=DIRECTION('center_axis',(-1.,0.,0.));
#15063=DIRECTION('ref_axis',(0.,1.,0.));
#15064=DIRECTION('',(-1.,0.,0.));
#15065=DIRECTION('center_axis',(-1.,0.,0.));
#15066=DIRECTION('ref_axis',(0.,1.,0.));
#15067=DIRECTION('',(-1.,0.,0.));
#15068=DIRECTION('center_axis',(1.,0.,0.));
#15069=DIRECTION('ref_axis',(0.,1.,0.));
#15070=DIRECTION('center_axis',(-1.,0.,0.));
#15071=DIRECTION('ref_axis',(0.,1.,0.));
#15072=DIRECTION('center_axis',(-1.,0.,0.));
#15073=DIRECTION('ref_axis',(0.,1.,0.));
#15074=DIRECTION('',(-1.,0.,0.));
#15075=DIRECTION('center_axis',(-1.,0.,0.));
#15076=DIRECTION('ref_axis',(0.,1.,0.));
#15077=DIRECTION('',(-1.,0.,0.));
#15078=DIRECTION('center_axis',(1.,0.,0.));
#15079=DIRECTION('ref_axis',(0.,1.,0.));
#15080=DIRECTION('center_axis',(-1.,0.,0.));
#15081=DIRECTION('ref_axis',(0.,1.,0.));
#15082=DIRECTION('center_axis',(-1.,0.,0.));
#15083=DIRECTION('ref_axis',(0.,1.,0.));
#15084=DIRECTION('',(-1.,0.,0.));
#15085=DIRECTION('center_axis',(-1.,0.,0.));
#15086=DIRECTION('ref_axis',(0.,1.,0.));
#15087=DIRECTION('',(-1.,0.,0.));
#15088=DIRECTION('center_axis',(1.,0.,0.));
#15089=DIRECTION('ref_axis',(0.,1.,0.));
#15090=DIRECTION('center_axis',(-1.,0.,0.));
#15091=DIRECTION('ref_axis',(0.,1.,0.));
#15092=DIRECTION('center_axis',(-1.,0.,0.));
#15093=DIRECTION('ref_axis',(0.,1.,0.));
#15094=DIRECTION('',(-1.,0.,0.));
#15095=DIRECTION('center_axis',(-1.,0.,0.));
#15096=DIRECTION('ref_axis',(0.,1.,0.));
#15097=DIRECTION('',(-1.,0.,0.));
#15098=DIRECTION('center_axis',(1.,0.,0.));
#15099=DIRECTION('ref_axis',(0.,1.,0.));
#15100=DIRECTION('center_axis',(-1.,0.,0.));
#15101=DIRECTION('ref_axis',(0.,1.,0.));
#15102=DIRECTION('center_axis',(-1.,0.,0.));
#15103=DIRECTION('ref_axis',(0.,1.,0.));
#15104=DIRECTION('',(-1.,0.,0.));
#15105=DIRECTION('center_axis',(-1.,0.,0.));
#15106=DIRECTION('ref_axis',(0.,1.,0.));
#15107=DIRECTION('',(-1.,0.,0.));
#15108=DIRECTION('center_axis',(1.,0.,0.));
#15109=DIRECTION('ref_axis',(0.,1.,0.));
#15110=DIRECTION('center_axis',(-1.,0.,0.));
#15111=DIRECTION('ref_axis',(0.,1.,0.));
#15112=DIRECTION('center_axis',(-1.,0.,0.));
#15113=DIRECTION('ref_axis',(0.,1.,0.));
#15114=DIRECTION('',(-1.,0.,0.));
#15115=DIRECTION('center_axis',(-1.,0.,0.));
#15116=DIRECTION('ref_axis',(0.,1.,0.));
#15117=DIRECTION('',(-1.,0.,0.));
#15118=DIRECTION('center_axis',(1.,0.,0.));
#15119=DIRECTION('ref_axis',(0.,1.,0.));
#15120=DIRECTION('center_axis',(-1.,0.,0.));
#15121=DIRECTION('ref_axis',(0.,1.,0.));
#15122=DIRECTION('center_axis',(-1.,0.,0.));
#15123=DIRECTION('ref_axis',(0.,1.,0.));
#15124=DIRECTION('',(-1.,0.,0.));
#15125=DIRECTION('center_axis',(-1.,0.,0.));
#15126=DIRECTION('ref_axis',(0.,1.,0.));
#15127=DIRECTION('',(-1.,0.,0.));
#15128=DIRECTION('center_axis',(1.,0.,0.));
#15129=DIRECTION('ref_axis',(0.,1.,0.));
#15130=DIRECTION('center_axis',(-1.,0.,0.));
#15131=DIRECTION('ref_axis',(0.,1.,0.));
#15132=DIRECTION('center_axis',(-1.,0.,0.));
#15133=DIRECTION('ref_axis',(0.,1.,0.));
#15134=DIRECTION('',(-1.,0.,0.));
#15135=DIRECTION('center_axis',(-1.,0.,0.));
#15136=DIRECTION('ref_axis',(0.,1.,0.));
#15137=DIRECTION('',(-1.,0.,0.));
#15138=DIRECTION('center_axis',(1.,0.,0.));
#15139=DIRECTION('ref_axis',(0.,1.,0.));
#15140=DIRECTION('center_axis',(-1.,0.,0.));
#15141=DIRECTION('ref_axis',(0.,1.,0.));
#15142=DIRECTION('center_axis',(-1.,0.,0.));
#15143=DIRECTION('ref_axis',(0.,1.,0.));
#15144=DIRECTION('',(-1.,0.,0.));
#15145=DIRECTION('center_axis',(-1.,0.,0.));
#15146=DIRECTION('ref_axis',(0.,1.,0.));
#15147=DIRECTION('',(-1.,0.,0.));
#15148=DIRECTION('center_axis',(1.,0.,0.));
#15149=DIRECTION('ref_axis',(0.,1.,0.));
#15150=DIRECTION('center_axis',(-1.,0.,0.));
#15151=DIRECTION('ref_axis',(0.,1.,0.));
#15152=DIRECTION('center_axis',(-1.,0.,0.));
#15153=DIRECTION('ref_axis',(0.,1.,0.));
#15154=DIRECTION('',(-1.,0.,0.));
#15155=DIRECTION('center_axis',(-1.,0.,0.));
#15156=DIRECTION('ref_axis',(0.,1.,0.));
#15157=DIRECTION('',(-1.,0.,0.));
#15158=DIRECTION('center_axis',(1.,0.,0.));
#15159=DIRECTION('ref_axis',(0.,1.,0.));
#15160=DIRECTION('center_axis',(-1.,0.,0.));
#15161=DIRECTION('ref_axis',(0.,1.,0.));
#15162=DIRECTION('center_axis',(-1.,0.,0.));
#15163=DIRECTION('ref_axis',(0.,1.,0.));
#15164=DIRECTION('',(-1.,0.,0.));
#15165=DIRECTION('center_axis',(-1.,0.,0.));
#15166=DIRECTION('ref_axis',(0.,1.,0.));
#15167=DIRECTION('',(-1.,0.,0.));
#15168=DIRECTION('center_axis',(1.,0.,0.));
#15169=DIRECTION('ref_axis',(0.,1.,0.));
#15170=DIRECTION('center_axis',(-1.,0.,0.));
#15171=DIRECTION('ref_axis',(0.,1.,0.));
#15172=DIRECTION('center_axis',(-1.,0.,0.));
#15173=DIRECTION('ref_axis',(0.,1.,0.));
#15174=DIRECTION('',(-1.,0.,0.));
#15175=DIRECTION('center_axis',(-1.,0.,0.));
#15176=DIRECTION('ref_axis',(0.,1.,0.));
#15177=DIRECTION('',(-1.,0.,0.));
#15178=DIRECTION('center_axis',(1.,0.,0.));
#15179=DIRECTION('ref_axis',(0.,1.,0.));
#15180=DIRECTION('center_axis',(-1.,0.,0.));
#15181=DIRECTION('ref_axis',(0.,1.,0.));
#15182=DIRECTION('center_axis',(-1.,0.,0.));
#15183=DIRECTION('ref_axis',(0.,1.,0.));
#15184=DIRECTION('',(-1.,0.,0.));
#15185=DIRECTION('center_axis',(-1.,0.,0.));
#15186=DIRECTION('ref_axis',(0.,1.,0.));
#15187=DIRECTION('',(-1.,0.,0.));
#15188=DIRECTION('center_axis',(1.,0.,0.));
#15189=DIRECTION('ref_axis',(0.,1.,0.));
#15190=DIRECTION('center_axis',(-1.,0.,0.));
#15191=DIRECTION('ref_axis',(0.,1.,0.));
#15192=DIRECTION('center_axis',(-1.,0.,0.));
#15193=DIRECTION('ref_axis',(0.,1.,0.));
#15194=DIRECTION('',(-1.,0.,0.));
#15195=DIRECTION('center_axis',(-1.,0.,0.));
#15196=DIRECTION('ref_axis',(0.,1.,0.));
#15197=DIRECTION('',(-1.,0.,0.));
#15198=DIRECTION('center_axis',(1.,0.,0.));
#15199=DIRECTION('ref_axis',(0.,1.,0.));
#15200=DIRECTION('center_axis',(-1.,0.,0.));
#15201=DIRECTION('ref_axis',(0.,1.,0.));
#15202=DIRECTION('center_axis',(-1.,0.,0.));
#15203=DIRECTION('ref_axis',(0.,1.,0.));
#15204=DIRECTION('',(-1.,0.,0.));
#15205=DIRECTION('center_axis',(-1.,0.,0.));
#15206=DIRECTION('ref_axis',(0.,1.,0.));
#15207=DIRECTION('',(-1.,0.,0.));
#15208=DIRECTION('center_axis',(1.,0.,0.));
#15209=DIRECTION('ref_axis',(0.,1.,0.));
#15210=DIRECTION('center_axis',(-1.,0.,0.));
#15211=DIRECTION('ref_axis',(0.,1.,0.));
#15212=DIRECTION('center_axis',(-1.,0.,0.));
#15213=DIRECTION('ref_axis',(0.,1.,0.));
#15214=DIRECTION('',(-1.,0.,0.));
#15215=DIRECTION('center_axis',(-1.,0.,0.));
#15216=DIRECTION('ref_axis',(0.,1.,0.));
#15217=DIRECTION('',(-1.,0.,0.));
#15218=DIRECTION('center_axis',(1.,0.,0.));
#15219=DIRECTION('ref_axis',(0.,1.,0.));
#15220=DIRECTION('center_axis',(-1.,0.,0.));
#15221=DIRECTION('ref_axis',(0.,1.,0.));
#15222=DIRECTION('center_axis',(-1.,0.,0.));
#15223=DIRECTION('ref_axis',(0.,1.,0.));
#15224=DIRECTION('',(-1.,0.,0.));
#15225=DIRECTION('center_axis',(-1.,0.,0.));
#15226=DIRECTION('ref_axis',(0.,1.,0.));
#15227=DIRECTION('',(-1.,0.,0.));
#15228=DIRECTION('center_axis',(1.,0.,0.));
#15229=DIRECTION('ref_axis',(0.,1.,0.));
#15230=DIRECTION('center_axis',(-1.,0.,0.));
#15231=DIRECTION('ref_axis',(0.,1.,0.));
#15232=DIRECTION('center_axis',(-1.,0.,0.));
#15233=DIRECTION('ref_axis',(0.,1.,0.));
#15234=DIRECTION('',(-1.,0.,0.));
#15235=DIRECTION('center_axis',(-1.,0.,0.));
#15236=DIRECTION('ref_axis',(0.,1.,0.));
#15237=DIRECTION('',(-1.,0.,0.));
#15238=DIRECTION('center_axis',(1.,0.,0.));
#15239=DIRECTION('ref_axis',(0.,1.,0.));
#15240=DIRECTION('center_axis',(-1.,0.,0.));
#15241=DIRECTION('ref_axis',(0.,1.,0.));
#15242=DIRECTION('center_axis',(-1.,0.,0.));
#15243=DIRECTION('ref_axis',(0.,1.,0.));
#15244=DIRECTION('',(-1.,0.,0.));
#15245=DIRECTION('center_axis',(-1.,0.,0.));
#15246=DIRECTION('ref_axis',(0.,1.,0.));
#15247=DIRECTION('',(-1.,0.,0.));
#15248=DIRECTION('center_axis',(1.,0.,0.));
#15249=DIRECTION('ref_axis',(0.,1.,0.));
#15250=DIRECTION('center_axis',(-1.,0.,0.));
#15251=DIRECTION('ref_axis',(0.,1.,0.));
#15252=DIRECTION('center_axis',(-1.,0.,0.));
#15253=DIRECTION('ref_axis',(0.,1.,0.));
#15254=DIRECTION('',(-1.,0.,0.));
#15255=DIRECTION('center_axis',(-1.,0.,0.));
#15256=DIRECTION('ref_axis',(0.,1.,0.));
#15257=DIRECTION('',(-1.,0.,0.));
#15258=DIRECTION('center_axis',(1.,0.,0.));
#15259=DIRECTION('ref_axis',(0.,1.,0.));
#15260=DIRECTION('center_axis',(-1.,0.,0.));
#15261=DIRECTION('ref_axis',(0.,1.,0.));
#15262=DIRECTION('center_axis',(-1.,0.,0.));
#15263=DIRECTION('ref_axis',(0.,1.,0.));
#15264=DIRECTION('',(-1.,0.,0.));
#15265=DIRECTION('center_axis',(-1.,0.,0.));
#15266=DIRECTION('ref_axis',(0.,1.,0.));
#15267=DIRECTION('',(-1.,0.,0.));
#15268=DIRECTION('center_axis',(1.,0.,0.));
#15269=DIRECTION('ref_axis',(0.,1.,0.));
#15270=DIRECTION('center_axis',(0.,0.,1.));
#15271=DIRECTION('ref_axis',(-1.,0.,0.));
#15272=DIRECTION('',(1.,0.,0.));
#15273=DIRECTION('',(0.,-1.,0.));
#15274=DIRECTION('',(0.,-1.,0.));
#15275=DIRECTION('center_axis',(1.,0.,0.));
#15276=DIRECTION('ref_axis',(0.,0.,1.));
#15277=DIRECTION('',(0.,0.,-1.));
#15278=DIRECTION('',(0.,-1.,0.));
#15279=DIRECTION('center_axis',(0.,0.,-1.));
#15280=DIRECTION('ref_axis',(1.,0.,0.));
#15281=DIRECTION('',(-1.,0.,0.));
#15282=DIRECTION('',(0.,-1.,0.));
#15283=DIRECTION('center_axis',(-1.,0.,0.));
#15284=DIRECTION('ref_axis',(0.,0.,-1.));
#15285=DIRECTION('',(0.,0.,1.));
#15286=DIRECTION('center_axis',(0.,1.,0.));
#15287=DIRECTION('ref_axis',(1.,0.,0.));
#15288=DIRECTION('center_axis',(0.,1.,0.));
#15289=DIRECTION('ref_axis',(1.,0.,0.));
#15290=DIRECTION('',(0.,1.,0.));
#15291=DIRECTION('center_axis',(0.,1.,0.));
#15292=DIRECTION('ref_axis',(1.,0.,0.));
#15293=DIRECTION('center_axis',(0.,1.,0.));
#15294=DIRECTION('ref_axis',(1.,0.,0.));
#15295=DIRECTION('',(0.,1.,0.));
#15296=DIRECTION('center_axis',(0.,1.,0.));
#15297=DIRECTION('ref_axis',(1.,0.,0.));
#15298=DIRECTION('center_axis',(0.,1.,0.));
#15299=DIRECTION('ref_axis',(1.,0.,0.));
#15300=DIRECTION('',(0.,1.,0.));
#15301=DIRECTION('center_axis',(0.,1.,0.));
#15302=DIRECTION('ref_axis',(1.,0.,0.));
#15303=DIRECTION('center_axis',(0.,1.,0.));
#15304=DIRECTION('ref_axis',(1.,0.,0.));
#15305=DIRECTION('',(0.,1.,0.));
#15306=DIRECTION('center_axis',(0.,1.,0.));
#15307=DIRECTION('ref_axis',(-1.,0.,0.));
#15308=DIRECTION('',(1.,0.,0.));
#15309=DIRECTION('',(0.,0.,-1.));
#15310=DIRECTION('',(0.,0.,1.));
#15311=DIRECTION('center_axis',(1.,0.,0.));
#15312=DIRECTION('ref_axis',(0.,1.,0.));
#15313=DIRECTION('',(0.,-1.,0.));
#15314=DIRECTION('center_axis',(-1.,0.,0.));
#15315=DIRECTION('ref_axis',(0.,-1.,0.));
#15316=DIRECTION('',(0.,1.,0.));
#15317=DIRECTION('center_axis',(0.,0.,1.));
#15318=DIRECTION('ref_axis',(1.,0.,0.));
#15319=DIRECTION('center_axis',(0.,-1.,0.));
#15320=DIRECTION('ref_axis',(1.,0.,0.));
#15321=DIRECTION('center_axis',(0.,-1.,0.));
#15322=DIRECTION('ref_axis',(1.,0.,0.));
#15323=DIRECTION('',(-0.648175777035662,0.,-0.761490749821832));
#15324=DIRECTION('',(0.999999656373312,0.,-0.000829007392862946));
#15325=DIRECTION('',(0.000829007392864631,0.,0.999999656373312));
#15326=DIRECTION('center_axis',(0.,-1.,0.));
#15327=DIRECTION('ref_axis',(1.,0.,0.));
#15328=DIRECTION('',(0.648175777035662,0.,0.761490749821832));
#15329=DIRECTION('',(-0.000829007392864631,0.,-0.999999656373312));
#15330=DIRECTION('',(-0.999999656373312,0.,0.000829007392862946));
#15331=DIRECTION('center_axis',(-0.999999656373312,0.,0.000829007392864631));
#15332=DIRECTION('ref_axis',(0.000829007392864631,0.,0.999999656373312));
#15333=DIRECTION('',(0.,1.,0.));
#15334=DIRECTION('',(0.,1.,0.));
#15335=DIRECTION('center_axis',(0.761490749821832,0.,-0.648175777035662));
#15336=DIRECTION('ref_axis',(-0.648175777035662,0.,-0.761490749821832));
#15337=DIRECTION('',(0.,1.,0.));
#15338=DIRECTION('center_axis',(0.000829007392862946,0.,0.999999656373312));
#15339=DIRECTION('ref_axis',(0.999999656373312,0.,-0.000829007392862946));
#15340=DIRECTION('center_axis',(0.,0.,1.));
#15341=DIRECTION('ref_axis',(-1.,0.,0.));
#15342=DIRECTION('',(1.,0.,0.));
#15343=DIRECTION('',(0.,-1.,0.));
#15344=DIRECTION('',(-1.,0.,0.));
#15345=DIRECTION('',(0.,-1.,0.));
#15346=DIRECTION('center_axis',(-0.956816332368456,0.,-0.290693147688376));
#15347=DIRECTION('ref_axis',(0.290693147688376,0.,-0.956816332368456));
#15348=DIRECTION('',(-0.290693147688376,0.,0.956816332368456));
#15349=DIRECTION('',(0.290693147688376,0.,-0.956816332368456));
#15350=DIRECTION('',(0.,-1.,0.));
#15351=DIRECTION('center_axis',(0.955936899049699,0.,-0.293572214344693));
#15352=DIRECTION('ref_axis',(0.293572214344693,0.,0.955936899049699));
#15353=DIRECTION('',(-0.293572214344693,0.,-0.955936899049699));
#15354=DIRECTION('',(0.293572214344693,0.,0.955936899049699));
#15355=DIRECTION('center_axis',(0.,1.,0.));
#15356=DIRECTION('ref_axis',(-1.,0.,0.));
#15357=DIRECTION('center_axis',(0.,1.,0.));
#15358=DIRECTION('ref_axis',(-1.,0.,0.));
#15359=DIRECTION('center_axis',(0.,1.,0.));
#15360=DIRECTION('ref_axis',(-1.,0.,0.));
#15361=DIRECTION('',(-1.,0.,0.));
#15362=DIRECTION('center_axis',(0.,1.,0.));
#15363=DIRECTION('ref_axis',(-1.,0.,0.));
#15364=DIRECTION('',(1.,0.,0.));
#15365=DIRECTION('',(0.,-1.,0.));
#15366=DIRECTION('',(0.,-1.,0.));
#15367=DIRECTION('',(0.,-1.,0.));
#15368=DIRECTION('',(0.,-1.,0.));
#15369=DIRECTION('center_axis',(0.,0.,1.));
#15370=DIRECTION('ref_axis',(-1.,0.,0.));
#15371=DIRECTION('',(0.,-1.,0.));
#15372=CARTESIAN_POINT('',(0.,0.,0.));
#15373=CARTESIAN_POINT('Origin',(119.5585,49.9690644870671,6.821471490568));
#15374=CARTESIAN_POINT('',(120.,46.9690644870671,6.821471490568));
#15375=CARTESIAN_POINT('Origin',(120.,49.9690644870671,6.821471490568));
#15376=CARTESIAN_POINT('',(119.117,47.8520644870671,6.821471490568));
#15377=CARTESIAN_POINT('',(119.5585,47.4105644870671,6.821471490568));
#15378=CARTESIAN_POINT('Origin',(119.117,49.9690644870671,6.821471490568));
#15379=CARTESIAN_POINT('Origin',(113.,49.9690644870671,6.821471490568));
#15380=CARTESIAN_POINT('',(117.5,47.8520644870671,6.821471490568));
#15381=CARTESIAN_POINT('',(113.,47.8520644870671,6.821471490568));
#15382=CARTESIAN_POINT('Origin',(117.5,49.9690644870671,6.821471490568));
#15383=CARTESIAN_POINT('Origin',(0.4415,50.0096688561144,6.7764330056471));
#15384=CARTESIAN_POINT('',(-5.55111512312578E-16,53.0096688561144,6.7764330056471));
#15385=CARTESIAN_POINT('Origin',(0.,50.0096688561144,6.7764330056471));
#15386=CARTESIAN_POINT('',(0.883000000000003,52.1266688561144,6.7764330056471));
#15387=CARTESIAN_POINT('',(0.4415,52.5681688561144,6.7764330056471));
#15388=CARTESIAN_POINT('Origin',(0.883,50.0096688561144,6.7764330056471));
#15389=CARTESIAN_POINT('Origin',(6.,50.0096688561144,6.7764330056471));
#15390=CARTESIAN_POINT('',(2.5,52.1266688561144,6.7764330056471));
#15391=CARTESIAN_POINT('',(6.,52.1266688561144,6.7764330056471));
#15392=CARTESIAN_POINT('Origin',(2.5,50.0096688561144,6.7764330056471));
#15393=CARTESIAN_POINT('Origin',(2.5,97.5,2.5));
#15394=CARTESIAN_POINT('',(2.5,97.5,0.));
#15395=CARTESIAN_POINT('',(2.5,100.,2.5));
#15396=CARTESIAN_POINT('Origin',(2.5,97.5,2.5));
#15397=CARTESIAN_POINT('',(0.,97.5,2.5));
#15398=CARTESIAN_POINT('Origin',(2.5,97.5,2.5));
#15399=CARTESIAN_POINT('Origin',(2.5,97.5,2.5));
#15400=CARTESIAN_POINT('Origin',(2.5,2.5,2.5));
#15401=CARTESIAN_POINT('',(0.,2.5,2.5));
#15402=CARTESIAN_POINT('',(2.5,0.,2.5));
#15403=CARTESIAN_POINT('Origin',(2.5,2.5,2.5));
#15404=CARTESIAN_POINT('',(2.5,2.5,0.));
#15405=CARTESIAN_POINT('Origin',(2.5,2.5,2.5));
#15406=CARTESIAN_POINT('Origin',(2.5,2.5,2.5));
#15407=CARTESIAN_POINT('Origin',(2.5,75.,2.5));
#15408=CARTESIAN_POINT('',(0.,75.,2.5));
#15409=CARTESIAN_POINT('',(2.5,75.,0.));
#15410=CARTESIAN_POINT('Origin',(2.5,2.5,0.));
#15411=CARTESIAN_POINT('',(0.,2.5,37.5));
#15412=CARTESIAN_POINT('',(0.,2.5,0.));
#15413=CARTESIAN_POINT('',(2.5,0.,40.));
#15414=CARTESIAN_POINT('',(2.5,0.,0.));
#15415=CARTESIAN_POINT('Origin',(2.5,2.5,37.5));
#15416=CARTESIAN_POINT('Origin',(117.5,97.5,2.5));
#15417=CARTESIAN_POINT('',(120.,97.5,2.5));
#15418=CARTESIAN_POINT('',(117.5,100.,2.5));
#15419=CARTESIAN_POINT('Origin',(117.5,97.5,2.5));
#15420=CARTESIAN_POINT('',(117.5,97.5,0.));
#15421=CARTESIAN_POINT('Origin',(117.5,97.5,2.5));
#15422=CARTESIAN_POINT('Origin',(117.5,97.5,2.5));
#15423=CARTESIAN_POINT('Origin',(2.5,97.5,37.5));
#15424=CARTESIAN_POINT('',(2.5,100.,37.5));
#15425=CARTESIAN_POINT('',(2.5,97.5,40.));
#15426=CARTESIAN_POINT('Origin',(2.5,97.5,37.5));
#15427=CARTESIAN_POINT('',(0.,97.5,37.5));
#15428=CARTESIAN_POINT('Origin',(2.5,97.5,37.5));
#15429=CARTESIAN_POINT('Origin',(2.5,97.5,37.5));
#15430=CARTESIAN_POINT('Origin',(2.5,97.5,0.));
#15431=CARTESIAN_POINT('',(2.5,100.,0.));
#15432=CARTESIAN_POINT('',(0.,97.5,0.));
#15433=CARTESIAN_POINT('Origin',(2.5,75.,37.5));
#15434=CARTESIAN_POINT('',(2.5,75.,40.));
#15435=CARTESIAN_POINT('',(0.,75.,37.5));
#15436=CARTESIAN_POINT('Origin',(117.5,2.5,2.5));
#15437=CARTESIAN_POINT('',(117.5,0.,2.5));
#15438=CARTESIAN_POINT('',(120.,2.5,2.5));
#15439=CARTESIAN_POINT('Origin',(117.5,2.5,2.5));
#15440=CARTESIAN_POINT('',(117.5,2.5,0.));
#15441=CARTESIAN_POINT('Origin',(117.5,2.5,2.5));
#15442=CARTESIAN_POINT('Origin',(117.5,2.5,2.5));
#15443=CARTESIAN_POINT('Origin',(30.,2.5,2.5));
#15444=CARTESIAN_POINT('',(30.,0.,2.5));
#15445=CARTESIAN_POINT('',(30.,2.5,0.));
#15446=CARTESIAN_POINT('Origin',(117.5,25.,2.5));
#15447=CARTESIAN_POINT('',(120.,25.,2.5));
#15448=CARTESIAN_POINT('',(117.5,25.,0.));
#15449=CARTESIAN_POINT('Origin',(117.5,97.5,37.5));
#15450=CARTESIAN_POINT('',(120.,97.5,37.5));
#15451=CARTESIAN_POINT('',(117.5,97.5,40.));
#15452=CARTESIAN_POINT('Origin',(117.5,97.5,37.5));
#15453=CARTESIAN_POINT('',(117.5,100.,37.5));
#15454=CARTESIAN_POINT('Origin',(117.5,97.5,37.5));
#15455=CARTESIAN_POINT('Origin',(117.5,97.5,37.5));
#15456=CARTESIAN_POINT('Origin',(117.5,97.5,0.));
#15457=CARTESIAN_POINT('',(120.,97.5,0.));
#15458=CARTESIAN_POINT('',(117.5,100.,0.));
#15459=CARTESIAN_POINT('Origin',(90.,97.5,37.5));
#15460=CARTESIAN_POINT('',(90.,97.5,40.));
#15461=CARTESIAN_POINT('',(90.,100.,37.5));
#15462=CARTESIAN_POINT('Origin',(117.5,2.5,0.));
#15463=CARTESIAN_POINT('',(117.5,0.,40.));
#15464=CARTESIAN_POINT('',(117.5,0.,0.));
#15465=CARTESIAN_POINT('',(120.,2.5,37.5));
#15466=CARTESIAN_POINT('',(120.,2.5,0.));
#15467=CARTESIAN_POINT('Origin',(117.5,2.5,37.5));
#15468=CARTESIAN_POINT('Origin',(117.5,25.,37.5));
#15469=CARTESIAN_POINT('',(120.,25.,37.5));
#15470=CARTESIAN_POINT('',(117.5,25.,40.));
#15471=CARTESIAN_POINT('Origin',(90.,97.5,2.5));
#15472=CARTESIAN_POINT('',(90.,100.,2.5));
#15473=CARTESIAN_POINT('',(90.,97.5,0.));
#15474=CARTESIAN_POINT('Origin',(60.,50.,40.));
#15475=CARTESIAN_POINT('',(0.,0.,40.));
#15476=CARTESIAN_POINT('Origin',(0.,100.,0.));
#15477=CARTESIAN_POINT('',(0.,87.9999999850988,18.4));
#15478=CARTESIAN_POINT('Origin',(0.,89.,18.4));
#15479=CARTESIAN_POINT('',(0.,84.7499999850989,21.6));
#15480=CARTESIAN_POINT('Origin',(0.,85.75,21.6));
#15481=CARTESIAN_POINT('',(0.,81.4999999850988,24.8));
#15482=CARTESIAN_POINT('Origin',(0.,82.5,24.8));
#15483=CARTESIAN_POINT('',(0.,74.9999999850988,21.6));
#15484=CARTESIAN_POINT('Origin',(0.,76.,21.6));
#15485=CARTESIAN_POINT('',(0.,71.7499999850988,21.6));
#15486=CARTESIAN_POINT('Origin',(0.,72.75,21.6));
#15487=CARTESIAN_POINT('',(0.,68.4999999850989,18.4));
#15488=CARTESIAN_POINT('Origin',(0.,69.5,18.4));
#15489=CARTESIAN_POINT('',(0.,61.9999999850988,24.8));
#15490=CARTESIAN_POINT('Origin',(0.,63.,24.8));
#15491=CARTESIAN_POINT('',(0.,61.9999999850988,18.4));
#15492=CARTESIAN_POINT('Origin',(0.,63.,18.4));
#15493=CARTESIAN_POINT('',(0.,55.4999999850988,24.8));
#15494=CARTESIAN_POINT('Origin',(0.,56.5,24.8));
#15495=CARTESIAN_POINT('',(0.,48.9999999850988,18.4));
#15496=CARTESIAN_POINT('Origin',(0.,50.,18.4));
#15497=CARTESIAN_POINT('',(0.,84.7499999850989,28.));
#15498=CARTESIAN_POINT('Origin',(0.,85.75,28.));
#15499=CARTESIAN_POINT('',(0.,71.7499999850988,28.));
#15500=CARTESIAN_POINT('Origin',(0.,72.75,28.));
#15501=CARTESIAN_POINT('',(0.,58.7499999850988,28.));
#15502=CARTESIAN_POINT('Origin',(0.,59.75,28.));
#15503=CARTESIAN_POINT('',(0.,39.2499999850988,28.));
#15504=CARTESIAN_POINT('Origin',(0.,40.25,28.));
#15505=CARTESIAN_POINT('',(0.,45.7499999850988,21.6));
#15506=CARTESIAN_POINT('Origin',(0.,46.75,21.6));
#15507=CARTESIAN_POINT('',(0.,42.4999999850988,24.8));
#15508=CARTESIAN_POINT('Origin',(0.,43.5,24.8));
#15509=CARTESIAN_POINT('',(0.,39.2499999850988,15.2));
#15510=CARTESIAN_POINT('Origin',(0.,40.25,15.2));
#15511=CARTESIAN_POINT('',(0.,52.2499999850989,15.2));
#15512=CARTESIAN_POINT('Origin',(0.,53.25,15.2));
#15513=CARTESIAN_POINT('',(0.,65.2499999850988,15.2));
#15514=CARTESIAN_POINT('Origin',(0.,66.25,15.2));
#15515=CARTESIAN_POINT('',(0.,78.2499999850988,15.2));
#15516=CARTESIAN_POINT('Origin',(0.,79.25,15.2));
#15517=CARTESIAN_POINT('',(0.,87.9999999850988,12.));
#15518=CARTESIAN_POINT('Origin',(0.,89.,12.));
#15519=CARTESIAN_POINT('',(0.,74.9999999850988,12.));
#15520=CARTESIAN_POINT('Origin',(0.,76.,12.));
#15521=CARTESIAN_POINT('',(0.,61.9999999850988,12.));
#15522=CARTESIAN_POINT('Origin',(0.,63.,12.));
#15523=CARTESIAN_POINT('',(0.,48.9999999850988,12.));
#15524=CARTESIAN_POINT('Origin',(0.,50.,12.));
#15525=CARTESIAN_POINT('',(0.,29.4999999850988,12.));
#15526=CARTESIAN_POINT('Origin',(0.,30.5,12.));
#15527=CARTESIAN_POINT('',(0.,32.7499999850988,15.2));
#15528=CARTESIAN_POINT('Origin',(0.,33.75,15.2));
#15529=CARTESIAN_POINT('',(0.,35.9999999850988,18.4));
#15530=CARTESIAN_POINT('Origin',(0.,37.,18.4));
#15531=CARTESIAN_POINT('',(0.,29.4999999850988,24.8));
#15532=CARTESIAN_POINT('Origin',(0.,30.5,24.8));
#15533=CARTESIAN_POINT('',(0.,32.7499999850988,28.));
#15534=CARTESIAN_POINT('Origin',(0.,33.75,28.));
#15535=CARTESIAN_POINT('',(0.,26.2499999850988,24.8));
#15536=CARTESIAN_POINT('Origin',(0.,27.25,24.8));
#15537=CARTESIAN_POINT('',(0.,26.2499999850988,18.4));
#15538=CARTESIAN_POINT('Origin',(0.,27.25,18.4));
#15539=CARTESIAN_POINT('',(0.,26.2499999850988,12.));
#15540=CARTESIAN_POINT('Origin',(0.,27.25,12.));
#15541=CARTESIAN_POINT('',(0.,19.7499999850988,15.2));
#15542=CARTESIAN_POINT('Origin',(0.,20.75,15.2));
#15543=CARTESIAN_POINT('',(0.,19.7499999850988,21.6));
#15544=CARTESIAN_POINT('Origin',(0.,20.75,21.6));
#15545=CARTESIAN_POINT('',(0.,19.7499999850988,28.));
#15546=CARTESIAN_POINT('Origin',(0.,20.75,28.));
#15547=CARTESIAN_POINT('',(0.,13.2499999850988,21.6));
#15548=CARTESIAN_POINT('Origin',(0.,14.25,21.6));
#15549=CARTESIAN_POINT('',(0.,9.99999998509884,12.));
#15550=CARTESIAN_POINT('Origin',(0.,11.,12.));
#15551=CARTESIAN_POINT('',(0.,9.99999998509884,24.8));
#15552=CARTESIAN_POINT('Origin',(0.,11.,24.8));
#15553=CARTESIAN_POINT('',(0.,9.99999998509884,21.6));
#15554=CARTESIAN_POINT('Origin',(0.,11.,21.6));
#15555=CARTESIAN_POINT('',(0.,13.2499999850988,12.));
#15556=CARTESIAN_POINT('Origin',(0.,14.25,12.));
#15557=CARTESIAN_POINT('',(0.,13.2499999850988,24.8));
#15558=CARTESIAN_POINT('Origin',(0.,14.25,24.8));
#15559=CARTESIAN_POINT('',(0.,16.4999999850988,24.8));
#15560=CARTESIAN_POINT('Origin',(0.,17.5,24.8));
#15561=CARTESIAN_POINT('',(0.,16.4999999850988,18.4));
#15562=CARTESIAN_POINT('Origin',(0.,17.5,18.4));
#15563=CARTESIAN_POINT('',(0.,16.4999999850988,12.));
#15564=CARTESIAN_POINT('Origin',(0.,17.5,12.));
#15565=CARTESIAN_POINT('',(0.,22.9999999850988,15.2));
#15566=CARTESIAN_POINT('Origin',(0.,24.,15.2));
#15567=CARTESIAN_POINT('',(0.,22.9999999850988,21.6));
#15568=CARTESIAN_POINT('Origin',(0.,24.,21.6));
#15569=CARTESIAN_POINT('',(0.,22.9999999850988,28.));
#15570=CARTESIAN_POINT('Origin',(0.,24.,28.));
#15571=CARTESIAN_POINT('',(0.,35.9999999850988,28.));
#15572=CARTESIAN_POINT('Origin',(0.,37.,28.));
#15573=CARTESIAN_POINT('',(0.,29.4999999850988,21.6));
#15574=CARTESIAN_POINT('Origin',(0.,30.5,21.6));
#15575=CARTESIAN_POINT('',(0.,32.7499999850988,18.4));
#15576=CARTESIAN_POINT('Origin',(0.,33.75,18.4));
#15577=CARTESIAN_POINT('',(0.,35.9999999850988,15.2));
#15578=CARTESIAN_POINT('Origin',(0.,37.,15.2));
#15579=CARTESIAN_POINT('',(0.,39.2499999850988,12.));
#15580=CARTESIAN_POINT('Origin',(0.,40.25,12.));
#15581=CARTESIAN_POINT('',(0.,52.2499999850989,12.));
#15582=CARTESIAN_POINT('Origin',(0.,53.25,12.));
#15583=CARTESIAN_POINT('',(0.,65.2499999850988,12.));
#15584=CARTESIAN_POINT('Origin',(0.,66.25,12.));
#15585=CARTESIAN_POINT('',(0.,78.2499999850988,12.));
#15586=CARTESIAN_POINT('Origin',(0.,79.25,12.));
#15587=CARTESIAN_POINT('',(0.,87.9999999850988,15.2));
#15588=CARTESIAN_POINT('Origin',(0.,89.,15.2));
#15589=CARTESIAN_POINT('',(0.,74.9999999850988,15.2));
#15590=CARTESIAN_POINT('Origin',(0.,76.,15.2));
#15591=CARTESIAN_POINT('',(0.,61.9999999850988,15.2));
#15592=CARTESIAN_POINT('Origin',(0.,63.,15.2));
#15593=CARTESIAN_POINT('',(0.,48.9999999850988,15.2));
#15594=CARTESIAN_POINT('Origin',(0.,50.,15.2));
#15595=CARTESIAN_POINT('',(0.,39.2499999850988,18.4));
#15596=CARTESIAN_POINT('Origin',(0.,40.25,18.4));
#15597=CARTESIAN_POINT('',(0.,42.4999999850988,21.6));
#15598=CARTESIAN_POINT('Origin',(0.,43.5,21.6));
#15599=CARTESIAN_POINT('',(0.,45.7499999850988,24.8));
#15600=CARTESIAN_POINT('Origin',(0.,46.75,24.8));
#15601=CARTESIAN_POINT('',(0.,48.9999999850988,28.));
#15602=CARTESIAN_POINT('Origin',(0.,50.,28.));
#15603=CARTESIAN_POINT('',(0.,61.9999999850988,28.));
#15604=CARTESIAN_POINT('Origin',(0.,63.,28.));
#15605=CARTESIAN_POINT('',(0.,74.9999999850988,28.));
#15606=CARTESIAN_POINT('Origin',(0.,76.,28.));
#15607=CARTESIAN_POINT('',(0.,87.9999999850988,28.));
#15608=CARTESIAN_POINT('Origin',(0.,89.,28.));
#15609=CARTESIAN_POINT('',(0.,52.2499999850989,18.4));
#15610=CARTESIAN_POINT('Origin',(0.,53.25,18.4));
#15611=CARTESIAN_POINT('',(0.,55.4999999850988,21.6));
#15612=CARTESIAN_POINT('Origin',(0.,56.5,21.6));
#15613=CARTESIAN_POINT('',(0.,58.7499999850988,21.6));
#15614=CARTESIAN_POINT('Origin',(0.,59.75,21.6));
#15615=CARTESIAN_POINT('',(0.,65.2499999850988,24.8));
#15616=CARTESIAN_POINT('Origin',(0.,66.25,24.8));
#15617=CARTESIAN_POINT('',(0.,68.4999999850989,21.6));
#15618=CARTESIAN_POINT('Origin',(0.,69.5,21.6));
#15619=CARTESIAN_POINT('',(0.,71.7499999850988,18.4));
#15620=CARTESIAN_POINT('Origin',(0.,72.75,18.4));
#15621=CARTESIAN_POINT('',(0.,78.2499999850988,21.6));
#15622=CARTESIAN_POINT('Origin',(0.,79.25,21.6));
#15623=CARTESIAN_POINT('',(0.,81.4999999850988,21.6));
#15624=CARTESIAN_POINT('Origin',(0.,82.5,21.6));
#15625=CARTESIAN_POINT('',(0.,84.7499999850989,24.8));
#15626=CARTESIAN_POINT('Origin',(0.,85.75,24.8));
#15627=CARTESIAN_POINT('',(0.,87.9999999850988,21.6));
#15628=CARTESIAN_POINT('Origin',(0.,89.,21.6));
#15629=CARTESIAN_POINT('',(0.,84.7499999850989,18.4));
#15630=CARTESIAN_POINT('Origin',(0.,85.75,18.4));
#15631=CARTESIAN_POINT('',(0.,78.2499999850988,24.8));
#15632=CARTESIAN_POINT('Origin',(0.,79.25,24.8));
#15633=CARTESIAN_POINT('',(0.,78.2499999850988,18.4));
#15634=CARTESIAN_POINT('Origin',(0.,79.25,18.4));
#15635=CARTESIAN_POINT('',(0.,71.7499999850988,24.8));
#15636=CARTESIAN_POINT('Origin',(0.,72.75,24.8));
#15637=CARTESIAN_POINT('',(0.,65.2499999850988,18.4));
#15638=CARTESIAN_POINT('Origin',(0.,66.25,18.4));
#15639=CARTESIAN_POINT('',(0.,58.7499999850988,24.8));
#15640=CARTESIAN_POINT('Origin',(0.,59.75,24.8));
#15641=CARTESIAN_POINT('',(0.,58.7499999850988,18.4));
#15642=CARTESIAN_POINT('Origin',(0.,59.75,18.4));
#15643=CARTESIAN_POINT('',(0.,52.2499999850989,24.8));
#15644=CARTESIAN_POINT('Origin',(0.,53.25,24.8));
#15645=CARTESIAN_POINT('',(0.,48.9999999850988,21.6));
#15646=CARTESIAN_POINT('Origin',(0.,50.,21.6));
#15647=CARTESIAN_POINT('',(0.,81.4999999850988,28.));
#15648=CARTESIAN_POINT('Origin',(0.,82.5,28.));
#15649=CARTESIAN_POINT('',(0.,68.4999999850989,28.));
#15650=CARTESIAN_POINT('Origin',(0.,69.5,28.));
#15651=CARTESIAN_POINT('',(0.,55.4999999850988,28.));
#15652=CARTESIAN_POINT('Origin',(0.,56.5,28.));
#15653=CARTESIAN_POINT('',(0.,42.4999999850988,28.));
#15654=CARTESIAN_POINT('Origin',(0.,43.5,28.));
#15655=CARTESIAN_POINT('',(0.,45.7499999850988,18.4));
#15656=CARTESIAN_POINT('Origin',(0.,46.75,18.4));
#15657=CARTESIAN_POINT('',(0.,39.2499999850988,24.8));
#15658=CARTESIAN_POINT('Origin',(0.,40.25,24.8));
#15659=CARTESIAN_POINT('',(0.,42.4999999850988,15.2));
#15660=CARTESIAN_POINT('Origin',(0.,43.5,15.2));
#15661=CARTESIAN_POINT('',(0.,55.4999999850988,15.2));
#15662=CARTESIAN_POINT('Origin',(0.,56.5,15.2));
#15663=CARTESIAN_POINT('',(0.,68.4999999850989,15.2));
#15664=CARTESIAN_POINT('Origin',(0.,69.5,15.2));
#15665=CARTESIAN_POINT('',(0.,81.4999999850988,15.2));
#15666=CARTESIAN_POINT('Origin',(0.,82.5,15.2));
#15667=CARTESIAN_POINT('',(0.,84.7499999850989,12.));
#15668=CARTESIAN_POINT('Origin',(0.,85.75,12.));
#15669=CARTESIAN_POINT('',(0.,71.7499999850988,12.));
#15670=CARTESIAN_POINT('Origin',(0.,72.75,12.));
#15671=CARTESIAN_POINT('',(0.,58.7499999850988,12.));
#15672=CARTESIAN_POINT('Origin',(0.,59.75,12.));
#15673=CARTESIAN_POINT('',(0.,45.7499999850988,12.));
#15674=CARTESIAN_POINT('Origin',(0.,46.75,12.));
#15675=CARTESIAN_POINT('',(0.,32.7499999850988,12.));
#15676=CARTESIAN_POINT('Origin',(0.,33.75,12.));
#15677=CARTESIAN_POINT('',(0.,29.4999999850988,15.2));
#15678=CARTESIAN_POINT('Origin',(0.,30.5,15.2));
#15679=CARTESIAN_POINT('',(0.,35.9999999850988,21.6));
#15680=CARTESIAN_POINT('Origin',(0.,37.,21.6));
#15681=CARTESIAN_POINT('',(0.,32.7499999850988,24.8));
#15682=CARTESIAN_POINT('Origin',(0.,33.75,24.8));
#15683=CARTESIAN_POINT('',(0.,29.4999999850988,28.));
#15684=CARTESIAN_POINT('Origin',(0.,30.5,28.));
#15685=CARTESIAN_POINT('',(0.,22.9999999850988,24.8));
#15686=CARTESIAN_POINT('Origin',(0.,24.,24.8));
#15687=CARTESIAN_POINT('',(0.,22.9999999850988,18.4));
#15688=CARTESIAN_POINT('Origin',(0.,24.,18.4));
#15689=CARTESIAN_POINT('',(0.,22.9999999850988,12.));
#15690=CARTESIAN_POINT('Origin',(0.,24.,12.));
#15691=CARTESIAN_POINT('',(0.,16.4999999850988,15.2));
#15692=CARTESIAN_POINT('Origin',(0.,17.5,15.2));
#15693=CARTESIAN_POINT('',(0.,16.4999999850988,21.6));
#15694=CARTESIAN_POINT('Origin',(0.,17.5,21.6));
#15695=CARTESIAN_POINT('',(0.,16.4999999850988,28.));
#15696=CARTESIAN_POINT('Origin',(0.,17.5,28.));
#15697=CARTESIAN_POINT('',(0.,13.2499999850988,18.4));
#15698=CARTESIAN_POINT('Origin',(0.,14.25,18.4));
#15699=CARTESIAN_POINT('',(0.,9.99999998509884,15.2));
#15700=CARTESIAN_POINT('Origin',(0.,11.,15.2));
#15701=CARTESIAN_POINT('',(0.,9.99999998509884,28.));
#15702=CARTESIAN_POINT('Origin',(0.,11.,28.));
#15703=CARTESIAN_POINT('',(0.,9.99999998509884,18.4));
#15704=CARTESIAN_POINT('Origin',(0.,11.,18.4));
#15705=CARTESIAN_POINT('',(0.,13.2499999850988,15.2));
#15706=CARTESIAN_POINT('Origin',(0.,14.25,15.2));
#15707=CARTESIAN_POINT('',(0.,13.2499999850988,28.));
#15708=CARTESIAN_POINT('Origin',(0.,14.25,28.));
#15709=CARTESIAN_POINT('',(0.,19.7499999850988,24.8));
#15710=CARTESIAN_POINT('Origin',(0.,20.75,24.8));
#15711=CARTESIAN_POINT('',(0.,19.7499999850988,18.4));
#15712=CARTESIAN_POINT('Origin',(0.,20.75,18.4));
#15713=CARTESIAN_POINT('',(0.,19.7499999850988,12.));
#15714=CARTESIAN_POINT('Origin',(0.,20.75,12.));
#15715=CARTESIAN_POINT('',(0.,26.2499999850988,15.2));
#15716=CARTESIAN_POINT('Origin',(0.,27.25,15.2));
#15717=CARTESIAN_POINT('',(0.,26.2499999850988,21.6));
#15718=CARTESIAN_POINT('Origin',(0.,27.25,21.6));
#15719=CARTESIAN_POINT('',(0.,26.2499999850988,28.));
#15720=CARTESIAN_POINT('Origin',(0.,27.25,28.));
#15721=CARTESIAN_POINT('',(0.,35.9999999850988,24.8));
#15722=CARTESIAN_POINT('Origin',(0.,37.,24.8));
#15723=CARTESIAN_POINT('',(0.,32.7499999850988,21.6));
#15724=CARTESIAN_POINT('Origin',(0.,33.75,21.6));
#15725=CARTESIAN_POINT('',(0.,29.4999999850988,18.4));
#15726=CARTESIAN_POINT('Origin',(0.,30.5,18.4));
#15727=CARTESIAN_POINT('',(0.,35.9999999850988,12.));
#15728=CARTESIAN_POINT('Origin',(0.,37.,12.));
#15729=CARTESIAN_POINT('',(0.,42.4999999850988,12.));
#15730=CARTESIAN_POINT('Origin',(0.,43.5,12.));
#15731=CARTESIAN_POINT('',(0.,55.4999999850988,12.));
#15732=CARTESIAN_POINT('Origin',(0.,56.5,12.));
#15733=CARTESIAN_POINT('',(0.,68.4999999850989,12.));
#15734=CARTESIAN_POINT('Origin',(0.,69.5,12.));
#15735=CARTESIAN_POINT('',(0.,81.4999999850988,12.));
#15736=CARTESIAN_POINT('Origin',(0.,82.5,12.));
#15737=CARTESIAN_POINT('',(0.,84.7499999850989,15.2));
#15738=CARTESIAN_POINT('Origin',(0.,85.75,15.2));
#15739=CARTESIAN_POINT('',(0.,71.7499999850988,15.2));
#15740=CARTESIAN_POINT('Origin',(0.,72.75,15.2));
#15741=CARTESIAN_POINT('',(0.,58.7499999850988,15.2));
#15742=CARTESIAN_POINT('Origin',(0.,59.75,15.2));
#15743=CARTESIAN_POINT('',(0.,45.7499999850988,15.2));
#15744=CARTESIAN_POINT('Origin',(0.,46.75,15.2));
#15745=CARTESIAN_POINT('',(0.,39.2499999850988,21.6));
#15746=CARTESIAN_POINT('Origin',(0.,40.25,21.6));
#15747=CARTESIAN_POINT('',(0.,42.4999999850988,18.4));
#15748=CARTESIAN_POINT('Origin',(0.,43.5,18.4));
#15749=CARTESIAN_POINT('',(0.,45.7499999850988,28.));
#15750=CARTESIAN_POINT('Origin',(0.,46.75,28.));
#15751=CARTESIAN_POINT('',(0.,52.2499999850989,28.));
#15752=CARTESIAN_POINT('Origin',(0.,53.25,28.));
#15753=CARTESIAN_POINT('',(0.,65.2499999850988,28.));
#15754=CARTESIAN_POINT('Origin',(0.,66.25,28.));
#15755=CARTESIAN_POINT('',(0.,78.2499999850988,28.));
#15756=CARTESIAN_POINT('Origin',(0.,79.25,28.));
#15757=CARTESIAN_POINT('',(0.,48.9999999850988,24.8));
#15758=CARTESIAN_POINT('Origin',(0.,50.,24.8));
#15759=CARTESIAN_POINT('',(0.,52.2499999850989,21.6));
#15760=CARTESIAN_POINT('Origin',(0.,53.25,21.6));
#15761=CARTESIAN_POINT('',(0.,55.4999999850988,18.4));
#15762=CARTESIAN_POINT('Origin',(0.,56.5,18.4));
#15763=CARTESIAN_POINT('',(0.,61.9999999850988,21.6));
#15764=CARTESIAN_POINT('Origin',(0.,63.,21.6));
#15765=CARTESIAN_POINT('',(0.,65.2499999850988,21.6));
#15766=CARTESIAN_POINT('Origin',(0.,66.25,21.6));
#15767=CARTESIAN_POINT('',(0.,68.4999999850989,24.8));
#15768=CARTESIAN_POINT('Origin',(0.,69.5,24.8));
#15769=CARTESIAN_POINT('',(0.,74.9999999850988,18.4));
#15770=CARTESIAN_POINT('Origin',(0.,76.,18.4));
#15771=CARTESIAN_POINT('',(0.,74.9999999850988,24.8));
#15772=CARTESIAN_POINT('Origin',(0.,76.,24.8));
#15773=CARTESIAN_POINT('',(0.,81.4999999850988,18.4));
#15774=CARTESIAN_POINT('Origin',(0.,82.5,18.4));
#15775=CARTESIAN_POINT('',(0.,87.9999999850988,24.8));
#15776=CARTESIAN_POINT('Origin',(0.,89.,24.8));
#15777=CARTESIAN_POINT('Origin',(60.,50.,0.));
#15778=CARTESIAN_POINT('',(5.,95.,0.));
#15779=CARTESIAN_POINT('',(5.,5.,0.));
#15780=CARTESIAN_POINT('',(5.,72.5,0.));
#15781=CARTESIAN_POINT('',(115.,5.,0.));
#15782=CARTESIAN_POINT('',(32.5,5.,0.));
#15783=CARTESIAN_POINT('',(115.,95.,0.));
#15784=CARTESIAN_POINT('',(115.,27.5,0.));
#15785=CARTESIAN_POINT('',(87.5,95.,0.));
#15786=CARTESIAN_POINT('Origin',(120.,0.,0.));
#15787=CARTESIAN_POINT('',(120.,87.9999999850988,18.4));
#15788=CARTESIAN_POINT('Origin',(120.,89.,18.4));
#15789=CARTESIAN_POINT('',(120.,84.7499999850989,21.6));
#15790=CARTESIAN_POINT('Origin',(120.,85.75,21.6));
#15791=CARTESIAN_POINT('',(120.,81.4999999850988,24.8));
#15792=CARTESIAN_POINT('Origin',(120.,82.5,24.8));
#15793=CARTESIAN_POINT('',(120.,74.9999999850988,21.6));
#15794=CARTESIAN_POINT('Origin',(120.,76.,21.6));
#15795=CARTESIAN_POINT('',(120.,71.7499999850988,21.6));
#15796=CARTESIAN_POINT('Origin',(120.,72.75,21.6));
#15797=CARTESIAN_POINT('',(120.,68.4999999850989,18.4));
#15798=CARTESIAN_POINT('Origin',(120.,69.5,18.4));
#15799=CARTESIAN_POINT('',(120.,61.9999999850988,24.8));
#15800=CARTESIAN_POINT('Origin',(120.,63.,24.8));
#15801=CARTESIAN_POINT('',(120.,61.9999999850988,18.4));
#15802=CARTESIAN_POINT('Origin',(120.,63.,18.4));
#15803=CARTESIAN_POINT('',(120.,55.4999999850988,24.8));
#15804=CARTESIAN_POINT('Origin',(120.,56.5,24.8));
#15805=CARTESIAN_POINT('',(120.,48.9999999850988,18.4));
#15806=CARTESIAN_POINT('Origin',(120.,50.,18.4));
#15807=CARTESIAN_POINT('',(120.,84.7499999850989,28.));
#15808=CARTESIAN_POINT('Origin',(120.,85.75,28.));
#15809=CARTESIAN_POINT('',(120.,71.7499999850988,28.));
#15810=CARTESIAN_POINT('Origin',(120.,72.75,28.));
#15811=CARTESIAN_POINT('',(120.,58.7499999850988,28.));
#15812=CARTESIAN_POINT('Origin',(120.,59.75,28.));
#15813=CARTESIAN_POINT('',(120.,39.2499999850988,28.));
#15814=CARTESIAN_POINT('Origin',(120.,40.25,28.));
#15815=CARTESIAN_POINT('',(120.,45.7499999850988,21.6));
#15816=CARTESIAN_POINT('Origin',(120.,46.75,21.6));
#15817=CARTESIAN_POINT('',(120.,42.4999999850988,24.8));
#15818=CARTESIAN_POINT('Origin',(120.,43.5,24.8));
#15819=CARTESIAN_POINT('',(120.,39.2499999850988,15.2));
#15820=CARTESIAN_POINT('Origin',(120.,40.25,15.2));
#15821=CARTESIAN_POINT('',(120.,52.2499999850989,15.2));
#15822=CARTESIAN_POINT('Origin',(120.,53.25,15.2));
#15823=CARTESIAN_POINT('',(120.,65.2499999850988,15.2));
#15824=CARTESIAN_POINT('Origin',(120.,66.25,15.2));
#15825=CARTESIAN_POINT('',(120.,78.2499999850988,15.2));
#15826=CARTESIAN_POINT('Origin',(120.,79.25,15.2));
#15827=CARTESIAN_POINT('',(120.,87.9999999850988,12.));
#15828=CARTESIAN_POINT('Origin',(120.,89.,12.));
#15829=CARTESIAN_POINT('',(120.,74.9999999850988,12.));
#15830=CARTESIAN_POINT('Origin',(120.,76.,12.));
#15831=CARTESIAN_POINT('',(120.,61.9999999850988,12.));
#15832=CARTESIAN_POINT('Origin',(120.,63.,12.));
#15833=CARTESIAN_POINT('',(120.,48.9999999850988,12.));
#15834=CARTESIAN_POINT('Origin',(120.,50.,12.));
#15835=CARTESIAN_POINT('',(120.,29.4999999850988,12.));
#15836=CARTESIAN_POINT('Origin',(120.,30.5,12.));
#15837=CARTESIAN_POINT('',(120.,32.7499999850988,15.2));
#15838=CARTESIAN_POINT('Origin',(120.,33.75,15.2));
#15839=CARTESIAN_POINT('',(120.,35.9999999850988,18.4));
#15840=CARTESIAN_POINT('Origin',(120.,37.,18.4));
#15841=CARTESIAN_POINT('',(120.,29.4999999850988,24.8));
#15842=CARTESIAN_POINT('Origin',(120.,30.5,24.8));
#15843=CARTESIAN_POINT('',(120.,32.7499999850988,28.));
#15844=CARTESIAN_POINT('Origin',(120.,33.75,28.));
#15845=CARTESIAN_POINT('',(120.,26.2499999850988,24.8));
#15846=CARTESIAN_POINT('Origin',(120.,27.25,24.8));
#15847=CARTESIAN_POINT('',(120.,26.2499999850988,18.4));
#15848=CARTESIAN_POINT('Origin',(120.,27.25,18.4));
#15849=CARTESIAN_POINT('',(120.,26.2499999850988,12.));
#15850=CARTESIAN_POINT('Origin',(120.,27.25,12.));
#15851=CARTESIAN_POINT('',(120.,19.7499999850988,15.2));
#15852=CARTESIAN_POINT('Origin',(120.,20.75,15.2));
#15853=CARTESIAN_POINT('',(120.,19.7499999850988,21.6));
#15854=CARTESIAN_POINT('Origin',(120.,20.75,21.6));
#15855=CARTESIAN_POINT('',(120.,19.7499999850988,28.));
#15856=CARTESIAN_POINT('Origin',(120.,20.75,28.));
#15857=CARTESIAN_POINT('',(120.,13.2499999850988,21.6));
#15858=CARTESIAN_POINT('Origin',(120.,14.25,21.6));
#15859=CARTESIAN_POINT('',(120.,9.99999998509884,12.));
#15860=CARTESIAN_POINT('Origin',(120.,11.,12.));
#15861=CARTESIAN_POINT('',(120.,9.99999998509884,24.8));
#15862=CARTESIAN_POINT('Origin',(120.,11.,24.8));
#15863=CARTESIAN_POINT('',(120.,9.99999998509884,21.6));
#15864=CARTESIAN_POINT('Origin',(120.,11.,21.6));
#15865=CARTESIAN_POINT('',(120.,13.2499999850988,12.));
#15866=CARTESIAN_POINT('Origin',(120.,14.25,12.));
#15867=CARTESIAN_POINT('',(120.,13.2499999850988,24.8));
#15868=CARTESIAN_POINT('Origin',(120.,14.25,24.8));
#15869=CARTESIAN_POINT('',(120.,16.4999999850988,24.8));
#15870=CARTESIAN_POINT('Origin',(120.,17.5,24.8));
#15871=CARTESIAN_POINT('',(120.,16.4999999850988,18.4));
#15872=CARTESIAN_POINT('Origin',(120.,17.5,18.4));
#15873=CARTESIAN_POINT('',(120.,16.4999999850988,12.));
#15874=CARTESIAN_POINT('Origin',(120.,17.5,12.));
#15875=CARTESIAN_POINT('',(120.,22.9999999850988,15.2));
#15876=CARTESIAN_POINT('Origin',(120.,24.,15.2));
#15877=CARTESIAN_POINT('',(120.,22.9999999850988,21.6));
#15878=CARTESIAN_POINT('Origin',(120.,24.,21.6));
#15879=CARTESIAN_POINT('',(120.,22.9999999850988,28.));
#15880=CARTESIAN_POINT('Origin',(120.,24.,28.));
#15881=CARTESIAN_POINT('',(120.,35.9999999850988,28.));
#15882=CARTESIAN_POINT('Origin',(120.,37.,28.));
#15883=CARTESIAN_POINT('',(120.,29.4999999850988,21.6));
#15884=CARTESIAN_POINT('Origin',(120.,30.5,21.6));
#15885=CARTESIAN_POINT('',(120.,32.7499999850988,18.4));
#15886=CARTESIAN_POINT('Origin',(120.,33.75,18.4));
#15887=CARTESIAN_POINT('',(120.,35.9999999850988,15.2));
#15888=CARTESIAN_POINT('Origin',(120.,37.,15.2));
#15889=CARTESIAN_POINT('',(120.,39.2499999850988,12.));
#15890=CARTESIAN_POINT('Origin',(120.,40.25,12.));
#15891=CARTESIAN_POINT('',(120.,52.2499999850989,12.));
#15892=CARTESIAN_POINT('Origin',(120.,53.25,12.));
#15893=CARTESIAN_POINT('',(120.,65.2499999850988,12.));
#15894=CARTESIAN_POINT('Origin',(120.,66.25,12.));
#15895=CARTESIAN_POINT('',(120.,78.2499999850988,12.));
#15896=CARTESIAN_POINT('Origin',(120.,79.25,12.));
#15897=CARTESIAN_POINT('',(120.,87.9999999850988,15.2));
#15898=CARTESIAN_POINT('Origin',(120.,89.,15.2));
#15899=CARTESIAN_POINT('',(120.,74.9999999850988,15.2));
#15900=CARTESIAN_POINT('Origin',(120.,76.,15.2));
#15901=CARTESIAN_POINT('',(120.,61.9999999850988,15.2));
#15902=CARTESIAN_POINT('Origin',(120.,63.,15.2));
#15903=CARTESIAN_POINT('',(120.,48.9999999850988,15.2));
#15904=CARTESIAN_POINT('Origin',(120.,50.,15.2));
#15905=CARTESIAN_POINT('',(120.,39.2499999850988,18.4));
#15906=CARTESIAN_POINT('Origin',(120.,40.25,18.4));
#15907=CARTESIAN_POINT('',(120.,42.4999999850988,21.6));
#15908=CARTESIAN_POINT('Origin',(120.,43.5,21.6));
#15909=CARTESIAN_POINT('',(120.,45.7499999850988,24.8));
#15910=CARTESIAN_POINT('Origin',(120.,46.75,24.8));
#15911=CARTESIAN_POINT('',(120.,48.9999999850988,28.));
#15912=CARTESIAN_POINT('Origin',(120.,50.,28.));
#15913=CARTESIAN_POINT('',(120.,61.9999999850988,28.));
#15914=CARTESIAN_POINT('Origin',(120.,63.,28.));
#15915=CARTESIAN_POINT('',(120.,74.9999999850988,28.));
#15916=CARTESIAN_POINT('Origin',(120.,76.,28.));
#15917=CARTESIAN_POINT('',(120.,87.9999999850988,28.));
#15918=CARTESIAN_POINT('Origin',(120.,89.,28.));
#15919=CARTESIAN_POINT('',(120.,52.2499999850989,18.4));
#15920=CARTESIAN_POINT('Origin',(120.,53.25,18.4));
#15921=CARTESIAN_POINT('',(120.,55.4999999850988,21.6));
#15922=CARTESIAN_POINT('Origin',(120.,56.5,21.6));
#15923=CARTESIAN_POINT('',(120.,58.7499999850988,21.6));
#15924=CARTESIAN_POINT('Origin',(120.,59.75,21.6));
#15925=CARTESIAN_POINT('',(120.,65.2499999850988,24.8));
#15926=CARTESIAN_POINT('Origin',(120.,66.25,24.8));
#15927=CARTESIAN_POINT('',(120.,68.4999999850989,21.6));
#15928=CARTESIAN_POINT('Origin',(120.,69.5,21.6));
#15929=CARTESIAN_POINT('',(120.,71.7499999850988,18.4));
#15930=CARTESIAN_POINT('Origin',(120.,72.75,18.4));
#15931=CARTESIAN_POINT('',(120.,78.2499999850988,21.6));
#15932=CARTESIAN_POINT('Origin',(120.,79.25,21.6));
#15933=CARTESIAN_POINT('',(120.,81.4999999850988,21.6));
#15934=CARTESIAN_POINT('Origin',(120.,82.5,21.6));
#15935=CARTESIAN_POINT('',(120.,84.7499999850989,24.8));
#15936=CARTESIAN_POINT('Origin',(120.,85.75,24.8));
#15937=CARTESIAN_POINT('',(120.,87.9999999850988,21.6));
#15938=CARTESIAN_POINT('Origin',(120.,89.,21.6));
#15939=CARTESIAN_POINT('',(120.,84.7499999850989,18.4));
#15940=CARTESIAN_POINT('Origin',(120.,85.75,18.4));
#15941=CARTESIAN_POINT('',(120.,78.2499999850988,24.8));
#15942=CARTESIAN_POINT('Origin',(120.,79.25,24.8));
#15943=CARTESIAN_POINT('',(120.,78.2499999850988,18.4));
#15944=CARTESIAN_POINT('Origin',(120.,79.25,18.4));
#15945=CARTESIAN_POINT('',(120.,71.7499999850988,24.8));
#15946=CARTESIAN_POINT('Origin',(120.,72.75,24.8));
#15947=CARTESIAN_POINT('',(120.,65.2499999850988,18.4));
#15948=CARTESIAN_POINT('Origin',(120.,66.25,18.4));
#15949=CARTESIAN_POINT('',(120.,58.7499999850988,24.8));
#15950=CARTESIAN_POINT('Origin',(120.,59.75,24.8));
#15951=CARTESIAN_POINT('',(120.,58.7499999850988,18.4));
#15952=CARTESIAN_POINT('Origin',(120.,59.75,18.4));
#15953=CARTESIAN_POINT('',(120.,52.2499999850989,24.8));
#15954=CARTESIAN_POINT('Origin',(120.,53.25,24.8));
#15955=CARTESIAN_POINT('',(120.,48.9999999850988,21.6));
#15956=CARTESIAN_POINT('Origin',(120.,50.,21.6));
#15957=CARTESIAN_POINT('',(120.,81.4999999850988,28.));
#15958=CARTESIAN_POINT('Origin',(120.,82.5,28.));
#15959=CARTESIAN_POINT('',(120.,68.4999999850989,28.));
#15960=CARTESIAN_POINT('Origin',(120.,69.5,28.));
#15961=CARTESIAN_POINT('',(120.,55.4999999850988,28.));
#15962=CARTESIAN_POINT('Origin',(120.,56.5,28.));
#15963=CARTESIAN_POINT('',(120.,42.4999999850988,28.));
#15964=CARTESIAN_POINT('Origin',(120.,43.5,28.));
#15965=CARTESIAN_POINT('',(120.,45.7499999850988,18.4));
#15966=CARTESIAN_POINT('Origin',(120.,46.75,18.4));
#15967=CARTESIAN_POINT('',(120.,39.2499999850988,24.8));
#15968=CARTESIAN_POINT('Origin',(120.,40.25,24.8));
#15969=CARTESIAN_POINT('',(120.,42.4999999850988,15.2));
#15970=CARTESIAN_POINT('Origin',(120.,43.5,15.2));
#15971=CARTESIAN_POINT('',(120.,55.4999999850988,15.2));
#15972=CARTESIAN_POINT('Origin',(120.,56.5,15.2));
#15973=CARTESIAN_POINT('',(120.,68.4999999850989,15.2));
#15974=CARTESIAN_POINT('Origin',(120.,69.5,15.2));
#15975=CARTESIAN_POINT('',(120.,81.4999999850988,15.2));
#15976=CARTESIAN_POINT('Origin',(120.,82.5,15.2));
#15977=CARTESIAN_POINT('',(120.,84.7499999850989,12.));
#15978=CARTESIAN_POINT('Origin',(120.,85.75,12.));
#15979=CARTESIAN_POINT('',(120.,71.7499999850988,12.));
#15980=CARTESIAN_POINT('Origin',(120.,72.75,12.));
#15981=CARTESIAN_POINT('',(120.,58.7499999850988,12.));
#15982=CARTESIAN_POINT('Origin',(120.,59.75,12.));
#15983=CARTESIAN_POINT('',(120.,45.7499999850988,12.));
#15984=CARTESIAN_POINT('Origin',(120.,46.75,12.));
#15985=CARTESIAN_POINT('',(120.,32.7499999850988,12.));
#15986=CARTESIAN_POINT('Origin',(120.,33.75,12.));
#15987=CARTESIAN_POINT('',(120.,29.4999999850988,15.2));
#15988=CARTESIAN_POINT('Origin',(120.,30.5,15.2));
#15989=CARTESIAN_POINT('',(120.,35.9999999850988,21.6));
#15990=CARTESIAN_POINT('Origin',(120.,37.,21.6));
#15991=CARTESIAN_POINT('',(120.,32.7499999850988,24.8));
#15992=CARTESIAN_POINT('Origin',(120.,33.75,24.8));
#15993=CARTESIAN_POINT('',(120.,29.4999999850988,28.));
#15994=CARTESIAN_POINT('Origin',(120.,30.5,28.));
#15995=CARTESIAN_POINT('',(120.,22.9999999850988,24.8));
#15996=CARTESIAN_POINT('Origin',(120.,24.,24.8));
#15997=CARTESIAN_POINT('',(120.,22.9999999850988,18.4));
#15998=CARTESIAN_POINT('Origin',(120.,24.,18.4));
#15999=CARTESIAN_POINT('',(120.,22.9999999850988,12.));
#16000=CARTESIAN_POINT('Origin',(120.,24.,12.));
#16001=CARTESIAN_POINT('',(120.,16.4999999850988,15.2));
#16002=CARTESIAN_POINT('Origin',(120.,17.5,15.2));
#16003=CARTESIAN_POINT('',(120.,16.4999999850988,21.6));
#16004=CARTESIAN_POINT('Origin',(120.,17.5,21.6));
#16005=CARTESIAN_POINT('',(120.,16.4999999850988,28.));
#16006=CARTESIAN_POINT('Origin',(120.,17.5,28.));
#16007=CARTESIAN_POINT('',(120.,13.2499999850988,18.4));
#16008=CARTESIAN_POINT('Origin',(120.,14.25,18.4));
#16009=CARTESIAN_POINT('',(120.,9.99999998509884,15.2));
#16010=CARTESIAN_POINT('Origin',(120.,11.,15.2));
#16011=CARTESIAN_POINT('',(120.,9.99999998509884,28.));
#16012=CARTESIAN_POINT('Origin',(120.,11.,28.));
#16013=CARTESIAN_POINT('',(120.,9.99999998509884,18.4));
#16014=CARTESIAN_POINT('Origin',(120.,11.,18.4));
#16015=CARTESIAN_POINT('',(120.,13.2499999850988,15.2));
#16016=CARTESIAN_POINT('Origin',(120.,14.25,15.2));
#16017=CARTESIAN_POINT('',(120.,13.2499999850988,28.));
#16018=CARTESIAN_POINT('Origin',(120.,14.25,28.));
#16019=CARTESIAN_POINT('',(120.,19.7499999850988,24.8));
#16020=CARTESIAN_POINT('Origin',(120.,20.75,24.8));
#16021=CARTESIAN_POINT('',(120.,19.7499999850988,18.4));
#16022=CARTESIAN_POINT('Origin',(120.,20.75,18.4));
#16023=CARTESIAN_POINT('',(120.,19.7499999850988,12.));
#16024=CARTESIAN_POINT('Origin',(120.,20.75,12.));
#16025=CARTESIAN_POINT('',(120.,26.2499999850988,15.2));
#16026=CARTESIAN_POINT('Origin',(120.,27.25,15.2));
#16027=CARTESIAN_POINT('',(120.,26.2499999850988,21.6));
#16028=CARTESIAN_POINT('Origin',(120.,27.25,21.6));
#16029=CARTESIAN_POINT('',(120.,26.2499999850988,28.));
#16030=CARTESIAN_POINT('Origin',(120.,27.25,28.));
#16031=CARTESIAN_POINT('',(120.,35.9999999850988,24.8));
#16032=CARTESIAN_POINT('Origin',(120.,37.,24.8));
#16033=CARTESIAN_POINT('',(120.,32.7499999850988,21.6));
#16034=CARTESIAN_POINT('Origin',(120.,33.75,21.6));
#16035=CARTESIAN_POINT('',(120.,29.4999999850988,18.4));
#16036=CARTESIAN_POINT('Origin',(120.,30.5,18.4));
#16037=CARTESIAN_POINT('',(120.,35.9999999850988,12.));
#16038=CARTESIAN_POINT('Origin',(120.,37.,12.));
#16039=CARTESIAN_POINT('',(120.,42.4999999850988,12.));
#16040=CARTESIAN_POINT('Origin',(120.,43.5,12.));
#16041=CARTESIAN_POINT('',(120.,55.4999999850988,12.));
#16042=CARTESIAN_POINT('Origin',(120.,56.5,12.));
#16043=CARTESIAN_POINT('',(120.,68.4999999850989,12.));
#16044=CARTESIAN_POINT('Origin',(120.,69.5,12.));
#16045=CARTESIAN_POINT('',(120.,81.4999999850988,12.));
#16046=CARTESIAN_POINT('Origin',(120.,82.5,12.));
#16047=CARTESIAN_POINT('',(120.,84.7499999850989,15.2));
#16048=CARTESIAN_POINT('Origin',(120.,85.75,15.2));
#16049=CARTESIAN_POINT('',(120.,71.7499999850988,15.2));
#16050=CARTESIAN_POINT('Origin',(120.,72.75,15.2));
#16051=CARTESIAN_POINT('',(120.,58.7499999850988,15.2));
#16052=CARTESIAN_POINT('Origin',(120.,59.75,15.2));
#16053=CARTESIAN_POINT('',(120.,45.7499999850988,15.2));
#16054=CARTESIAN_POINT('Origin',(120.,46.75,15.2));
#16055=CARTESIAN_POINT('',(120.,39.2499999850988,21.6));
#16056=CARTESIAN_POINT('Origin',(120.,40.25,21.6));
#16057=CARTESIAN_POINT('',(120.,42.4999999850988,18.4));
#16058=CARTESIAN_POINT('Origin',(120.,43.5,18.4));
#16059=CARTESIAN_POINT('',(120.,45.7499999850988,28.));
#16060=CARTESIAN_POINT('Origin',(120.,46.75,28.));
#16061=CARTESIAN_POINT('',(120.,52.2499999850989,28.));
#16062=CARTESIAN_POINT('Origin',(120.,53.25,28.));
#16063=CARTESIAN_POINT('',(120.,65.2499999850988,28.));
#16064=CARTESIAN_POINT('Origin',(120.,66.25,28.));
#16065=CARTESIAN_POINT('',(120.,78.2499999850988,28.));
#16066=CARTESIAN_POINT('Origin',(120.,79.25,28.));
#16067=CARTESIAN_POINT('',(120.,48.9999999850988,24.8));
#16068=CARTESIAN_POINT('Origin',(120.,50.,24.8));
#16069=CARTESIAN_POINT('',(120.,52.2499999850989,21.6));
#16070=CARTESIAN_POINT('Origin',(120.,53.25,21.6));
#16071=CARTESIAN_POINT('',(120.,55.4999999850988,18.4));
#16072=CARTESIAN_POINT('Origin',(120.,56.5,18.4));
#16073=CARTESIAN_POINT('',(120.,61.9999999850988,21.6));
#16074=CARTESIAN_POINT('Origin',(120.,63.,21.6));
#16075=CARTESIAN_POINT('',(120.,65.2499999850988,21.6));
#16076=CARTESIAN_POINT('Origin',(120.,66.25,21.6));
#16077=CARTESIAN_POINT('',(120.,68.4999999850989,24.8));
#16078=CARTESIAN_POINT('Origin',(120.,69.5,24.8));
#16079=CARTESIAN_POINT('',(120.,74.9999999850988,18.4));
#16080=CARTESIAN_POINT('Origin',(120.,76.,18.4));
#16081=CARTESIAN_POINT('',(120.,74.9999999850988,24.8));
#16082=CARTESIAN_POINT('Origin',(120.,76.,24.8));
#16083=CARTESIAN_POINT('',(120.,81.4999999850988,18.4));
#16084=CARTESIAN_POINT('Origin',(120.,82.5,18.4));
#16085=CARTESIAN_POINT('',(120.,87.9999999850988,24.8));
#16086=CARTESIAN_POINT('Origin',(120.,89.,24.8));
#16087=CARTESIAN_POINT('Origin',(120.,100.,0.));
#16088=CARTESIAN_POINT('',(35.0000005215406,100.,12.0000001788139));
#16089=CARTESIAN_POINT('',(45.0000006705523,100.,12.0000001788139));
#16090=CARTESIAN_POINT('',(77.5000002607703,100.,12.0000001788139));
#16091=CARTESIAN_POINT('',(45.0000006705523,100.,18.0000002682209));
#16092=CARTESIAN_POINT('',(45.0000006705523,100.,6.00000008940697));
#16093=CARTESIAN_POINT('',(35.0000005215406,100.,18.0000002682209));
#16094=CARTESIAN_POINT('',(82.5000003352761,100.,18.0000002682209));
#16095=CARTESIAN_POINT('',(35.0000005215406,100.,9.00000013411045));
#16096=CARTESIAN_POINT('',(51.,100.,12.));
#16097=CARTESIAN_POINT('',(69.,100.,12.));
#16098=CARTESIAN_POINT('',(85.5,100.,12.));
#16099=CARTESIAN_POINT('',(69.,100.,28.));
#16100=CARTESIAN_POINT('',(69.,100.,6.));
#16101=CARTESIAN_POINT('',(51.,100.,28.));
#16102=CARTESIAN_POINT('',(94.5,100.,28.));
#16103=CARTESIAN_POINT('',(51.,100.,14.));
#16104=CARTESIAN_POINT('',(63.8111297609244,100.,30.2835358376817));
#16105=CARTESIAN_POINT('',(64.6200643302832,100.,30.2835358376817));
#16106=CARTESIAN_POINT('',(91.9055648804622,100.,30.2835358376817));
#16107=CARTESIAN_POINT('',(64.7451124908362,100.,30.6962234969453));
#16108=CARTESIAN_POINT('',(62.7463466011521,100.,24.0998368505364));
#16109=CARTESIAN_POINT('',(65.6221802355681,100.,30.6962234969453));
#16110=CARTESIAN_POINT('',(92.3725562454181,100.,30.6962234969453));
#16111=CARTESIAN_POINT('',(65.7440306069289,100.,30.2835358376817));
#16112=CARTESIAN_POINT('',(71.9707103610509,100.,9.19477046080527));
#16113=CARTESIAN_POINT('',(66.5328214885626,100.,30.2835358376817));
#16114=CARTESIAN_POINT('',(92.8720153034644,100.,30.2835358376817));
#16115=CARTESIAN_POINT('',(65.5932162525092,100.,32.7835358376817));
#16116=CARTESIAN_POINT('',(74.8282584908449,100.,8.21193415864892));
#16117=CARTESIAN_POINT('',(64.7505746604834,100.,32.7835358376817));
#16118=CARTESIAN_POINT('',(92.7966081262546,100.,32.7835358376817));
#16119=CARTESIAN_POINT('',(62.7712660219097,100.,27.5163066486605));
#16120=CARTESIAN_POINT('',(61.7459861757193,100.,32.0945866103486));
#16121=CARTESIAN_POINT('',(61.7459861757193,100.,32.4271239037828));
#16122=CARTESIAN_POINT('',(61.7459861757193,100.,16.0472933051743));
#16123=CARTESIAN_POINT('',(61.0502157928382,100.,32.7835358376817));
#16124=CARTESIAN_POINT('',(91.3977049567526,100.,17.2378794429702));
#16125=CARTESIAN_POINT('',(61.0502157928382,100.,32.0945866103487));
#16126=CARTESIAN_POINT('',(61.0502157928382,100.,16.3917679188409));
#16127=CARTESIAN_POINT('',(60.6682239295874,100.,32.0945866103487));
#16128=CARTESIAN_POINT('',(90.5251078964191,100.,32.0945866103487));
#16129=CARTESIAN_POINT('',(60.6682239295874,100.,31.5864009852724));
#16130=CARTESIAN_POINT('',(60.6682239295874,100.,16.0472933051743));
#16131=CARTESIAN_POINT('',(61.0502157928382,100.,31.5864009852724));
#16132=CARTESIAN_POINT('',(90.3341119647937,100.,31.5864009852724));
#16133=CARTESIAN_POINT('',(61.0502157928382,100.,30.944773971589));
#16134=CARTESIAN_POINT('',(61.0502157928382,100.,15.7932004926362));
#16135=CARTESIAN_POINT('',(61.0280464412604,100.,30.7916147704439));
#16136=CARTESIAN_POINT('Ctrl Pts',(61.0502157928382,100.,30.944773971589));
#16137=CARTESIAN_POINT('Ctrl Pts',(61.0505769479177,100.,30.9123429702891));
#16138=CARTESIAN_POINT('Ctrl Pts',(61.0511607849488,100.,30.859915576673));
#16139=CARTESIAN_POINT('Ctrl Pts',(61.0344283706027,100.,30.8104727975311));
#16140=CARTESIAN_POINT('Ctrl Pts',(61.0280464412604,100.,30.7916147704439));
#16141=CARTESIAN_POINT('',(60.9086738349829,100.,30.7337404485063));
#16142=CARTESIAN_POINT('Ctrl Pts',(61.0280464412604,100.,30.7916147704439));
#16143=CARTESIAN_POINT('Ctrl Pts',(61.0136329429011,100.,30.7747583906328));
#16144=CARTESIAN_POINT('Ctrl Pts',(60.9825491469607,100.,30.7384063366567));
#16145=CARTESIAN_POINT('Ctrl Pts',(60.9344626908433,100.,30.7353692459184));
#16146=CARTESIAN_POINT('Ctrl Pts',(60.9086738349829,100.,30.7337404485063));
#16147=CARTESIAN_POINT('',(60.6938038589392,100.,30.7779989834146));
#16148=CARTESIAN_POINT('Ctrl Pts',(60.9086738349829,100.,30.7337404485063));
#16149=CARTESIAN_POINT('Ctrl Pts',(60.8777988847985,100.,30.736505113799));
#16150=CARTESIAN_POINT('Ctrl Pts',(60.8045837673879,100.,30.7430610853163));
#16151=CARTESIAN_POINT('Ctrl Pts',(60.7343942989504,100.,30.7651975226016));
#16152=CARTESIAN_POINT('Ctrl Pts',(60.6938038589392,100.,30.7779989834146));
#16153=CARTESIAN_POINT('',(60.6426440002356,100.,30.2988834376649));
#16154=CARTESIAN_POINT('',(59.4033853112216,100.,18.693141784785));
#16155=CARTESIAN_POINT('',(61.1235444070731,100.,30.2426083083467));
#16156=CARTESIAN_POINT('Ctrl Pts',(60.6426440002356,100.,30.2988834376649));
#16157=CARTESIAN_POINT('Ctrl Pts',(60.7253682055929,100.,30.2824781799849));
#16158=CARTESIAN_POINT('Ctrl Pts',(60.8842062279322,100.,30.2509785883647));
#16159=CARTESIAN_POINT('Ctrl Pts',(61.0460096134892,100.,30.2453199021917));
#16160=CARTESIAN_POINT('Ctrl Pts',(61.1235444070731,100.,30.2426083083467));
#16161=CARTESIAN_POINT('',(61.5055362703238,100.,30.3090358968095));
#16162=CARTESIAN_POINT('Ctrl Pts',(61.1235444070731,100.,30.2426083083467));
#16163=CARTESIAN_POINT('Ctrl Pts',(61.1995398325216,100.,30.2431605074143));
#16164=CARTESIAN_POINT('Ctrl Pts',(61.3309575870554,100.,30.2441154170171));
#16165=CARTESIAN_POINT('Ctrl Pts',(61.4537510374768,100.,30.2897785504964));
#16166=CARTESIAN_POINT('Ctrl Pts',(61.5055362703238,100.,30.3090358968095));
#16167=CARTESIAN_POINT('',(61.6871528150473,100.,30.5108631844835));
#16168=CARTESIAN_POINT('Ctrl Pts',(61.5055362703238,100.,30.3090358968095));
#16169=CARTESIAN_POINT('Ctrl Pts',(61.5439428271524,100.,30.3343860506393));
#16170=CARTESIAN_POINT('Ctrl Pts',(61.6219405482403,100.,30.3858682555339));
#16171=CARTESIAN_POINT('Ctrl Pts',(61.6651964068438,100.,30.4687784691721));
#16172=CARTESIAN_POINT('Ctrl Pts',(61.6871528150473,100.,30.5108631844835));
#16173=CARTESIAN_POINT('',(61.7459861757193,100.,30.9494103188829));
#16174=CARTESIAN_POINT('Ctrl Pts',(61.6871528150473,100.,30.5108631844835));
#16175=CARTESIAN_POINT('Ctrl Pts',(61.7041812119183,100.,30.5696245995055));
#16176=CARTESIAN_POINT('Ctrl Pts',(61.7455882408322,100.,30.7125115447228));
#16177=CARTESIAN_POINT('Ctrl Pts',(61.7458387103287,100.,30.8616211568881));
#16178=CARTESIAN_POINT('Ctrl Pts',(61.7459861757193,100.,30.9494103188829));
#16179=CARTESIAN_POINT('',(61.7459861757193,100.,31.5864009852724));
#16180=CARTESIAN_POINT('',(61.7459861757193,100.,15.4747051594414));
#16181=CARTESIAN_POINT('',(62.0017842771445,100.,31.5864009852724));
#16182=CARTESIAN_POINT('',(90.8729930878597,100.,31.5864009852724));
#16183=CARTESIAN_POINT('',(62.0017842771445,100.,32.0945866103486));
#16184=CARTESIAN_POINT('',(62.0017842771445,100.,15.7932004926362));
#16185=CARTESIAN_POINT('',(91.0008921385722,100.,32.0945866103486));
#16186=CARTESIAN_POINT('',(59.5597652913962,100.,30.2835358376817));
#16187=CARTESIAN_POINT('',(60.2862320663367,100.,30.2835358376817));
#16188=CARTESIAN_POINT('',(89.7798826456981,100.,30.2835358376817));
#16189=CARTESIAN_POINT('',(60.2862320663367,100.,32.7835358376817));
#16190=CARTESIAN_POINT('',(60.2862320663367,100.,15.1417679188409));
#16191=CARTESIAN_POINT('',(59.5648817541037,100.,32.7835358376817));
#16192=CARTESIAN_POINT('',(90.1431160331683,100.,32.7835358376817));
#16193=CARTESIAN_POINT('',(58.6235444070731,100.,31.4004142279939));
#16194=CARTESIAN_POINT('',(61.5063494738433,100.,35.6361645644115));
#16195=CARTESIAN_POINT('',(58.6235444070731,100.,32.7835358376817));
#16196=CARTESIAN_POINT('',(58.6235444070731,100.,15.700207113997));
#16197=CARTESIAN_POINT('',(57.8953723432456,100.,32.7835358376817));
#16198=CARTESIAN_POINT('',(89.3117722035365,100.,32.7835358376817));
#16199=CARTESIAN_POINT('',(57.8953723432456,100.,30.2835358376817));
#16200=CARTESIAN_POINT('',(57.8953723432456,100.,16.3917679188409));
#16201=CARTESIAN_POINT('',(58.6235444070731,100.,30.2835358376817));
#16202=CARTESIAN_POINT('',(88.9476861716228,100.,30.2835358376817));
#16203=CARTESIAN_POINT('',(59.5597652913962,100.,31.6562123294191));
#16204=CARTESIAN_POINT('',(61.3182497591199,100.,34.2344824047281));
#16205=CARTESIAN_POINT('',(59.5597652913962,100.,15.8281061647095));
#16206=CARTESIAN_POINT('',(55.5352084161673,100.,31.6767827864008));
#16207=CARTESIAN_POINT('',(55.4175416948233,100.,31.0952685470895));
#16208=CARTESIAN_POINT('Ctrl Pts',(55.5352084161673,100.,31.6767827864008));
#16209=CARTESIAN_POINT('Ctrl Pts',(55.5009620200592,100.,31.59212263458));
#16210=CARTESIAN_POINT('Ctrl Pts',(55.4256697328399,100.,31.4059933716123));
#16211=CARTESIAN_POINT('Ctrl Pts',(55.4204093911219,100.,31.2048970241374));
#16212=CARTESIAN_POINT('Ctrl Pts',(55.4175416948233,100.,31.0952685470895));
#16213=CARTESIAN_POINT('',(55.4175416948233,100.,31.0168237681703));
#16214=CARTESIAN_POINT('',(55.4175416948233,100.,15.5476342735448));
#16215=CARTESIAN_POINT('',(56.8090836526786,100.,31.0168237681703));
#16216=CARTESIAN_POINT('',(87.7087708474117,100.,31.0168237681703));
#16217=CARTESIAN_POINT('',(56.7187015535269,100.,30.7678468222932));
#16218=CARTESIAN_POINT('Ctrl Pts',(56.8090836526786,100.,31.0168237681703));
#16219=CARTESIAN_POINT('Ctrl Pts',(56.8022863699971,100.,30.9667445934447));
#16220=CARTESIAN_POINT('Ctrl Pts',(56.7900903287988,100.,30.876889910808));
#16221=CARTESIAN_POINT('Ctrl Pts',(56.740606364309,100.,30.8013054187169));
#16222=CARTESIAN_POINT('Ctrl Pts',(56.7187015535269,100.,30.7678468222932));
#16223=CARTESIAN_POINT('',(56.4560811044608,100.,30.650179802926));
#16224=CARTESIAN_POINT('Ctrl Pts',(56.7187015535269,100.,30.7678468222932));
#16225=CARTESIAN_POINT('Ctrl Pts',(56.6822608145706,100.,30.7335288866924));
#16226=CARTESIAN_POINT('Ctrl Pts',(56.6084155847332,100.,30.6639854055621));
#16227=CARTESIAN_POINT('Ctrl Pts',(56.5072991537415,100.,30.6548215362677));
#16228=CARTESIAN_POINT('Ctrl Pts',(56.4560811044608,100.,30.650179802926));
#16229=CARTESIAN_POINT('',(56.2616745950614,100.,30.7013393636064));
#16230=CARTESIAN_POINT('Ctrl Pts',(56.4560811044608,100.,30.650179802926));
#16231=CARTESIAN_POINT('Ctrl Pts',(56.4222858824297,100.,30.6523759942044));
#16232=CARTESIAN_POINT('Ctrl Pts',(56.3541742188182,100.,30.6568022483489));
#16233=CARTESIAN_POINT('Ctrl Pts',(56.2926647020141,100.,30.6864181141014));
#16234=CARTESIAN_POINT('Ctrl Pts',(56.2616745950614,100.,30.7013393636064));
#16235=CARTESIAN_POINT('',(56.1405972959433,100.,30.8155958051996));
#16236=CARTESIAN_POINT('Ctrl Pts',(56.2616745950614,100.,30.7013393636064));
#16237=CARTESIAN_POINT('Ctrl Pts',(56.2415363763325,100.,30.7155357982261));
#16238=CARTESIAN_POINT('Ctrl Pts',(56.1957896038532,100.,30.7477849794126));
#16239=CARTESIAN_POINT('Ctrl Pts',(56.1604051401282,100.,30.791259329301));
#16240=CARTESIAN_POINT('Ctrl Pts',(56.1405972959433,100.,30.8155958051996));
#16241=CARTESIAN_POINT('',(55.4567639352713,100.,30.7524989242868));
#16242=CARTESIAN_POINT('',(86.3910889171648,100.,33.606789942762));
#16243=CARTESIAN_POINT('',(55.835345220748,100.,30.3611279721574));
#16244=CARTESIAN_POINT('Ctrl Pts',(55.4567639352713,100.,30.7524989242868));
#16245=CARTESIAN_POINT('Ctrl Pts',(55.5093132727653,100.,30.6693460618376));
#16246=CARTESIAN_POINT('Ctrl Pts',(55.608528781345,100.,30.5123497240874));
#16247=CARTESIAN_POINT('Ctrl Pts',(55.7627887846656,100.,30.4095023819095));
#16248=CARTESIAN_POINT('Ctrl Pts',(55.835345220748,100.,30.3611279721574));
#16249=CARTESIAN_POINT('',(56.4714293004904,100.,30.2426083083467));
#16250=CARTESIAN_POINT('Ctrl Pts',(55.835345220748,100.,30.3611279721574));
#16251=CARTESIAN_POINT('Ctrl Pts',(55.9243315971959,100.,30.3267028938141));
#16252=CARTESIAN_POINT('Ctrl Pts',(56.1283879976665,100.,30.2477620732858));
#16253=CARTESIAN_POINT('Ctrl Pts',(56.3477360932626,100.,30.2444666435074));
#16254=CARTESIAN_POINT('Ctrl Pts',(56.4714293004904,100.,30.2426083083467));
#16255=CARTESIAN_POINT('',(57.0375959398184,100.,30.3440744872407));
#16256=CARTESIAN_POINT('Ctrl Pts',(56.4714293004904,100.,30.2426083083467));
#16257=CARTESIAN_POINT('Ctrl Pts',(56.5798384370618,100.,30.2445276281855));
#16258=CARTESIAN_POINT('Ctrl Pts',(56.7744066581009,100.,30.2479723438105));
#16259=CARTESIAN_POINT('Ctrl Pts',(56.9568195168996,100.,30.3145794130855));
#16260=CARTESIAN_POINT('Ctrl Pts',(57.0375959398184,100.,30.3440744872407));
#16261=CARTESIAN_POINT('',(57.379512024108,100.,30.666380345376));
#16262=CARTESIAN_POINT('Ctrl Pts',(57.0375959398184,100.,30.3440744872407));
#16263=CARTESIAN_POINT('Ctrl Pts',(57.1040944534124,100.,30.3839743374094));
#16264=CARTESIAN_POINT('Ctrl Pts',(57.2414416335792,100.,30.4663841780745));
#16265=CARTESIAN_POINT('Ctrl Pts',(57.3325269222659,100.,30.5983220147469));
#16266=CARTESIAN_POINT('Ctrl Pts',(57.379512024108,100.,30.666380345376));
#16267=CARTESIAN_POINT('',(57.5150863649283,100.,31.1856503482179));
#16268=CARTESIAN_POINT('Ctrl Pts',(57.379512024108,100.,30.666380345376));
#16269=CARTESIAN_POINT('Ctrl Pts',(57.4190393865828,100.,30.7449567624881));
#16270=CARTESIAN_POINT('Ctrl Pts',(57.5011571255076,100.,30.9081985601205));
#16271=CARTESIAN_POINT('Ctrl Pts',(57.5103292442806,100.,31.0908948780845));
#16272=CARTESIAN_POINT('Ctrl Pts',(57.5150863649283,100.,31.1856503482179));
#16273=CARTESIAN_POINT('',(57.2430865289603,100.,31.8728948827104));
#16274=CARTESIAN_POINT('Ctrl Pts',(57.5150863649283,100.,31.1856503482179));
#16275=CARTESIAN_POINT('Ctrl Pts',(57.5053120808473,100.,31.3188976262675));
#16276=CARTESIAN_POINT('Ctrl Pts',(57.4863829380659,100.,31.5769479070358));
#16277=CARTESIAN_POINT('Ctrl Pts',(57.3223966033849,100.,31.776421709297));
#16278=CARTESIAN_POINT('Ctrl Pts',(57.2430865289603,100.,31.8728948827104));
#16279=CARTESIAN_POINT('',(56.4918939592276,100.,32.1355141396837));
#16280=CARTESIAN_POINT('Ctrl Pts',(57.2430865289603,100.,31.8728948827104));
#16281=CARTESIAN_POINT('Ctrl Pts',(57.1391096479519,100.,31.9494031918277));
#16282=CARTESIAN_POINT('Ctrl Pts',(56.9165023650964,100.,32.1132021694781));
#16283=CARTESIAN_POINT('Ctrl Pts',(56.6395079774735,100.,32.1277574407312));
#16284=CARTESIAN_POINT('Ctrl Pts',(56.4918939592276,100.,32.1355141396837));
#16285=CARTESIAN_POINT('',(55.8779780389701,100.,32.0178468222932));
#16286=CARTESIAN_POINT('Ctrl Pts',(56.4918939592276,100.,32.1355141396837));
#16287=CARTESIAN_POINT('Ctrl Pts',(56.3744050850504,100.,32.1331515136868));
#16288=CARTESIAN_POINT('Ctrl Pts',(56.1625941134298,100.,32.1288921307326));
#16289=CARTESIAN_POINT('Ctrl Pts',(55.9656705747397,100.,32.0520607882502));
#16290=CARTESIAN_POINT('Ctrl Pts',(55.8779780389701,100.,32.0178468222932));
#16291=CARTESIAN_POINT('Ctrl Pts',(55.8779780389701,100.,32.0178468222932));
#16292=CARTESIAN_POINT('Ctrl Pts',(55.8074517009145,100.,31.9742786816617));
#16293=CARTESIAN_POINT('Ctrl Pts',(55.6666240185515,100.,31.8872813918666));
#16294=CARTESIAN_POINT('Ctrl Pts',(55.578966935099,100.,31.7468742142469));
#16295=CARTESIAN_POINT('Ctrl Pts',(55.5352084161673,100.,31.6767827864008));
#16296=CARTESIAN_POINT('',(54.9571053506766,100.,32.0945866103487));
#16297=CARTESIAN_POINT('',(54.9571053506766,100.,32.4271239037828));
#16298=CARTESIAN_POINT('',(54.9571053506766,100.,16.0472933051743));
#16299=CARTESIAN_POINT('',(54.261334371749,100.,32.7835358376817));
#16300=CARTESIAN_POINT('',(87.2976973834708,100.,15.8605045722174));
#16301=CARTESIAN_POINT('',(54.261334371749,100.,32.0945866103487));
#16302=CARTESIAN_POINT('',(54.261334371749,100.,16.3917679188409));
#16303=CARTESIAN_POINT('',(53.8793425084983,100.,32.0945866103487));
#16304=CARTESIAN_POINT('',(87.1306671858745,100.,32.0945866103487));
#16305=CARTESIAN_POINT('',(53.8793425084983,100.,31.5864009852724));
#16306=CARTESIAN_POINT('',(53.8793425084982,100.,16.0472933051743));
#16307=CARTESIAN_POINT('',(54.261334371749,100.,31.5864009852724));
#16308=CARTESIAN_POINT('',(86.9396712542491,100.,31.5864009852724));
#16309=CARTESIAN_POINT('',(54.261334371749,100.,30.944773971589));
#16310=CARTESIAN_POINT('',(54.261334371749,100.,15.7932004926362));
#16311=CARTESIAN_POINT('',(54.2391650201712,100.,30.7916147704439));
#16312=CARTESIAN_POINT('Ctrl Pts',(54.261334371749,100.,30.944773971589));
#16313=CARTESIAN_POINT('Ctrl Pts',(54.2616958751549,100.,30.9123429405649));
#16314=CARTESIAN_POINT('Ctrl Pts',(54.2622802759902,100.,30.8599154355782));
#16315=CARTESIAN_POINT('Ctrl Pts',(54.2455472104047,100.,30.8104727853141));
#16316=CARTESIAN_POINT('Ctrl Pts',(54.2391650201712,100.,30.7916147704439));
#16317=CARTESIAN_POINT('',(54.1197924138938,100.,30.7337404485063));
#16318=CARTESIAN_POINT('Ctrl Pts',(54.2391650201712,100.,30.7916147704439));
#16319=CARTESIAN_POINT('Ctrl Pts',(54.2247517252901,100.,30.7747583952624));
#16320=CARTESIAN_POINT('Ctrl Pts',(54.1936681222091,100.,30.7384060636235));
#16321=CARTESIAN_POINT('Ctrl Pts',(54.1455815229546,100.,30.7353691578593));
#16322=CARTESIAN_POINT('Ctrl Pts',(54.1197924138938,100.,30.7337404485063));
#16323=CARTESIAN_POINT('',(53.9049224378501,100.,30.7779989834146));
#16324=CARTESIAN_POINT('Ctrl Pts',(54.1197924138938,100.,30.7337404485063));
#16325=CARTESIAN_POINT('Ctrl Pts',(54.0889174637094,100.,30.736505113799));
#16326=CARTESIAN_POINT('Ctrl Pts',(54.0157023462987,100.,30.7430610853163));
#16327=CARTESIAN_POINT('Ctrl Pts',(53.9455128778612,100.,30.7651975226016));
#16328=CARTESIAN_POINT('Ctrl Pts',(53.9049224378501,100.,30.7779989834146));
#16329=CARTESIAN_POINT('',(53.8537625791464,100.,30.2988834376649));
#16330=CARTESIAN_POINT('',(52.6527707300428,100.,19.0515133353006));
#16331=CARTESIAN_POINT('',(54.3346635820304,100.,30.2426083083467));
#16332=CARTESIAN_POINT('Ctrl Pts',(53.8537625791464,100.,30.2988834376649));
#16333=CARTESIAN_POINT('Ctrl Pts',(53.9364867846266,100.,30.2824781794532));
#16334=CARTESIAN_POINT('Ctrl Pts',(54.0953250020981,100.,30.2509785481617));
#16335=CARTESIAN_POINT('Ctrl Pts',(54.2571285887059,100.,30.2453198916124));
#16336=CARTESIAN_POINT('Ctrl Pts',(54.3346635820304,100.,30.2426083083467));
#16337=CARTESIAN_POINT('',(54.7166554452811,100.,30.3090358968095));
#16338=CARTESIAN_POINT('Ctrl Pts',(54.3346635820304,100.,30.2426083083467));
#16339=CARTESIAN_POINT('Ctrl Pts',(54.4106587962718,100.,30.243160560264));
#16340=CARTESIAN_POINT('Ctrl Pts',(54.5420765227962,100.,30.2441155637096));
#16341=CARTESIAN_POINT('Ctrl Pts',(54.6648700133124,100.,30.2897785463501));
#16342=CARTESIAN_POINT('Ctrl Pts',(54.7166554452811,100.,30.3090358968095));
#16343=CARTESIAN_POINT('',(54.8982719900046,100.,30.5108631844835));
#16344=CARTESIAN_POINT('Ctrl Pts',(54.7166554452811,100.,30.3090358968095));
#16345=CARTESIAN_POINT('Ctrl Pts',(54.7550620021097,100.,30.3343860506393));
#16346=CARTESIAN_POINT('Ctrl Pts',(54.8330597231976,100.,30.3858682555339));
#16347=CARTESIAN_POINT('Ctrl Pts',(54.8763155818011,100.,30.4687784691721));
#16348=CARTESIAN_POINT('Ctrl Pts',(54.8982719900046,100.,30.5108631844835));
#16349=CARTESIAN_POINT('',(54.9571053506766,100.,30.9494103188829));
#16350=CARTESIAN_POINT('Ctrl Pts',(54.8982719900046,100.,30.5108631844835));
#16351=CARTESIAN_POINT('Ctrl Pts',(54.9153006555532,100.,30.5696245878658));
#16352=CARTESIAN_POINT('Ctrl Pts',(54.9567083154736,100.,30.7125114277514));
#16353=CARTESIAN_POINT('Ctrl Pts',(54.9569582187228,100.,30.8616211343481));
#16354=CARTESIAN_POINT('Ctrl Pts',(54.9571053506766,100.,30.9494103188829));
#16355=CARTESIAN_POINT('',(54.9571053506766,100.,31.5864009852724));
#16356=CARTESIAN_POINT('',(54.9571053506766,100.,15.4747051594414));
#16357=CARTESIAN_POINT('',(55.2129034521018,100.,31.5864009852724));
#16358=CARTESIAN_POINT('',(87.4785526753383,100.,31.5864009852724));
#16359=CARTESIAN_POINT('',(55.2129034521018,100.,32.0945866103487));
#16360=CARTESIAN_POINT('',(55.2129034521018,100.,15.7932004926362));
#16361=CARTESIAN_POINT('',(87.6064517260509,100.,32.0945866103487));
#16362=CARTESIAN_POINT('',(62.9073093654547,100.,30.2835358376817));
#16363=CARTESIAN_POINT('',(63.6047856332694,100.,30.2835358376817));
#16364=CARTESIAN_POINT('',(91.4536546827274,100.,30.2835358376817));
#16365=CARTESIAN_POINT('',(63.6047856332694,100.,32.0945863123254));
#16366=CARTESIAN_POINT('',(63.6047856332694,100.,15.1417679188409));
#16367=CARTESIAN_POINT('',(62.9550586463843,100.,32.0945863123254));
#16368=CARTESIAN_POINT('',(91.8023928166347,100.,32.0945863123254));
#16369=CARTESIAN_POINT('',(62.9550586463843,100.,31.797860383542));
#16370=CARTESIAN_POINT('',(62.9550586463843,100.,16.0472931561627));
#16371=CARTESIAN_POINT('',(62.7615044834052,100.,32.063037871869));
#16372=CARTESIAN_POINT('Ctrl Pts',(62.9550586463843,100.,31.797860383542));
#16373=CARTESIAN_POINT('Ctrl Pts',(62.9266376076766,100.,31.8545995121306));
#16374=CARTESIAN_POINT('Ctrl Pts',(62.8768036475137,100.,31.9540869201327));
#16375=CARTESIAN_POINT('Ctrl Pts',(62.7961571150549,100.,32.0302931661498));
#16376=CARTESIAN_POINT('Ctrl Pts',(62.7615044834052,100.,32.063037871869));
#16377=CARTESIAN_POINT('',(62.5150857688819,100.,32.1355141396837));
#16378=CARTESIAN_POINT('Ctrl Pts',(62.7615044834052,100.,32.063037871869));
#16379=CARTESIAN_POINT('Ctrl Pts',(62.725251900291,100.,32.0841642000564));
#16380=CARTESIAN_POINT('Ctrl Pts',(62.649205976049,100.,32.1284802463858));
#16381=CARTESIAN_POINT('Ctrl Pts',(62.5611590164884,100.,32.133097842286));
#16382=CARTESIAN_POINT('Ctrl Pts',(62.5150857688819,100.,32.1355141396837));
#16383=CARTESIAN_POINT('',(62.1791378976737,100.,32.040016173871));
#16384=CARTESIAN_POINT('Ctrl Pts',(62.5150857688819,100.,32.1355141396837));
#16385=CARTESIAN_POINT('Ctrl Pts',(62.4607161057802,100.,32.1304510118749));
#16386=CARTESIAN_POINT('Ctrl Pts',(62.3430077649744,100.,32.119489524537));
#16387=CARTESIAN_POINT('Ctrl Pts',(62.2364672080142,100.,32.0678196526873));
#16388=CARTESIAN_POINT('Ctrl Pts',(62.1791378976737,100.,32.040016173871));
#16389=CARTESIAN_POINT('',(62.3940078737174,100.,31.5454731579141));
#16390=CARTESIAN_POINT('',(72.6251520579867,100.,7.99755364518916));
#16391=CARTESIAN_POINT('',(62.5884143831168,100.,31.5966327185945));
#16392=CARTESIAN_POINT('Ctrl Pts',(62.3940078737174,100.,31.5454731579141));
#16393=CARTESIAN_POINT('Ctrl Pts',(62.4301735281256,100.,31.5602748999866));
#16394=CARTESIAN_POINT('Ctrl Pts',(62.4928445722139,100.,31.5859246675681));
#16395=CARTESIAN_POINT('Ctrl Pts',(62.5600087273556,100.,31.5934500272357));
#16396=CARTESIAN_POINT('Ctrl Pts',(62.5884143831168,100.,31.5966327185945));
#16397=CARTESIAN_POINT('',(62.7998743774329,100.,31.4840815658884));
#16398=CARTESIAN_POINT('Ctrl Pts',(62.5884143831168,100.,31.5966327185945));
#16399=CARTESIAN_POINT('Ctrl Pts',(62.6312995379729,100.,31.5919912774651));
#16400=CARTESIAN_POINT('Ctrl Pts',(62.7168514160787,100.,31.5827320359613));
#16401=CARTESIAN_POINT('Ctrl Pts',(62.7722472026078,100.,31.5169090360102));
#16402=CARTESIAN_POINT('Ctrl Pts',(62.7998743774329,100.,31.4840815658884));
#16403=CARTESIAN_POINT('',(62.9073093654547,100.,30.8906300063447));
#16404=CARTESIAN_POINT('Ctrl Pts',(62.7998743774329,100.,31.4840815658884));
#16405=CARTESIAN_POINT('Ctrl Pts',(62.8308945461099,100.,31.4090676171072));
#16406=CARTESIAN_POINT('Ctrl Pts',(62.9090265698201,100.,31.2201262968398));
#16407=CARTESIAN_POINT('Ctrl Pts',(62.9079553106613,100.,31.0145736403771));
#16408=CARTESIAN_POINT('Ctrl Pts',(62.9073093654547,100.,30.8906300063447));
#16409=CARTESIAN_POINT('',(62.9073093654547,100.,15.4453150031724));
#16410=CARTESIAN_POINT('Origin',(45.0000006705523,100.,18.0000002682209));
#16411=CARTESIAN_POINT('',(35.0000005215406,97.5,18.0000002682209));
#16412=CARTESIAN_POINT('',(45.0000006705523,97.5,18.0000002682209));
#16413=CARTESIAN_POINT('',(82.5000003352761,97.5,18.0000002682209));
#16414=CARTESIAN_POINT('',(35.0000005215406,100.,18.0000002682209));
#16415=CARTESIAN_POINT('',(45.0000006705523,100.,18.0000002682209));
#16416=CARTESIAN_POINT('Origin',(45.0000006705523,100.,12.0000001788139));
#16417=CARTESIAN_POINT('',(45.0000006705523,97.5,12.0000001788139));
#16418=CARTESIAN_POINT('',(45.0000006705523,97.5,6.00000008940697));
#16419=CARTESIAN_POINT('',(45.0000006705523,100.,12.0000001788139));
#16420=CARTESIAN_POINT('Origin',(35.0000005215406,100.,12.0000001788139));
#16421=CARTESIAN_POINT('',(35.0000005215406,97.5,12.0000001788139));
#16422=CARTESIAN_POINT('',(77.5000002607703,97.5,12.0000001788139));
#16423=CARTESIAN_POINT('',(35.0000005215406,100.,12.0000001788139));
#16424=CARTESIAN_POINT('Origin',(35.0000005215406,100.,18.0000002682209));
#16425=CARTESIAN_POINT('',(35.0000005215406,97.5,9.00000013411045));
#16426=CARTESIAN_POINT('Origin',(115.,5.,0.));
#16427=CARTESIAN_POINT('',(115.,95.,2.5));
#16428=CARTESIAN_POINT('',(115.,5.,2.5));
#16429=CARTESIAN_POINT('',(115.,27.5,2.5));
#16430=CARTESIAN_POINT('',(115.,95.,0.));
#16431=CARTESIAN_POINT('',(115.,5.,0.));
#16432=CARTESIAN_POINT('Origin',(5.,5.,0.));
#16433=CARTESIAN_POINT('',(5.,5.,2.5));
#16434=CARTESIAN_POINT('',(32.5,5.,2.5));
#16435=CARTESIAN_POINT('',(5.,5.,0.));
#16436=CARTESIAN_POINT('Origin',(5.,95.,0.));
#16437=CARTESIAN_POINT('',(5.,95.,2.5));
#16438=CARTESIAN_POINT('',(5.,72.5,2.5));
#16439=CARTESIAN_POINT('',(5.,95.,0.));
#16440=CARTESIAN_POINT('Origin',(115.,95.,0.));
#16441=CARTESIAN_POINT('',(87.5,95.,2.5));
#16442=CARTESIAN_POINT('Ctrl Pts',(62.5150857688819,100.,32.1355141396837));
#16443=CARTESIAN_POINT('Ctrl Pts',(62.5150857688819,89.,32.1355141396837));
#16444=CARTESIAN_POINT('Ctrl Pts',(62.4607161057802,100.,32.1304510118749));
#16445=CARTESIAN_POINT('Ctrl Pts',(62.4607161057802,89.,32.1304510118749));
#16446=CARTESIAN_POINT('Ctrl Pts',(62.3430077649744,100.,32.119489524537));
#16447=CARTESIAN_POINT('Ctrl Pts',(62.3430077649744,89.,32.119489524537));
#16448=CARTESIAN_POINT('Ctrl Pts',(62.2364672080142,100.,32.0678196526873));
#16449=CARTESIAN_POINT('Ctrl Pts',(62.2364672080142,89.,32.0678196526873));
#16450=CARTESIAN_POINT('Ctrl Pts',(62.1791378976737,100.,32.040016173871));
#16451=CARTESIAN_POINT('Ctrl Pts',(62.1791378976737,89.,32.040016173871));
#16452=CARTESIAN_POINT('',(62.1791378976737,97.5,32.040016173871));
#16453=CARTESIAN_POINT('',(62.5150857688819,97.5,32.1355141396837));
#16454=CARTESIAN_POINT('Ctrl Pts',(62.1791378976737,97.5,32.040016173871));
#16455=CARTESIAN_POINT('Ctrl Pts',(62.2364672080142,97.5,32.0678196526873));
#16456=CARTESIAN_POINT('Ctrl Pts',(62.2937965183546,97.5,32.0956231315036));
#16457=CARTESIAN_POINT('Ctrl Pts',(62.3543594600592,97.5,32.1116394992189));
#16458=CARTESIAN_POINT('Ctrl Pts',(62.4063464426785,97.5,32.1253878840662));
#16459=CARTESIAN_POINT('Ctrl Pts',(62.4607161057802,97.5,32.1304510118749));
#16460=CARTESIAN_POINT('Ctrl Pts',(62.5150857688819,97.5,32.1355141396837));
#16461=CARTESIAN_POINT('',(62.1791378976737,100.,32.040016173871));
#16462=CARTESIAN_POINT('',(62.5150857688819,100.,32.1355141396837));
#16463=CARTESIAN_POINT('Ctrl Pts',(62.7615044834052,100.,32.063037871869));
#16464=CARTESIAN_POINT('Ctrl Pts',(62.7615044834052,89.,32.063037871869));
#16465=CARTESIAN_POINT('Ctrl Pts',(62.725251900291,100.,32.0841642000564));
#16466=CARTESIAN_POINT('Ctrl Pts',(62.725251900291,89.,32.0841642000564));
#16467=CARTESIAN_POINT('Ctrl Pts',(62.649205976049,100.,32.1284802463858));
#16468=CARTESIAN_POINT('Ctrl Pts',(62.649205976049,89.,32.1284802463858));
#16469=CARTESIAN_POINT('Ctrl Pts',(62.5611590164884,100.,32.133097842286));
#16470=CARTESIAN_POINT('Ctrl Pts',(62.5611590164884,89.,32.133097842286));
#16471=CARTESIAN_POINT('Ctrl Pts',(62.5150857688819,100.,32.1355141396837));
#16472=CARTESIAN_POINT('Ctrl Pts',(62.5150857688819,89.,32.1355141396837));
#16473=CARTESIAN_POINT('',(62.7615044834052,97.5,32.063037871869));
#16474=CARTESIAN_POINT('Ctrl Pts',(62.5150857688819,97.5,32.1355141396837));
#16475=CARTESIAN_POINT('Ctrl Pts',(62.5611590164884,97.5,32.133097842286));
#16476=CARTESIAN_POINT('Ctrl Pts',(62.6072322640949,97.5,32.1306815448884));
#16477=CARTESIAN_POINT('Ctrl Pts',(62.6500193597708,97.5,32.1173949237184));
#16478=CARTESIAN_POINT('Ctrl Pts',(62.6889993171769,97.5,32.1052905282437));
#16479=CARTESIAN_POINT('Ctrl Pts',(62.725251900291,97.5,32.0841642000564));
#16480=CARTESIAN_POINT('Ctrl Pts',(62.7615044834052,97.5,32.063037871869));
#16481=CARTESIAN_POINT('',(62.7615044834052,100.,32.063037871869));
#16482=CARTESIAN_POINT('Ctrl Pts',(62.9550586463843,100.,31.797860383542));
#16483=CARTESIAN_POINT('Ctrl Pts',(62.9550586463843,89.,31.797860383542));
#16484=CARTESIAN_POINT('Ctrl Pts',(62.9266376076766,100.,31.8545995121306));
#16485=CARTESIAN_POINT('Ctrl Pts',(62.9266376076766,89.,31.8545995121306));
#16486=CARTESIAN_POINT('Ctrl Pts',(62.8768036475137,100.,31.9540869201327));
#16487=CARTESIAN_POINT('Ctrl Pts',(62.8768036475137,89.,31.9540869201327));
#16488=CARTESIAN_POINT('Ctrl Pts',(62.7961571150549,100.,32.0302931661498));
#16489=CARTESIAN_POINT('Ctrl Pts',(62.7961571150549,89.,32.0302931661498));
#16490=CARTESIAN_POINT('Ctrl Pts',(62.7615044834052,100.,32.063037871869));
#16491=CARTESIAN_POINT('Ctrl Pts',(62.7615044834052,89.,32.063037871869));
#16492=CARTESIAN_POINT('',(62.9550586463843,97.5,31.797860383542));
#16493=CARTESIAN_POINT('Ctrl Pts',(62.7615044834052,97.5,32.063037871869));
#16494=CARTESIAN_POINT('Ctrl Pts',(62.7961571150549,97.5,32.0302931661498));
#16495=CARTESIAN_POINT('Ctrl Pts',(62.8308097467046,97.5,31.9975484604306));
#16496=CARTESIAN_POINT('Ctrl Pts',(62.8597734691535,97.5,31.96050536588));
#16497=CARTESIAN_POINT('Ctrl Pts',(62.8982165689688,97.5,31.9113386407191));
#16498=CARTESIAN_POINT('Ctrl Pts',(62.9266376076766,97.5,31.8545995121306));
#16499=CARTESIAN_POINT('Ctrl Pts',(62.9550586463843,97.5,31.797860383542));
#16500=CARTESIAN_POINT('',(62.9550586463843,100.,31.797860383542));
#16501=CARTESIAN_POINT('Origin',(62.9550586463843,100.,32.0945863123254));
#16502=CARTESIAN_POINT('',(62.9550586463843,97.5,32.0945863123254));
#16503=CARTESIAN_POINT('',(62.9550586463843,97.5,16.0472931561627));
#16504=CARTESIAN_POINT('',(62.9550586463843,100.,32.0945863123254));
#16505=CARTESIAN_POINT('Origin',(63.6047856332694,100.,32.0945863123254));
#16506=CARTESIAN_POINT('',(63.6047856332694,97.5,32.0945863123254));
#16507=CARTESIAN_POINT('',(91.8023928166347,97.5,32.0945863123254));
#16508=CARTESIAN_POINT('',(63.6047856332694,100.,32.0945863123254));
#16509=CARTESIAN_POINT('Origin',(63.6047856332694,100.,30.2835358376817));
#16510=CARTESIAN_POINT('',(63.6047856332694,97.5,30.2835358376817));
#16511=CARTESIAN_POINT('',(63.6047856332694,97.5,15.1417679188409));
#16512=CARTESIAN_POINT('',(63.6047856332694,100.,30.2835358376817));
#16513=CARTESIAN_POINT('Origin',(62.9073093654547,100.,30.2835358376817));
#16514=CARTESIAN_POINT('',(62.9073093654547,97.5,30.2835358376817));
#16515=CARTESIAN_POINT('',(91.4536546827274,97.5,30.2835358376817));
#16516=CARTESIAN_POINT('',(62.9073093654547,100.,30.2835358376817));
#16517=CARTESIAN_POINT('Origin',(62.9073093654547,100.,30.8906300063447));
#16518=CARTESIAN_POINT('',(62.9073093654547,97.5,30.8906300063447));
#16519=CARTESIAN_POINT('',(62.9073093654547,97.5,15.4453150031724));
#16520=CARTESIAN_POINT('',(62.9073093654547,100.,30.8906300063447));
#16521=CARTESIAN_POINT('Ctrl Pts',(62.7998743774329,100.,31.4840815658884));
#16522=CARTESIAN_POINT('Ctrl Pts',(62.7998743774329,89.,31.4840815658884));
#16523=CARTESIAN_POINT('Ctrl Pts',(62.8308945461099,100.,31.4090676171072));
#16524=CARTESIAN_POINT('Ctrl Pts',(62.8308945461099,89.,31.4090676171072));
#16525=CARTESIAN_POINT('Ctrl Pts',(62.9090265698201,100.,31.2201262968398));
#16526=CARTESIAN_POINT('Ctrl Pts',(62.9090265698201,89.,31.2201262968398));
#16527=CARTESIAN_POINT('Ctrl Pts',(62.9079553106613,100.,31.0145736403771));
#16528=CARTESIAN_POINT('Ctrl Pts',(62.9079553106613,89.,31.0145736403771));
#16529=CARTESIAN_POINT('Ctrl Pts',(62.9073093654547,100.,30.8906300063447));
#16530=CARTESIAN_POINT('Ctrl Pts',(62.9073093654547,89.,30.8906300063447));
#16531=CARTESIAN_POINT('',(62.7998743774329,97.5,31.4840815658884));
#16532=CARTESIAN_POINT('Ctrl Pts',(62.9073093654547,97.5,30.8906300063447));
#16533=CARTESIAN_POINT('Ctrl Pts',(62.9079553106613,97.5,31.0145736403771));
#16534=CARTESIAN_POINT('Ctrl Pts',(62.9086012558678,97.5,31.1385172744095));
#16535=CARTESIAN_POINT('Ctrl Pts',(62.880450320426,97.5,31.2564213271455));
#16536=CARTESIAN_POINT('Ctrl Pts',(62.861914714787,97.5,31.3340536683261));
#16537=CARTESIAN_POINT('Ctrl Pts',(62.8308945461099,97.5,31.4090676171072));
#16538=CARTESIAN_POINT('Ctrl Pts',(62.7998743774329,97.5,31.4840815658884));
#16539=CARTESIAN_POINT('',(62.7998743774329,100.,31.4840815658884));
#16540=CARTESIAN_POINT('Ctrl Pts',(62.5884143831168,100.,31.5966327185945));
#16541=CARTESIAN_POINT('Ctrl Pts',(62.5884143831168,89.,31.5966327185945));
#16542=CARTESIAN_POINT('Ctrl Pts',(62.6312995379729,100.,31.5919912774651));
#16543=CARTESIAN_POINT('Ctrl Pts',(62.6312995379729,89.,31.5919912774651));
#16544=CARTESIAN_POINT('Ctrl Pts',(62.7168514160787,100.,31.5827320359613));
#16545=CARTESIAN_POINT('Ctrl Pts',(62.7168514160787,89.,31.5827320359613));
#16546=CARTESIAN_POINT('Ctrl Pts',(62.7722472026078,100.,31.5169090360102));
#16547=CARTESIAN_POINT('Ctrl Pts',(62.7722472026078,89.,31.5169090360102));
#16548=CARTESIAN_POINT('Ctrl Pts',(62.7998743774329,100.,31.4840815658884));
#16549=CARTESIAN_POINT('Ctrl Pts',(62.7998743774329,89.,31.4840815658884));
#16550=CARTESIAN_POINT('',(62.5884143831168,97.5,31.5966327185945));
#16551=CARTESIAN_POINT('Ctrl Pts',(62.7998743774329,97.5,31.4840815658884));
#16552=CARTESIAN_POINT('Ctrl Pts',(62.7722472026078,97.5,31.5169090360102));
#16553=CARTESIAN_POINT('Ctrl Pts',(62.7446200277828,97.5,31.549736506132));
#16554=CARTESIAN_POINT('Ctrl Pts',(62.7094922782813,97.5,31.5684951539354));
#16555=CARTESIAN_POINT('Ctrl Pts',(62.6741846928289,97.5,31.5873498363357));
#16556=CARTESIAN_POINT('Ctrl Pts',(62.6312995379729,97.5,31.5919912774651));
#16557=CARTESIAN_POINT('Ctrl Pts',(62.5884143831168,97.5,31.5966327185945));
#16558=CARTESIAN_POINT('',(62.5884143831168,100.,31.5966327185945));
#16559=CARTESIAN_POINT('Ctrl Pts',(62.3940078737174,100.,31.5454731579141));
#16560=CARTESIAN_POINT('Ctrl Pts',(62.3940078737174,89.,31.5454731579141));
#16561=CARTESIAN_POINT('Ctrl Pts',(62.4301735281256,100.,31.5602748999866));
#16562=CARTESIAN_POINT('Ctrl Pts',(62.4301735281256,89.,31.5602748999866));
#16563=CARTESIAN_POINT('Ctrl Pts',(62.4928445722139,100.,31.5859246675681));
#16564=CARTESIAN_POINT('Ctrl Pts',(62.4928445722139,89.,31.5859246675681));
#16565=CARTESIAN_POINT('Ctrl Pts',(62.5600087273556,100.,31.5934500272357));
#16566=CARTESIAN_POINT('Ctrl Pts',(62.5600087273556,89.,31.5934500272357));
#16567=CARTESIAN_POINT('Ctrl Pts',(62.5884143831168,100.,31.5966327185945));
#16568=CARTESIAN_POINT('Ctrl Pts',(62.5884143831168,89.,31.5966327185945));
#16569=CARTESIAN_POINT('',(62.3940078737174,97.5,31.5454731579141));
#16570=CARTESIAN_POINT('Ctrl Pts',(62.5884143831168,97.5,31.5966327185945));
#16571=CARTESIAN_POINT('Ctrl Pts',(62.5600087273556,97.5,31.5934500272357));
#16572=CARTESIAN_POINT('Ctrl Pts',(62.5316030715945,97.5,31.5902673358768));
#16573=CARTESIAN_POINT('Ctrl Pts',(62.504001093093,97.5,31.5838427539186));
#16574=CARTESIAN_POINT('Ctrl Pts',(62.4663391825338,97.5,31.575076642059));
#16575=CARTESIAN_POINT('Ctrl Pts',(62.4301735281256,97.5,31.5602748999866));
#16576=CARTESIAN_POINT('Ctrl Pts',(62.3940078737174,97.5,31.5454731579141));
#16577=CARTESIAN_POINT('',(62.3940078737174,100.,31.5454731579141));
#16578=CARTESIAN_POINT('Origin',(62.1791378976737,100.,32.040016173871));
#16579=CARTESIAN_POINT('',(72.6251520579867,97.5,7.99755364518916));
#16580=CARTESIAN_POINT('Ctrl Pts',(54.1197924138938,100.,30.7337404485063));
#16581=CARTESIAN_POINT('Ctrl Pts',(54.1197924138938,89.,30.7337404485063));
#16582=CARTESIAN_POINT('Ctrl Pts',(54.0889174637094,100.,30.736505113799));
#16583=CARTESIAN_POINT('Ctrl Pts',(54.0889174637094,89.,30.736505113799));
#16584=CARTESIAN_POINT('Ctrl Pts',(54.0157023462987,100.,30.7430610853163));
#16585=CARTESIAN_POINT('Ctrl Pts',(54.0157023462987,89.,30.7430610853163));
#16586=CARTESIAN_POINT('Ctrl Pts',(53.9455128778612,100.,30.7651975226016));
#16587=CARTESIAN_POINT('Ctrl Pts',(53.9455128778612,89.,30.7651975226016));
#16588=CARTESIAN_POINT('Ctrl Pts',(53.9049224378501,100.,30.7779989834146));
#16589=CARTESIAN_POINT('Ctrl Pts',(53.9049224378501,89.,30.7779989834146));
#16590=CARTESIAN_POINT('',(53.9049224378501,97.5,30.7779989834146));
#16591=CARTESIAN_POINT('',(54.1197924138938,97.5,30.7337404485063));
#16592=CARTESIAN_POINT('Ctrl Pts',(53.9049224378501,97.5,30.7779989834146));
#16593=CARTESIAN_POINT('Ctrl Pts',(53.9455128778612,97.5,30.7651975226016));
#16594=CARTESIAN_POINT('Ctrl Pts',(53.9861033178723,97.5,30.7523960617886));
#16595=CARTESIAN_POINT('Ctrl Pts',(54.0277056219016,97.5,30.7448051567392));
#16596=CARTESIAN_POINT('Ctrl Pts',(54.058042513525,97.5,30.7392697790917));
#16597=CARTESIAN_POINT('Ctrl Pts',(54.0889174637094,97.5,30.736505113799));
#16598=CARTESIAN_POINT('Ctrl Pts',(54.1197924138938,97.5,30.7337404485063));
#16599=CARTESIAN_POINT('',(53.9049224378501,100.,30.7779989834146));
#16600=CARTESIAN_POINT('',(54.1197924138938,100.,30.7337404485063));
#16601=CARTESIAN_POINT('Ctrl Pts',(54.2391650201712,100.,30.7916147704439));
#16602=CARTESIAN_POINT('Ctrl Pts',(54.2391650201712,89.,30.7916147704439));
#16603=CARTESIAN_POINT('Ctrl Pts',(54.2247517252901,100.,30.7747583952624));
#16604=CARTESIAN_POINT('Ctrl Pts',(54.2247517252901,89.,30.7747583952624));
#16605=CARTESIAN_POINT('Ctrl Pts',(54.1936681222091,100.,30.7384060636235));
#16606=CARTESIAN_POINT('Ctrl Pts',(54.1936681222091,89.,30.7384060636235));
#16607=CARTESIAN_POINT('Ctrl Pts',(54.1455815229546,100.,30.7353691578593));
#16608=CARTESIAN_POINT('Ctrl Pts',(54.1455815229546,89.,30.7353691578593));
#16609=CARTESIAN_POINT('Ctrl Pts',(54.1197924138938,100.,30.7337404485063));
#16610=CARTESIAN_POINT('Ctrl Pts',(54.1197924138938,89.,30.7337404485063));
#16611=CARTESIAN_POINT('',(54.2391650201712,97.5,30.7916147704439));
#16612=CARTESIAN_POINT('Ctrl Pts',(54.1197924138938,97.5,30.7337404485063));
#16613=CARTESIAN_POINT('Ctrl Pts',(54.1455815229546,97.5,30.7353691578593));
#16614=CARTESIAN_POINT('Ctrl Pts',(54.1713706320154,97.5,30.7369978672123));
#16615=CARTESIAN_POINT('Ctrl Pts',(54.1922692777548,97.5,30.7482088799791));
#16616=CARTESIAN_POINT('Ctrl Pts',(54.210338430409,97.5,30.7579020200809));
#16617=CARTESIAN_POINT('Ctrl Pts',(54.2247517252901,97.5,30.7747583952624));
#16618=CARTESIAN_POINT('Ctrl Pts',(54.2391650201712,97.5,30.7916147704439));
#16619=CARTESIAN_POINT('',(54.2391650201712,100.,30.7916147704439));
#16620=CARTESIAN_POINT('Ctrl Pts',(54.261334371749,100.,30.944773971589));
#16621=CARTESIAN_POINT('Ctrl Pts',(54.261334371749,89.,30.944773971589));
#16622=CARTESIAN_POINT('Ctrl Pts',(54.2616958751549,100.,30.9123429405649));
#16623=CARTESIAN_POINT('Ctrl Pts',(54.2616958751549,89.,30.9123429405649));
#16624=CARTESIAN_POINT('Ctrl Pts',(54.2622802759902,100.,30.8599154355782));
#16625=CARTESIAN_POINT('Ctrl Pts',(54.2622802759902,89.,30.8599154355782));
#16626=CARTESIAN_POINT('Ctrl Pts',(54.2455472104047,100.,30.8104727853141));
#16627=CARTESIAN_POINT('Ctrl Pts',(54.2455472104047,89.,30.8104727853141));
#16628=CARTESIAN_POINT('Ctrl Pts',(54.2391650201712,100.,30.7916147704439));
#16629=CARTESIAN_POINT('Ctrl Pts',(54.2391650201712,89.,30.7916147704439));
#16630=CARTESIAN_POINT('',(54.261334371749,97.5,30.944773971589));
#16631=CARTESIAN_POINT('Ctrl Pts',(54.2391650201712,97.5,30.7916147704439));
#16632=CARTESIAN_POINT('Ctrl Pts',(54.2455472104047,97.5,30.8104727853141));
#16633=CARTESIAN_POINT('Ctrl Pts',(54.2519294006382,97.5,30.8293308001843));
#16634=CARTESIAN_POINT('Ctrl Pts',(54.2557923318778,97.5,30.8486230368928));
#16635=CARTESIAN_POINT('Ctrl Pts',(54.2620573785609,97.5,30.8799119095407));
#16636=CARTESIAN_POINT('Ctrl Pts',(54.2616958751549,97.5,30.9123429405649));
#16637=CARTESIAN_POINT('Ctrl Pts',(54.261334371749,97.5,30.944773971589));
#16638=CARTESIAN_POINT('',(54.261334371749,100.,30.944773971589));
#16639=CARTESIAN_POINT('Origin',(54.261334371749,100.,31.5864009852724));
#16640=CARTESIAN_POINT('',(54.261334371749,97.5,31.5864009852724));
#16641=CARTESIAN_POINT('',(54.261334371749,97.5,15.7932004926362));
#16642=CARTESIAN_POINT('',(54.261334371749,100.,31.5864009852724));
#16643=CARTESIAN_POINT('Origin',(53.8793425084983,100.,31.5864009852724));
#16644=CARTESIAN_POINT('',(53.8793425084983,97.5,31.5864009852724));
#16645=CARTESIAN_POINT('',(86.9396712542491,97.5,31.5864009852724));
#16646=CARTESIAN_POINT('',(53.8793425084983,100.,31.5864009852724));
#16647=CARTESIAN_POINT('Origin',(53.8793425084983,100.,32.0945866103487));
#16648=CARTESIAN_POINT('',(53.8793425084983,97.5,32.0945866103487));
#16649=CARTESIAN_POINT('',(53.8793425084982,97.5,16.0472933051743));
#16650=CARTESIAN_POINT('',(53.8793425084983,100.,32.0945866103487));
#16651=CARTESIAN_POINT('Origin',(54.261334371749,100.,32.0945866103487));
#16652=CARTESIAN_POINT('',(54.261334371749,97.5,32.0945866103487));
#16653=CARTESIAN_POINT('',(87.1306671858745,97.5,32.0945866103487));
#16654=CARTESIAN_POINT('',(54.261334371749,100.,32.0945866103487));
#16655=CARTESIAN_POINT('Origin',(54.261334371749,100.,32.7835358376817));
#16656=CARTESIAN_POINT('',(54.261334371749,97.5,32.7835358376817));
#16657=CARTESIAN_POINT('',(54.261334371749,97.5,16.3917679188409));
#16658=CARTESIAN_POINT('',(54.261334371749,100.,32.7835358376817));
#16659=CARTESIAN_POINT('Origin',(54.9571053506766,100.,32.4271239037828));
#16660=CARTESIAN_POINT('',(54.9571053506766,97.5,32.4271239037828));
#16661=CARTESIAN_POINT('',(87.2976973834708,97.5,15.8605045722174));
#16662=CARTESIAN_POINT('',(54.9571053506766,100.,32.4271239037828));
#16663=CARTESIAN_POINT('Origin',(54.9571053506766,100.,32.0945866103487));
#16664=CARTESIAN_POINT('',(54.9571053506766,97.5,32.0945866103487));
#16665=CARTESIAN_POINT('',(54.9571053506766,97.5,16.0472933051743));
#16666=CARTESIAN_POINT('',(54.9571053506766,100.,32.0945866103487));
#16667=CARTESIAN_POINT('Origin',(55.2129034521018,100.,32.0945866103487));
#16668=CARTESIAN_POINT('',(55.2129034521018,97.5,32.0945866103487));
#16669=CARTESIAN_POINT('',(87.6064517260509,97.5,32.0945866103487));
#16670=CARTESIAN_POINT('',(55.2129034521018,100.,32.0945866103487));
#16671=CARTESIAN_POINT('Origin',(55.2129034521018,100.,31.5864009852724));
#16672=CARTESIAN_POINT('',(55.2129034521018,97.5,31.5864009852724));
#16673=CARTESIAN_POINT('',(55.2129034521018,97.5,15.7932004926362));
#16674=CARTESIAN_POINT('',(55.2129034521018,100.,31.5864009852724));
#16675=CARTESIAN_POINT('Origin',(54.9571053506766,100.,31.5864009852724));
#16676=CARTESIAN_POINT('',(54.9571053506766,97.5,31.5864009852724));
#16677=CARTESIAN_POINT('',(87.4785526753383,97.5,31.5864009852724));
#16678=CARTESIAN_POINT('',(54.9571053506766,100.,31.5864009852724));
#16679=CARTESIAN_POINT('Origin',(54.9571053506766,100.,30.9494103188829));
#16680=CARTESIAN_POINT('',(54.9571053506766,97.5,30.9494103188829));
#16681=CARTESIAN_POINT('',(54.9571053506766,97.5,15.4747051594414));
#16682=CARTESIAN_POINT('',(54.9571053506766,100.,30.9494103188829));
#16683=CARTESIAN_POINT('Ctrl Pts',(54.8982719900046,100.,30.5108631844835));
#16684=CARTESIAN_POINT('Ctrl Pts',(54.8982719900046,89.,30.5108631844835));
#16685=CARTESIAN_POINT('Ctrl Pts',(54.9153006555532,100.,30.5696245878658));
#16686=CARTESIAN_POINT('Ctrl Pts',(54.9153006555532,89.,30.5696245878658));
#16687=CARTESIAN_POINT('Ctrl Pts',(54.9567083154736,100.,30.7125114277514));
#16688=CARTESIAN_POINT('Ctrl Pts',(54.9567083154736,89.,30.7125114277514));
#16689=CARTESIAN_POINT('Ctrl Pts',(54.9569582187228,100.,30.8616211343481));
#16690=CARTESIAN_POINT('Ctrl Pts',(54.9569582187228,89.,30.8616211343481));
#16691=CARTESIAN_POINT('Ctrl Pts',(54.9571053506766,100.,30.9494103188829));
#16692=CARTESIAN_POINT('Ctrl Pts',(54.9571053506766,89.,30.9494103188829));
#16693=CARTESIAN_POINT('',(54.8982719900046,97.5,30.5108631844835));
#16694=CARTESIAN_POINT('Ctrl Pts',(54.9571053506766,97.5,30.9494103188829));
#16695=CARTESIAN_POINT('Ctrl Pts',(54.9569582187228,97.5,30.8616211343481));
#16696=CARTESIAN_POINT('Ctrl Pts',(54.9568110867691,97.5,30.7738319498133));
#16697=CARTESIAN_POINT('Ctrl Pts',(54.9423973085318,97.5,30.6881998176889));
#16698=CARTESIAN_POINT('Ctrl Pts',(54.9323293211018,97.5,30.6283859912482));
#16699=CARTESIAN_POINT('Ctrl Pts',(54.9153006555532,97.5,30.5696245878658));
#16700=CARTESIAN_POINT('Ctrl Pts',(54.8982719900046,97.5,30.5108631844835));
#16701=CARTESIAN_POINT('',(54.8982719900046,100.,30.5108631844835));
#16702=CARTESIAN_POINT('Ctrl Pts',(54.7166554452811,100.,30.3090358968095));
#16703=CARTESIAN_POINT('Ctrl Pts',(54.7166554452811,89.,30.3090358968095));
#16704=CARTESIAN_POINT('Ctrl Pts',(54.7550620021097,100.,30.3343860506393));
#16705=CARTESIAN_POINT('Ctrl Pts',(54.7550620021097,89.,30.3343860506393));
#16706=CARTESIAN_POINT('Ctrl Pts',(54.8330597231976,100.,30.3858682555339));
#16707=CARTESIAN_POINT('Ctrl Pts',(54.8330597231976,89.,30.3858682555339));
#16708=CARTESIAN_POINT('Ctrl Pts',(54.8763155818011,100.,30.4687784691721));
#16709=CARTESIAN_POINT('Ctrl Pts',(54.8763155818011,89.,30.4687784691721));
#16710=CARTESIAN_POINT('Ctrl Pts',(54.8982719900046,100.,30.5108631844835));
#16711=CARTESIAN_POINT('Ctrl Pts',(54.8982719900046,89.,30.5108631844835));
#16712=CARTESIAN_POINT('',(54.7166554452811,97.5,30.3090358968095));
#16713=CARTESIAN_POINT('Ctrl Pts',(54.8982719900046,97.5,30.5108631844835));
#16714=CARTESIAN_POINT('Ctrl Pts',(54.8763155818011,97.5,30.4687784691721));
#16715=CARTESIAN_POINT('Ctrl Pts',(54.8543591735976,97.5,30.4266937538607));
#16716=CARTESIAN_POINT('Ctrl Pts',(54.8234514715109,97.5,30.3927065129594));
#16717=CARTESIAN_POINT('Ctrl Pts',(54.7934685589383,97.5,30.359736204469));
#16718=CARTESIAN_POINT('Ctrl Pts',(54.7550620021097,97.5,30.3343860506393));
#16719=CARTESIAN_POINT('Ctrl Pts',(54.7166554452811,97.5,30.3090358968095));
#16720=CARTESIAN_POINT('',(54.7166554452811,100.,30.3090358968095));
#16721=CARTESIAN_POINT('Ctrl Pts',(54.3346635820304,100.,30.2426083083467));
#16722=CARTESIAN_POINT('Ctrl Pts',(54.3346635820304,89.,30.2426083083467));
#16723=CARTESIAN_POINT('Ctrl Pts',(54.4106587962718,100.,30.243160560264));
#16724=CARTESIAN_POINT('Ctrl Pts',(54.4106587962718,89.,30.243160560264));
#16725=CARTESIAN_POINT('Ctrl Pts',(54.5420765227962,100.,30.2441155637096));
#16726=CARTESIAN_POINT('Ctrl Pts',(54.5420765227962,89.,30.2441155637096));
#16727=CARTESIAN_POINT('Ctrl Pts',(54.6648700133124,100.,30.2897785463501));
#16728=CARTESIAN_POINT('Ctrl Pts',(54.6648700133124,89.,30.2897785463501));
#16729=CARTESIAN_POINT('Ctrl Pts',(54.7166554452811,100.,30.3090358968095));
#16730=CARTESIAN_POINT('Ctrl Pts',(54.7166554452811,89.,30.3090358968095));
#16731=CARTESIAN_POINT('',(54.3346635820304,97.5,30.2426083083467));
#16732=CARTESIAN_POINT('Ctrl Pts',(54.7166554452811,97.5,30.3090358968095));
#16733=CARTESIAN_POINT('Ctrl Pts',(54.6648700133124,97.5,30.2897785463501));
#16734=CARTESIAN_POINT('Ctrl Pts',(54.6130845813437,97.5,30.2705211958906));
#16735=CARTESIAN_POINT('Ctrl Pts',(54.5597652913962,97.5,30.259215354474));
#16736=CARTESIAN_POINT('Ctrl Pts',(54.4866540105132,97.5,30.2437128121814));
#16737=CARTESIAN_POINT('Ctrl Pts',(54.4106587962718,97.5,30.243160560264));
#16738=CARTESIAN_POINT('Ctrl Pts',(54.3346635820304,97.5,30.2426083083467));
#16739=CARTESIAN_POINT('',(54.3346635820304,100.,30.2426083083467));
#16740=CARTESIAN_POINT('Ctrl Pts',(53.8537625791464,100.,30.2988834376649));
#16741=CARTESIAN_POINT('Ctrl Pts',(53.8537625791464,89.,30.2988834376649));
#16742=CARTESIAN_POINT('Ctrl Pts',(53.9364867846266,100.,30.2824781794532));
#16743=CARTESIAN_POINT('Ctrl Pts',(53.9364867846266,89.,30.2824781794532));
#16744=CARTESIAN_POINT('Ctrl Pts',(54.0953250020981,100.,30.2509785481617));
#16745=CARTESIAN_POINT('Ctrl Pts',(54.0953250020981,89.,30.2509785481617));
#16746=CARTESIAN_POINT('Ctrl Pts',(54.2571285887059,100.,30.2453198916124));
#16747=CARTESIAN_POINT('Ctrl Pts',(54.2571285887059,89.,30.2453198916124));
#16748=CARTESIAN_POINT('Ctrl Pts',(54.3346635820304,100.,30.2426083083467));
#16749=CARTESIAN_POINT('Ctrl Pts',(54.3346635820304,89.,30.2426083083467));
#16750=CARTESIAN_POINT('',(53.8537625791464,97.5,30.2988834376649));
#16751=CARTESIAN_POINT('Ctrl Pts',(54.3346635820304,97.5,30.2426083083467));
#16752=CARTESIAN_POINT('Ctrl Pts',(54.2571285887059,97.5,30.2453198916124));
#16753=CARTESIAN_POINT('Ctrl Pts',(54.1795935953815,97.5,30.2480314748781));
#16754=CARTESIAN_POINT('Ctrl Pts',(54.1027395250235,97.5,30.256676792653));
#16755=CARTESIAN_POINT('Ctrl Pts',(54.0192109901067,97.5,30.2660729212415));
#16756=CARTESIAN_POINT('Ctrl Pts',(53.9364867846266,97.5,30.2824781794532));
#16757=CARTESIAN_POINT('Ctrl Pts',(53.8537625791464,97.5,30.2988834376649));
#16758=CARTESIAN_POINT('',(53.8537625791464,100.,30.2988834376649));
#16759=CARTESIAN_POINT('Origin',(53.9049224378501,100.,30.7779989834146));
#16760=CARTESIAN_POINT('',(52.6527707300428,97.5,19.0515133353006));
#16761=CARTESIAN_POINT('Ctrl Pts',(55.4567639352713,100.,30.7524989242868));
#16762=CARTESIAN_POINT('Ctrl Pts',(55.4567639352713,89.,30.7524989242868));
#16763=CARTESIAN_POINT('Ctrl Pts',(55.5093132727653,100.,30.6693460618376));
#16764=CARTESIAN_POINT('Ctrl Pts',(55.5093132727653,89.,30.6693460618376));
#16765=CARTESIAN_POINT('Ctrl Pts',(55.608528781345,100.,30.5123497240874));
#16766=CARTESIAN_POINT('Ctrl Pts',(55.608528781345,89.,30.5123497240874));
#16767=CARTESIAN_POINT('Ctrl Pts',(55.7627887846656,100.,30.4095023819095));
#16768=CARTESIAN_POINT('Ctrl Pts',(55.7627887846656,89.,30.4095023819095));
#16769=CARTESIAN_POINT('Ctrl Pts',(55.835345220748,100.,30.3611279721574));
#16770=CARTESIAN_POINT('Ctrl Pts',(55.835345220748,89.,30.3611279721574));
#16771=CARTESIAN_POINT('',(55.835345220748,97.5,30.3611279721574));
#16772=CARTESIAN_POINT('',(55.4567639352713,97.5,30.7524989242868));
#16773=CARTESIAN_POINT('Ctrl Pts',(55.835345220748,97.5,30.3611279721574));
#16774=CARTESIAN_POINT('Ctrl Pts',(55.7627887846656,97.5,30.4095023819095));
#16775=CARTESIAN_POINT('Ctrl Pts',(55.6902323485832,97.5,30.4578767916615));
#16776=CARTESIAN_POINT('Ctrl Pts',(55.6298534395133,97.5,30.5182306166009));
#16777=CARTESIAN_POINT('Ctrl Pts',(55.5618626102592,97.5,30.5861931993885));
#16778=CARTESIAN_POINT('Ctrl Pts',(55.5093132727653,97.5,30.6693460618376));
#16779=CARTESIAN_POINT('Ctrl Pts',(55.4567639352713,97.5,30.7524989242868));
#16780=CARTESIAN_POINT('',(55.835345220748,100.,30.3611279721574));
#16781=CARTESIAN_POINT('',(55.4567639352713,100.,30.7524989242868));
#16782=CARTESIAN_POINT('Origin',(56.1405972959433,100.,30.8155958051996));
#16783=CARTESIAN_POINT('',(56.1405972959433,97.5,30.8155958051996));
#16784=CARTESIAN_POINT('',(86.3910889171648,97.5,33.606789942762));
#16785=CARTESIAN_POINT('',(56.1405972959433,100.,30.8155958051996));
#16786=CARTESIAN_POINT('Ctrl Pts',(56.2616745950614,100.,30.7013393636064));
#16787=CARTESIAN_POINT('Ctrl Pts',(56.2616745950614,89.,30.7013393636064));
#16788=CARTESIAN_POINT('Ctrl Pts',(56.2415363763325,100.,30.7155357982261));
#16789=CARTESIAN_POINT('Ctrl Pts',(56.2415363763325,89.,30.7155357982261));
#16790=CARTESIAN_POINT('Ctrl Pts',(56.1957896038532,100.,30.7477849794126));
#16791=CARTESIAN_POINT('Ctrl Pts',(56.1957896038532,89.,30.7477849794126));
#16792=CARTESIAN_POINT('Ctrl Pts',(56.1604051401282,100.,30.791259329301));
#16793=CARTESIAN_POINT('Ctrl Pts',(56.1604051401282,89.,30.791259329301));
#16794=CARTESIAN_POINT('Ctrl Pts',(56.1405972959433,100.,30.8155958051996));
#16795=CARTESIAN_POINT('Ctrl Pts',(56.1405972959433,89.,30.8155958051996));
#16796=CARTESIAN_POINT('',(56.2616745950614,97.5,30.7013393636064));
#16797=CARTESIAN_POINT('Ctrl Pts',(56.1405972959433,97.5,30.8155958051996));
#16798=CARTESIAN_POINT('Ctrl Pts',(56.1604051401282,97.5,30.791259329301));
#16799=CARTESIAN_POINT('Ctrl Pts',(56.1802129843131,97.5,30.7669228534025));
#16800=CARTESIAN_POINT('Ctrl Pts',(56.203268003646,97.5,30.7461039419488));
#16801=CARTESIAN_POINT('Ctrl Pts',(56.2213981576036,97.5,30.7297322328458));
#16802=CARTESIAN_POINT('Ctrl Pts',(56.2415363763325,97.5,30.7155357982261));
#16803=CARTESIAN_POINT('Ctrl Pts',(56.2616745950614,97.5,30.7013393636064));
#16804=CARTESIAN_POINT('',(56.2616745950614,100.,30.7013393636064));
#16805=CARTESIAN_POINT('Ctrl Pts',(56.4560811044608,100.,30.650179802926));
#16806=CARTESIAN_POINT('Ctrl Pts',(56.4560811044608,89.,30.650179802926));
#16807=CARTESIAN_POINT('Ctrl Pts',(56.4222858824297,100.,30.6523759942044));
#16808=CARTESIAN_POINT('Ctrl Pts',(56.4222858824297,89.,30.6523759942044));
#16809=CARTESIAN_POINT('Ctrl Pts',(56.3541742188182,100.,30.6568022483489));
#16810=CARTESIAN_POINT('Ctrl Pts',(56.3541742188182,89.,30.6568022483489));
#16811=CARTESIAN_POINT('Ctrl Pts',(56.2926647020141,100.,30.6864181141014));
#16812=CARTESIAN_POINT('Ctrl Pts',(56.2926647020141,89.,30.6864181141014));
#16813=CARTESIAN_POINT('Ctrl Pts',(56.2616745950614,100.,30.7013393636064));
#16814=CARTESIAN_POINT('Ctrl Pts',(56.2616745950614,89.,30.7013393636064));
#16815=CARTESIAN_POINT('',(56.4560811044608,97.5,30.650179802926));
#16816=CARTESIAN_POINT('Ctrl Pts',(56.2616745950614,97.5,30.7013393636064));
#16817=CARTESIAN_POINT('Ctrl Pts',(56.2926647020141,97.5,30.6864181141014));
#16818=CARTESIAN_POINT('Ctrl Pts',(56.3236548089668,97.5,30.6714968645964));
#16819=CARTESIAN_POINT('Ctrl Pts',(56.3563208105002,97.5,30.6629697676019));
#16820=CARTESIAN_POINT('Ctrl Pts',(56.3884906603986,97.5,30.6545721854828));
#16821=CARTESIAN_POINT('Ctrl Pts',(56.4222858824297,97.5,30.6523759942044));
#16822=CARTESIAN_POINT('Ctrl Pts',(56.4560811044608,97.5,30.650179802926));
#16823=CARTESIAN_POINT('',(56.4560811044608,100.,30.650179802926));
#16824=CARTESIAN_POINT('Ctrl Pts',(56.7187015535269,100.,30.7678468222932));
#16825=CARTESIAN_POINT('Ctrl Pts',(56.7187015535269,89.,30.7678468222932));
#16826=CARTESIAN_POINT('Ctrl Pts',(56.6822608145706,100.,30.7335288866924));
#16827=CARTESIAN_POINT('Ctrl Pts',(56.6822608145706,89.,30.7335288866924));
#16828=CARTESIAN_POINT('Ctrl Pts',(56.6084155847332,100.,30.6639854055621));
#16829=CARTESIAN_POINT('Ctrl Pts',(56.6084155847332,89.,30.6639854055621));
#16830=CARTESIAN_POINT('Ctrl Pts',(56.5072991537415,100.,30.6548215362677));
#16831=CARTESIAN_POINT('Ctrl Pts',(56.5072991537415,89.,30.6548215362677));
#16832=CARTESIAN_POINT('Ctrl Pts',(56.4560811044608,100.,30.650179802926));
#16833=CARTESIAN_POINT('Ctrl Pts',(56.4560811044608,89.,30.650179802926));
#16834=CARTESIAN_POINT('',(56.7187015535269,97.5,30.7678468222932));
#16835=CARTESIAN_POINT('Ctrl Pts',(56.4560811044608,97.5,30.650179802926));
#16836=CARTESIAN_POINT('Ctrl Pts',(56.5072991537415,97.5,30.6548215362677));
#16837=CARTESIAN_POINT('Ctrl Pts',(56.5585172030221,97.5,30.6594632696093));
#16838=CARTESIAN_POINT('Ctrl Pts',(56.6027383329306,97.5,30.679596483262));
#16839=CARTESIAN_POINT('Ctrl Pts',(56.6458200756142,97.5,30.6992109510916));
#16840=CARTESIAN_POINT('Ctrl Pts',(56.6822608145706,97.5,30.7335288866924));
#16841=CARTESIAN_POINT('Ctrl Pts',(56.7187015535269,97.5,30.7678468222932));
#16842=CARTESIAN_POINT('',(56.7187015535269,100.,30.7678468222932));
#16843=CARTESIAN_POINT('Ctrl Pts',(56.8090836526786,100.,31.0168237681703));
#16844=CARTESIAN_POINT('Ctrl Pts',(56.8090836526786,89.,31.0168237681703));
#16845=CARTESIAN_POINT('Ctrl Pts',(56.8022863699971,100.,30.9667445934447));
#16846=CARTESIAN_POINT('Ctrl Pts',(56.8022863699971,89.,30.9667445934447));
#16847=CARTESIAN_POINT('Ctrl Pts',(56.7900903287988,100.,30.876889910808));
#16848=CARTESIAN_POINT('Ctrl Pts',(56.7900903287988,89.,30.876889910808));
#16849=CARTESIAN_POINT('Ctrl Pts',(56.740606364309,100.,30.8013054187169));
#16850=CARTESIAN_POINT('Ctrl Pts',(56.740606364309,89.,30.8013054187169));
#16851=CARTESIAN_POINT('Ctrl Pts',(56.7187015535269,100.,30.7678468222932));
#16852=CARTESIAN_POINT('Ctrl Pts',(56.7187015535269,89.,30.7678468222932));
#16853=CARTESIAN_POINT('',(56.8090836526786,97.5,31.0168237681703));
#16854=CARTESIAN_POINT('Ctrl Pts',(56.7187015535269,97.5,30.7678468222932));
#16855=CARTESIAN_POINT('Ctrl Pts',(56.740606364309,97.5,30.8013054187169));
#16856=CARTESIAN_POINT('Ctrl Pts',(56.762511175091,97.5,30.8347640151406));
#16857=CARTESIAN_POINT('Ctrl Pts',(56.7771093370352,97.5,30.8710188861208));
#16858=CARTESIAN_POINT('Ctrl Pts',(56.7954890873157,97.5,30.916665418719));
#16859=CARTESIAN_POINT('Ctrl Pts',(56.8022863699971,97.5,30.9667445934447));
#16860=CARTESIAN_POINT('Ctrl Pts',(56.8090836526786,97.5,31.0168237681703));
#16861=CARTESIAN_POINT('',(56.8090836526786,100.,31.0168237681703));
#16862=CARTESIAN_POINT('Origin',(55.4175416948233,100.,31.0168237681703));
#16863=CARTESIAN_POINT('',(55.4175416948233,97.5,31.0168237681703));
#16864=CARTESIAN_POINT('',(87.7087708474117,97.5,31.0168237681703));
#16865=CARTESIAN_POINT('',(55.4175416948233,100.,31.0168237681703));
#16866=CARTESIAN_POINT('Origin',(55.4175416948233,100.,31.0952685470895));
#16867=CARTESIAN_POINT('',(55.4175416948233,97.5,31.0952685470895));
#16868=CARTESIAN_POINT('',(55.4175416948233,97.5,15.5476342735448));
#16869=CARTESIAN_POINT('',(55.4175416948233,100.,31.0952685470895));
#16870=CARTESIAN_POINT('Ctrl Pts',(55.5352084161673,100.,31.6767827864008));
#16871=CARTESIAN_POINT('Ctrl Pts',(55.5352084161673,89.,31.6767827864008));
#16872=CARTESIAN_POINT('Ctrl Pts',(55.5009620200592,100.,31.59212263458));
#16873=CARTESIAN_POINT('Ctrl Pts',(55.5009620200592,89.,31.59212263458));
#16874=CARTESIAN_POINT('Ctrl Pts',(55.4256697328399,100.,31.4059933716123));
#16875=CARTESIAN_POINT('Ctrl Pts',(55.4256697328399,89.,31.4059933716123));
#16876=CARTESIAN_POINT('Ctrl Pts',(55.4204093911219,100.,31.2048970241374));
#16877=CARTESIAN_POINT('Ctrl Pts',(55.4204093911219,89.,31.2048970241374));
#16878=CARTESIAN_POINT('Ctrl Pts',(55.4175416948233,100.,31.0952685470895));
#16879=CARTESIAN_POINT('Ctrl Pts',(55.4175416948233,89.,31.0952685470895));
#16880=CARTESIAN_POINT('',(55.5352084161673,97.5,31.6767827864008));
#16881=CARTESIAN_POINT('Ctrl Pts',(55.4175416948233,97.5,31.0952685470895));
#16882=CARTESIAN_POINT('Ctrl Pts',(55.4204093911219,97.5,31.2048970241374));
#16883=CARTESIAN_POINT('Ctrl Pts',(55.4232770874204,97.5,31.3145255011852));
#16884=CARTESIAN_POINT('Ctrl Pts',(55.4469577791129,97.5,31.4197058673219));
#16885=CARTESIAN_POINT('Ctrl Pts',(55.466715623951,97.5,31.5074624827593));
#16886=CARTESIAN_POINT('Ctrl Pts',(55.5009620200592,97.5,31.59212263458));
#16887=CARTESIAN_POINT('Ctrl Pts',(55.5352084161673,97.5,31.6767827864008));
#16888=CARTESIAN_POINT('',(55.5352084161673,100.,31.6767827864008));
#16889=CARTESIAN_POINT('Ctrl Pts',(55.8779780389701,100.,32.0178468222932));
#16890=CARTESIAN_POINT('Ctrl Pts',(55.8779780389701,89.,32.0178468222932));
#16891=CARTESIAN_POINT('Ctrl Pts',(55.8074517009145,100.,31.9742786816617));
#16892=CARTESIAN_POINT('Ctrl Pts',(55.8074517009145,89.,31.9742786816617));
#16893=CARTESIAN_POINT('Ctrl Pts',(55.6666240185515,100.,31.8872813918666));
#16894=CARTESIAN_POINT('Ctrl Pts',(55.6666240185515,89.,31.8872813918666));
#16895=CARTESIAN_POINT('Ctrl Pts',(55.578966935099,100.,31.7468742142469));
#16896=CARTESIAN_POINT('Ctrl Pts',(55.578966935099,89.,31.7468742142469));
#16897=CARTESIAN_POINT('Ctrl Pts',(55.5352084161673,100.,31.6767827864008));
#16898=CARTESIAN_POINT('Ctrl Pts',(55.5352084161673,89.,31.6767827864008));
#16899=CARTESIAN_POINT('',(55.8779780389701,97.5,32.0178468222932));
#16900=CARTESIAN_POINT('Ctrl Pts',(55.5352084161673,97.5,31.6767827864008));
#16901=CARTESIAN_POINT('Ctrl Pts',(55.578966935099,97.5,31.7468742142469));
#16902=CARTESIAN_POINT('Ctrl Pts',(55.6227254540307,97.5,31.8169656420931));
#16903=CARTESIAN_POINT('Ctrl Pts',(55.67973418254,97.5,31.8737472291307));
#16904=CARTESIAN_POINT('Ctrl Pts',(55.736925362859,97.5,31.9307105410302));
#16905=CARTESIAN_POINT('Ctrl Pts',(55.8074517009145,97.5,31.9742786816617));
#16906=CARTESIAN_POINT('Ctrl Pts',(55.8779780389701,97.5,32.0178468222932));
#16907=CARTESIAN_POINT('',(55.8779780389701,100.,32.0178468222932));
#16908=CARTESIAN_POINT('Ctrl Pts',(56.4918939592276,100.,32.1355141396837));
#16909=CARTESIAN_POINT('Ctrl Pts',(56.4918939592276,89.,32.1355141396837));
#16910=CARTESIAN_POINT('Ctrl Pts',(56.3744050850504,100.,32.1331515136868));
#16911=CARTESIAN_POINT('Ctrl Pts',(56.3744050850504,89.,32.1331515136868));
#16912=CARTESIAN_POINT('Ctrl Pts',(56.1625941134298,100.,32.1288921307326));
#16913=CARTESIAN_POINT('Ctrl Pts',(56.1625941134298,89.,32.1288921307326));
#16914=CARTESIAN_POINT('Ctrl Pts',(55.9656705747397,100.,32.0520607882502));
#16915=CARTESIAN_POINT('Ctrl Pts',(55.9656705747397,89.,32.0520607882502));
#16916=CARTESIAN_POINT('Ctrl Pts',(55.8779780389701,100.,32.0178468222932));
#16917=CARTESIAN_POINT('Ctrl Pts',(55.8779780389701,89.,32.0178468222932));
#16918=CARTESIAN_POINT('',(56.4918939592276,97.5,32.1355141396837));
#16919=CARTESIAN_POINT('Ctrl Pts',(55.8779780389701,97.5,32.0178468222932));
#16920=CARTESIAN_POINT('Ctrl Pts',(55.9656705747397,97.5,32.0520607882502));
#16921=CARTESIAN_POINT('Ctrl Pts',(56.0533631105093,97.5,32.0862747542071));
#16922=CARTESIAN_POINT('Ctrl Pts',(56.1440078737174,97.5,32.1060974593477));
#16923=CARTESIAN_POINT('Ctrl Pts',(56.2569162108732,97.5,32.1307888876899));
#16924=CARTESIAN_POINT('Ctrl Pts',(56.3744050850504,97.5,32.1331515136868));
#16925=CARTESIAN_POINT('Ctrl Pts',(56.4918939592276,97.5,32.1355141396837));
#16926=CARTESIAN_POINT('',(56.4918939592276,100.,32.1355141396837));
#16927=CARTESIAN_POINT('Ctrl Pts',(57.2430865289603,100.,31.8728948827104));
#16928=CARTESIAN_POINT('Ctrl Pts',(57.2430865289603,89.,31.8728948827104));
#16929=CARTESIAN_POINT('Ctrl Pts',(57.1391096479519,100.,31.9494031918277));
#16930=CARTESIAN_POINT('Ctrl Pts',(57.1391096479519,89.,31.9494031918277));
#16931=CARTESIAN_POINT('Ctrl Pts',(56.9165023650964,100.,32.1132021694781));
#16932=CARTESIAN_POINT('Ctrl Pts',(56.9165023650964,89.,32.1132021694781));
#16933=CARTESIAN_POINT('Ctrl Pts',(56.6395079774735,100.,32.1277574407312));
#16934=CARTESIAN_POINT('Ctrl Pts',(56.6395079774735,89.,32.1277574407312));
#16935=CARTESIAN_POINT('Ctrl Pts',(56.4918939592276,100.,32.1355141396837));
#16936=CARTESIAN_POINT('Ctrl Pts',(56.4918939592276,89.,32.1355141396837));
#16937=CARTESIAN_POINT('',(57.2430865289603,97.5,31.8728948827104));
#16938=CARTESIAN_POINT('Ctrl Pts',(56.4918939592276,97.5,32.1355141396837));
#16939=CARTESIAN_POINT('Ctrl Pts',(56.6395079774735,97.5,32.1277574407312));
#16940=CARTESIAN_POINT('Ctrl Pts',(56.7871219957194,97.5,32.1200007417787));
#16941=CARTESIAN_POINT('Ctrl Pts',(56.9192902566825,97.5,32.0698593254404));
#16942=CARTESIAN_POINT('Ctrl Pts',(57.0351327669435,97.5,32.0259115009449));
#16943=CARTESIAN_POINT('Ctrl Pts',(57.1391096479519,97.5,31.9494031918277));
#16944=CARTESIAN_POINT('Ctrl Pts',(57.2430865289603,97.5,31.8728948827104));
#16945=CARTESIAN_POINT('',(57.2430865289603,100.,31.8728948827104));
#16946=CARTESIAN_POINT('Ctrl Pts',(57.5150863649283,100.,31.1856503482179));
#16947=CARTESIAN_POINT('Ctrl Pts',(57.5150863649283,89.,31.1856503482179));
#16948=CARTESIAN_POINT('Ctrl Pts',(57.5053120808473,100.,31.3188976262675));
#16949=CARTESIAN_POINT('Ctrl Pts',(57.5053120808473,89.,31.3188976262675));
#16950=CARTESIAN_POINT('Ctrl Pts',(57.4863829380659,100.,31.5769479070358));
#16951=CARTESIAN_POINT('Ctrl Pts',(57.4863829380659,89.,31.5769479070358));
#16952=CARTESIAN_POINT('Ctrl Pts',(57.3223966033849,100.,31.776421709297));
#16953=CARTESIAN_POINT('Ctrl Pts',(57.3223966033849,89.,31.776421709297));
#16954=CARTESIAN_POINT('Ctrl Pts',(57.2430865289603,100.,31.8728948827104));
#16955=CARTESIAN_POINT('Ctrl Pts',(57.2430865289603,89.,31.8728948827104));
#16956=CARTESIAN_POINT('',(57.5150863649283,97.5,31.1856503482179));
#16957=CARTESIAN_POINT('Ctrl Pts',(57.2430865289603,97.5,31.8728948827104));
#16958=CARTESIAN_POINT('Ctrl Pts',(57.3223966033849,97.5,31.776421709297));
#16959=CARTESIAN_POINT('Ctrl Pts',(57.4017066778096,97.5,31.6799485358837));
#16960=CARTESIAN_POINT('Ctrl Pts',(57.4470870019828,97.5,31.569773971589));
#16961=CARTESIAN_POINT('Ctrl Pts',(57.4955377967662,97.5,31.452144904317));
#16962=CARTESIAN_POINT('Ctrl Pts',(57.5053120808473,97.5,31.3188976262675));
#16963=CARTESIAN_POINT('Ctrl Pts',(57.5150863649283,97.5,31.1856503482179));
#16964=CARTESIAN_POINT('',(57.5150863649283,100.,31.1856503482179));
#16965=CARTESIAN_POINT('Ctrl Pts',(57.379512024108,100.,30.666380345376));
#16966=CARTESIAN_POINT('Ctrl Pts',(57.379512024108,89.,30.666380345376));
#16967=CARTESIAN_POINT('Ctrl Pts',(57.4190393865828,100.,30.7449567624881));
#16968=CARTESIAN_POINT('Ctrl Pts',(57.4190393865828,89.,30.7449567624881));
#16969=CARTESIAN_POINT('Ctrl Pts',(57.5011571255076,100.,30.9081985601205));
#16970=CARTESIAN_POINT('Ctrl Pts',(57.5011571255076,89.,30.9081985601205));
#16971=CARTESIAN_POINT('Ctrl Pts',(57.5103292442806,100.,31.0908948780845));
#16972=CARTESIAN_POINT('Ctrl Pts',(57.5103292442806,89.,31.0908948780845));
#16973=CARTESIAN_POINT('Ctrl Pts',(57.5150863649283,100.,31.1856503482179));
#16974=CARTESIAN_POINT('Ctrl Pts',(57.5150863649283,89.,31.1856503482179));
#16975=CARTESIAN_POINT('',(57.379512024108,97.5,30.666380345376));
#16976=CARTESIAN_POINT('Ctrl Pts',(57.5150863649283,97.5,31.1856503482179));
#16977=CARTESIAN_POINT('Ctrl Pts',(57.5103292442806,97.5,31.0908948780845));
#16978=CARTESIAN_POINT('Ctrl Pts',(57.5055721236329,97.5,30.9961394079511));
#16979=CARTESIAN_POINT('Ctrl Pts',(57.4811927797232,97.5,30.9066171641664));
#16980=CARTESIAN_POINT('Ctrl Pts',(57.4585667490577,97.5,30.8235331796002));
#16981=CARTESIAN_POINT('Ctrl Pts',(57.4190393865828,97.5,30.7449567624881));
#16982=CARTESIAN_POINT('Ctrl Pts',(57.379512024108,97.5,30.666380345376));
#16983=CARTESIAN_POINT('',(57.379512024108,100.,30.666380345376));
#16984=CARTESIAN_POINT('Ctrl Pts',(57.0375959398184,100.,30.3440744872407));
#16985=CARTESIAN_POINT('Ctrl Pts',(57.0375959398184,89.,30.3440744872407));
#16986=CARTESIAN_POINT('Ctrl Pts',(57.1040944534124,100.,30.3839743374094));
#16987=CARTESIAN_POINT('Ctrl Pts',(57.1040944534124,89.,30.3839743374094));
#16988=CARTESIAN_POINT('Ctrl Pts',(57.2414416335792,100.,30.4663841780745));
#16989=CARTESIAN_POINT('Ctrl Pts',(57.2414416335792,89.,30.4663841780745));
#16990=CARTESIAN_POINT('Ctrl Pts',(57.3325269222659,100.,30.5983220147469));
#16991=CARTESIAN_POINT('Ctrl Pts',(57.3325269222659,89.,30.5983220147469));
#16992=CARTESIAN_POINT('Ctrl Pts',(57.379512024108,100.,30.666380345376));
#16993=CARTESIAN_POINT('Ctrl Pts',(57.379512024108,89.,30.666380345376));
#16994=CARTESIAN_POINT('',(57.0375959398184,97.5,30.3440744872407));
#16995=CARTESIAN_POINT('Ctrl Pts',(57.379512024108,97.5,30.666380345376));
#16996=CARTESIAN_POINT('Ctrl Pts',(57.3325269222659,97.5,30.5983220147469));
#16997=CARTESIAN_POINT('Ctrl Pts',(57.2855418204238,97.5,30.5302636841179));
#16998=CARTESIAN_POINT('Ctrl Pts',(57.2262470247183,97.5,30.4753841157274));
#16999=CARTESIAN_POINT('Ctrl Pts',(57.1705929670063,97.5,30.423874187578));
#17000=CARTESIAN_POINT('Ctrl Pts',(57.1040944534124,97.5,30.3839743374094));
#17001=CARTESIAN_POINT('Ctrl Pts',(57.0375959398184,97.5,30.3440744872407));
#17002=CARTESIAN_POINT('',(57.0375959398184,100.,30.3440744872407));
#17003=CARTESIAN_POINT('Ctrl Pts',(56.4714293004904,100.,30.2426083083467));
#17004=CARTESIAN_POINT('Ctrl Pts',(56.4714293004904,89.,30.2426083083467));
#17005=CARTESIAN_POINT('Ctrl Pts',(56.5798384370618,100.,30.2445276281855));
#17006=CARTESIAN_POINT('Ctrl Pts',(56.5798384370618,89.,30.2445276281855));
#17007=CARTESIAN_POINT('Ctrl Pts',(56.7744066581009,100.,30.2479723438105));
#17008=CARTESIAN_POINT('Ctrl Pts',(56.7744066581009,89.,30.2479723438105));
#17009=CARTESIAN_POINT('Ctrl Pts',(56.9568195168996,100.,30.3145794130855));
#17010=CARTESIAN_POINT('Ctrl Pts',(56.9568195168996,89.,30.3145794130855));
#17011=CARTESIAN_POINT('Ctrl Pts',(57.0375959398184,100.,30.3440744872407));
#17012=CARTESIAN_POINT('Ctrl Pts',(57.0375959398184,89.,30.3440744872407));
#17013=CARTESIAN_POINT('',(56.4714293004904,97.5,30.2426083083467));
#17014=CARTESIAN_POINT('Ctrl Pts',(57.0375959398184,97.5,30.3440744872407));
#17015=CARTESIAN_POINT('Ctrl Pts',(56.9568195168996,97.5,30.3145794130855));
#17016=CARTESIAN_POINT('Ctrl Pts',(56.8760430939807,97.5,30.2850843389302));
#17017=CARTESIAN_POINT('Ctrl Pts',(56.7928831102286,97.5,30.2679748530702));
#17018=CARTESIAN_POINT('Ctrl Pts',(56.6882475736332,97.5,30.2464469480243));
#17019=CARTESIAN_POINT('Ctrl Pts',(56.5798384370618,97.5,30.2445276281855));
#17020=CARTESIAN_POINT('Ctrl Pts',(56.4714293004904,97.5,30.2426083083467));
#17021=CARTESIAN_POINT('',(56.4714293004904,100.,30.2426083083467));
#17022=CARTESIAN_POINT('Ctrl Pts',(55.835345220748,100.,30.3611279721574));
#17023=CARTESIAN_POINT('Ctrl Pts',(55.835345220748,89.,30.3611279721574));
#17024=CARTESIAN_POINT('Ctrl Pts',(55.9243315971959,100.,30.3267028938141));
#17025=CARTESIAN_POINT('Ctrl Pts',(55.9243315971959,89.,30.3267028938141));
#17026=CARTESIAN_POINT('Ctrl Pts',(56.1283879976665,100.,30.2477620732858));
#17027=CARTESIAN_POINT('Ctrl Pts',(56.1283879976665,89.,30.2477620732858));
#17028=CARTESIAN_POINT('Ctrl Pts',(56.3477360932626,100.,30.2444666435074));
#17029=CARTESIAN_POINT('Ctrl Pts',(56.3477360932626,89.,30.2444666435074));
#17030=CARTESIAN_POINT('Ctrl Pts',(56.4714293004904,100.,30.2426083083467));
#17031=CARTESIAN_POINT('Ctrl Pts',(56.4714293004904,89.,30.2426083083467));
#17032=CARTESIAN_POINT('Ctrl Pts',(56.4714293004904,97.5,30.2426083083467));
#17033=CARTESIAN_POINT('Ctrl Pts',(56.3477360932626,97.5,30.2444666435074));
#17034=CARTESIAN_POINT('Ctrl Pts',(56.2240428860348,97.5,30.2463249786681));
#17035=CARTESIAN_POINT('Ctrl Pts',(56.105212402526,97.5,30.272238373311));
#17036=CARTESIAN_POINT('Ctrl Pts',(56.0133179736439,97.5,30.2922778154709));
#17037=CARTESIAN_POINT('Ctrl Pts',(55.9243315971959,97.5,30.3267028938141));
#17038=CARTESIAN_POINT('Ctrl Pts',(55.835345220748,97.5,30.3611279721574));
#17039=CARTESIAN_POINT('Origin',(58.6235444070731,100.,32.7835358376817));
#17040=CARTESIAN_POINT('',(57.8953723432456,97.5,32.7835358376817));
#17041=CARTESIAN_POINT('',(58.6235444070731,97.5,32.7835358376817));
#17042=CARTESIAN_POINT('',(89.3117722035365,97.5,32.7835358376817));
#17043=CARTESIAN_POINT('',(57.8953723432456,100.,32.7835358376817));
#17044=CARTESIAN_POINT('',(58.6235444070731,100.,32.7835358376817));
#17045=CARTESIAN_POINT('Origin',(58.6235444070731,100.,31.4004142279939));
#17046=CARTESIAN_POINT('',(58.6235444070731,97.5,31.4004142279939));
#17047=CARTESIAN_POINT('',(58.6235444070731,97.5,15.700207113997));
#17048=CARTESIAN_POINT('',(58.6235444070731,100.,31.4004142279939));
#17049=CARTESIAN_POINT('Origin',(59.5648817541037,100.,32.7835358376817));
#17050=CARTESIAN_POINT('',(59.5648817541037,97.5,32.7835358376817));
#17051=CARTESIAN_POINT('',(61.5063494738433,97.5,35.6361645644115));
#17052=CARTESIAN_POINT('',(59.5648817541037,100.,32.7835358376817));
#17053=CARTESIAN_POINT('Origin',(60.2862320663367,100.,32.7835358376817));
#17054=CARTESIAN_POINT('',(60.2862320663367,97.5,32.7835358376817));
#17055=CARTESIAN_POINT('',(90.1431160331683,97.5,32.7835358376817));
#17056=CARTESIAN_POINT('',(60.2862320663367,100.,32.7835358376817));
#17057=CARTESIAN_POINT('Origin',(60.2862320663367,100.,30.2835358376817));
#17058=CARTESIAN_POINT('',(60.2862320663367,97.5,30.2835358376817));
#17059=CARTESIAN_POINT('',(60.2862320663367,97.5,15.1417679188409));
#17060=CARTESIAN_POINT('',(60.2862320663367,100.,30.2835358376817));
#17061=CARTESIAN_POINT('Origin',(59.5597652913962,100.,30.2835358376817));
#17062=CARTESIAN_POINT('',(59.5597652913962,97.5,30.2835358376817));
#17063=CARTESIAN_POINT('',(89.7798826456981,97.5,30.2835358376817));
#17064=CARTESIAN_POINT('',(59.5597652913962,100.,30.2835358376817));
#17065=CARTESIAN_POINT('Origin',(59.5597652913962,100.,31.6562123294191));
#17066=CARTESIAN_POINT('',(59.5597652913962,97.5,31.6562123294191));
#17067=CARTESIAN_POINT('',(59.5597652913962,97.5,15.8281061647095));
#17068=CARTESIAN_POINT('',(59.5597652913962,100.,31.6562123294191));
#17069=CARTESIAN_POINT('Origin',(58.6235444070731,100.,30.2835358376817));
#17070=CARTESIAN_POINT('',(58.6235444070731,97.5,30.2835358376817));
#17071=CARTESIAN_POINT('',(61.3182497591199,97.5,34.2344824047281));
#17072=CARTESIAN_POINT('',(58.6235444070731,100.,30.2835358376817));
#17073=CARTESIAN_POINT('Origin',(57.8953723432456,100.,30.2835358376817));
#17074=CARTESIAN_POINT('',(57.8953723432456,97.5,30.2835358376817));
#17075=CARTESIAN_POINT('',(88.9476861716228,97.5,30.2835358376817));
#17076=CARTESIAN_POINT('',(57.8953723432456,100.,30.2835358376817));
#17077=CARTESIAN_POINT('Origin',(57.8953723432456,100.,32.7835358376817));
#17078=CARTESIAN_POINT('',(57.8953723432456,97.5,16.3917679188409));
#17079=CARTESIAN_POINT('Ctrl Pts',(60.9086738349829,100.,30.7337404485063));
#17080=CARTESIAN_POINT('Ctrl Pts',(60.9086738349829,89.,30.7337404485063));
#17081=CARTESIAN_POINT('Ctrl Pts',(60.8777988847985,100.,30.736505113799));
#17082=CARTESIAN_POINT('Ctrl Pts',(60.8777988847985,89.,30.736505113799));
#17083=CARTESIAN_POINT('Ctrl Pts',(60.8045837673879,100.,30.7430610853163));
#17084=CARTESIAN_POINT('Ctrl Pts',(60.8045837673879,89.,30.7430610853163));
#17085=CARTESIAN_POINT('Ctrl Pts',(60.7343942989504,100.,30.7651975226016));
#17086=CARTESIAN_POINT('Ctrl Pts',(60.7343942989504,89.,30.7651975226016));
#17087=CARTESIAN_POINT('Ctrl Pts',(60.6938038589392,100.,30.7779989834146));
#17088=CARTESIAN_POINT('Ctrl Pts',(60.6938038589392,89.,30.7779989834146));
#17089=CARTESIAN_POINT('',(60.6938038589392,97.5,30.7779989834146));
#17090=CARTESIAN_POINT('',(60.9086738349829,97.5,30.7337404485063));
#17091=CARTESIAN_POINT('Ctrl Pts',(60.6938038589392,97.5,30.7779989834146));
#17092=CARTESIAN_POINT('Ctrl Pts',(60.7343942989504,97.5,30.7651975226016));
#17093=CARTESIAN_POINT('Ctrl Pts',(60.7749847389615,97.5,30.7523960617886));
#17094=CARTESIAN_POINT('Ctrl Pts',(60.8165870429907,97.5,30.7448051567392));
#17095=CARTESIAN_POINT('Ctrl Pts',(60.8469239346141,97.5,30.7392697790917));
#17096=CARTESIAN_POINT('Ctrl Pts',(60.8777988847985,97.5,30.736505113799));
#17097=CARTESIAN_POINT('Ctrl Pts',(60.9086738349829,97.5,30.7337404485063));
#17098=CARTESIAN_POINT('',(60.6938038589392,100.,30.7779989834146));
#17099=CARTESIAN_POINT('',(60.9086738349829,100.,30.7337404485063));
#17100=CARTESIAN_POINT('Ctrl Pts',(61.0280464412604,100.,30.7916147704439));
#17101=CARTESIAN_POINT('Ctrl Pts',(61.0280464412604,89.,30.7916147704439));
#17102=CARTESIAN_POINT('Ctrl Pts',(61.0136329429011,100.,30.7747583906328));
#17103=CARTESIAN_POINT('Ctrl Pts',(61.0136329429011,89.,30.7747583906328));
#17104=CARTESIAN_POINT('Ctrl Pts',(60.9825491469607,100.,30.7384063366567));
#17105=CARTESIAN_POINT('Ctrl Pts',(60.9825491469607,89.,30.7384063366567));
#17106=CARTESIAN_POINT('Ctrl Pts',(60.9344626908433,100.,30.7353692459184));
#17107=CARTESIAN_POINT('Ctrl Pts',(60.9344626908433,89.,30.7353692459184));
#17108=CARTESIAN_POINT('Ctrl Pts',(60.9086738349829,100.,30.7337404485063));
#17109=CARTESIAN_POINT('Ctrl Pts',(60.9086738349829,89.,30.7337404485063));
#17110=CARTESIAN_POINT('',(61.0280464412604,97.5,30.7916147704439));
#17111=CARTESIAN_POINT('Ctrl Pts',(60.9086738349829,97.5,30.7337404485063));
#17112=CARTESIAN_POINT('Ctrl Pts',(60.9344626908433,97.5,30.7353692459184));
#17113=CARTESIAN_POINT('Ctrl Pts',(60.9602515467036,97.5,30.7369980433306));
#17114=CARTESIAN_POINT('Ctrl Pts',(60.9811501027976,97.5,30.7482088799791));
#17115=CARTESIAN_POINT('Ctrl Pts',(60.9992194445418,97.5,30.7579020108217));
#17116=CARTESIAN_POINT('Ctrl Pts',(61.0136329429011,97.5,30.7747583906328));
#17117=CARTESIAN_POINT('Ctrl Pts',(61.0280464412604,97.5,30.7916147704439));
#17118=CARTESIAN_POINT('',(61.0280464412604,100.,30.7916147704439));
#17119=CARTESIAN_POINT('Ctrl Pts',(61.0502157928382,100.,30.944773971589));
#17120=CARTESIAN_POINT('Ctrl Pts',(61.0502157928382,89.,30.944773971589));
#17121=CARTESIAN_POINT('Ctrl Pts',(61.0505769479177,100.,30.9123429702891));
#17122=CARTESIAN_POINT('Ctrl Pts',(61.0505769479177,89.,30.9123429702891));
#17123=CARTESIAN_POINT('Ctrl Pts',(61.0511607849488,100.,30.859915576673));
#17124=CARTESIAN_POINT('Ctrl Pts',(61.0511607849488,89.,30.859915576673));
#17125=CARTESIAN_POINT('Ctrl Pts',(61.0344283706027,100.,30.8104727975311));
#17126=CARTESIAN_POINT('Ctrl Pts',(61.0344283706027,89.,30.8104727975311));
#17127=CARTESIAN_POINT('Ctrl Pts',(61.0280464412604,100.,30.7916147704439));
#17128=CARTESIAN_POINT('Ctrl Pts',(61.0280464412604,89.,30.7916147704439));
#17129=CARTESIAN_POINT('',(61.0502157928382,97.5,30.944773971589));
#17130=CARTESIAN_POINT('Ctrl Pts',(61.0280464412604,97.5,30.7916147704439));
#17131=CARTESIAN_POINT('Ctrl Pts',(61.0344283706027,97.5,30.8104727975311));
#17132=CARTESIAN_POINT('Ctrl Pts',(61.0408102999451,97.5,30.8293308246183));
#17133=CARTESIAN_POINT('Ctrl Pts',(61.0446731569205,97.5,30.8486230368928));
#17134=CARTESIAN_POINT('Ctrl Pts',(61.0509381029973,97.5,30.8799119689892));
#17135=CARTESIAN_POINT('Ctrl Pts',(61.0505769479177,97.5,30.9123429702891));
#17136=CARTESIAN_POINT('Ctrl Pts',(61.0502157928382,97.5,30.944773971589));
#17137=CARTESIAN_POINT('',(61.0502157928382,100.,30.944773971589));
#17138=CARTESIAN_POINT('Origin',(61.0502157928382,100.,31.5864009852724));
#17139=CARTESIAN_POINT('',(61.0502157928382,97.5,31.5864009852724));
#17140=CARTESIAN_POINT('',(61.0502157928382,97.5,15.7932004926362));
#17141=CARTESIAN_POINT('',(61.0502157928382,100.,31.5864009852724));
#17142=CARTESIAN_POINT('Origin',(60.6682239295874,100.,31.5864009852724));
#17143=CARTESIAN_POINT('',(60.6682239295874,97.5,31.5864009852724));
#17144=CARTESIAN_POINT('',(90.3341119647937,97.5,31.5864009852724));
#17145=CARTESIAN_POINT('',(60.6682239295874,100.,31.5864009852724));
#17146=CARTESIAN_POINT('Origin',(60.6682239295874,100.,32.0945866103487));
#17147=CARTESIAN_POINT('',(60.6682239295874,97.5,32.0945866103487));
#17148=CARTESIAN_POINT('',(60.6682239295874,97.5,16.0472933051743));
#17149=CARTESIAN_POINT('',(60.6682239295874,100.,32.0945866103487));
#17150=CARTESIAN_POINT('Origin',(61.0502157928382,100.,32.0945866103487));
#17151=CARTESIAN_POINT('',(61.0502157928382,97.5,32.0945866103487));
#17152=CARTESIAN_POINT('',(90.5251078964191,97.5,32.0945866103487));
#17153=CARTESIAN_POINT('',(61.0502157928382,100.,32.0945866103487));
#17154=CARTESIAN_POINT('Origin',(61.0502157928382,100.,32.7835358376817));
#17155=CARTESIAN_POINT('',(61.0502157928382,97.5,32.7835358376817));
#17156=CARTESIAN_POINT('',(61.0502157928382,97.5,16.3917679188409));
#17157=CARTESIAN_POINT('',(61.0502157928382,100.,32.7835358376817));
#17158=CARTESIAN_POINT('Origin',(61.7459861757193,100.,32.4271239037828));
#17159=CARTESIAN_POINT('',(61.7459861757193,97.5,32.4271239037828));
#17160=CARTESIAN_POINT('',(91.3977049567526,97.5,17.2378794429702));
#17161=CARTESIAN_POINT('',(61.7459861757193,100.,32.4271239037828));
#17162=CARTESIAN_POINT('Origin',(61.7459861757193,100.,32.0945866103486));
#17163=CARTESIAN_POINT('',(61.7459861757193,97.5,32.0945866103486));
#17164=CARTESIAN_POINT('',(61.7459861757193,97.5,16.0472933051743));
#17165=CARTESIAN_POINT('',(61.7459861757193,100.,32.0945866103486));
#17166=CARTESIAN_POINT('Origin',(62.0017842771445,100.,32.0945866103486));
#17167=CARTESIAN_POINT('',(62.0017842771445,97.5,32.0945866103486));
#17168=CARTESIAN_POINT('',(91.0008921385722,97.5,32.0945866103486));
#17169=CARTESIAN_POINT('',(62.0017842771445,100.,32.0945866103486));
#17170=CARTESIAN_POINT('Origin',(62.0017842771445,100.,31.5864009852724));
#17171=CARTESIAN_POINT('',(62.0017842771445,97.5,31.5864009852724));
#17172=CARTESIAN_POINT('',(62.0017842771445,97.5,15.7932004926362));
#17173=CARTESIAN_POINT('',(62.0017842771445,100.,31.5864009852724));
#17174=CARTESIAN_POINT('Origin',(61.7459861757193,100.,31.5864009852724));
#17175=CARTESIAN_POINT('',(61.7459861757193,97.5,31.5864009852724));
#17176=CARTESIAN_POINT('',(90.8729930878597,97.5,31.5864009852724));
#17177=CARTESIAN_POINT('',(61.7459861757193,100.,31.5864009852724));
#17178=CARTESIAN_POINT('Origin',(61.7459861757193,100.,30.9494103188829));
#17179=CARTESIAN_POINT('',(61.7459861757193,97.5,30.9494103188829));
#17180=CARTESIAN_POINT('',(61.7459861757193,97.5,15.4747051594414));
#17181=CARTESIAN_POINT('',(61.7459861757193,100.,30.9494103188829));
#17182=CARTESIAN_POINT('Ctrl Pts',(61.6871528150473,100.,30.5108631844835));
#17183=CARTESIAN_POINT('Ctrl Pts',(61.6871528150473,89.,30.5108631844835));
#17184=CARTESIAN_POINT('Ctrl Pts',(61.7041812119183,100.,30.5696245995055));
#17185=CARTESIAN_POINT('Ctrl Pts',(61.7041812119183,89.,30.5696245995055));
#17186=CARTESIAN_POINT('Ctrl Pts',(61.7455882408322,100.,30.7125115447228));
#17187=CARTESIAN_POINT('Ctrl Pts',(61.7455882408322,89.,30.7125115447228));
#17188=CARTESIAN_POINT('Ctrl Pts',(61.7458387103287,100.,30.8616211568881));
#17189=CARTESIAN_POINT('Ctrl Pts',(61.7458387103287,89.,30.8616211568881));
#17190=CARTESIAN_POINT('Ctrl Pts',(61.7459861757193,100.,30.9494103188829));
#17191=CARTESIAN_POINT('Ctrl Pts',(61.7459861757193,89.,30.9494103188829));
#17192=CARTESIAN_POINT('',(61.6871528150473,97.5,30.5108631844835));
#17193=CARTESIAN_POINT('Ctrl Pts',(61.7459861757193,97.5,30.9494103188829));
#17194=CARTESIAN_POINT('Ctrl Pts',(61.7458387103287,97.5,30.8616211568881));
#17195=CARTESIAN_POINT('Ctrl Pts',(61.7456912449381,97.5,30.7738319948933));
#17196=CARTESIAN_POINT('Ctrl Pts',(61.7312775375281,97.5,30.6881998176889));
#17197=CARTESIAN_POINT('Ctrl Pts',(61.7212096087893,97.5,30.6283860145275));
#17198=CARTESIAN_POINT('Ctrl Pts',(61.7041812119183,97.5,30.5696245995055));
#17199=CARTESIAN_POINT('Ctrl Pts',(61.6871528150473,97.5,30.5108631844835));
#17200=CARTESIAN_POINT('',(61.6871528150473,100.,30.5108631844835));
#17201=CARTESIAN_POINT('Ctrl Pts',(61.5055362703238,100.,30.3090358968095));
#17202=CARTESIAN_POINT('Ctrl Pts',(61.5055362703238,89.,30.3090358968095));
#17203=CARTESIAN_POINT('Ctrl Pts',(61.5439428271524,100.,30.3343860506393));
#17204=CARTESIAN_POINT('Ctrl Pts',(61.5439428271524,89.,30.3343860506393));
#17205=CARTESIAN_POINT('Ctrl Pts',(61.6219405482403,100.,30.3858682555339));
#17206=CARTESIAN_POINT('Ctrl Pts',(61.6219405482403,89.,30.3858682555339));
#17207=CARTESIAN_POINT('Ctrl Pts',(61.6651964068438,100.,30.4687784691721));
#17208=CARTESIAN_POINT('Ctrl Pts',(61.6651964068438,89.,30.4687784691721));
#17209=CARTESIAN_POINT('Ctrl Pts',(61.6871528150473,100.,30.5108631844835));
#17210=CARTESIAN_POINT('Ctrl Pts',(61.6871528150473,89.,30.5108631844835));
#17211=CARTESIAN_POINT('',(61.5055362703238,97.5,30.3090358968095));
#17212=CARTESIAN_POINT('Ctrl Pts',(61.6871528150473,97.5,30.5108631844835));
#17213=CARTESIAN_POINT('Ctrl Pts',(61.6651964068438,97.5,30.4687784691721));
#17214=CARTESIAN_POINT('Ctrl Pts',(61.6432399986403,97.5,30.4266937538607));
#17215=CARTESIAN_POINT('Ctrl Pts',(61.6123322965537,97.5,30.3927065129594));
#17216=CARTESIAN_POINT('Ctrl Pts',(61.5823493839811,97.5,30.359736204469));
#17217=CARTESIAN_POINT('Ctrl Pts',(61.5439428271524,97.5,30.3343860506393));
#17218=CARTESIAN_POINT('Ctrl Pts',(61.5055362703238,97.5,30.3090358968095));
#17219=CARTESIAN_POINT('',(61.5055362703238,100.,30.3090358968095));
#17220=CARTESIAN_POINT('Ctrl Pts',(61.1235444070731,100.,30.2426083083467));
#17221=CARTESIAN_POINT('Ctrl Pts',(61.1235444070731,89.,30.2426083083467));
#17222=CARTESIAN_POINT('Ctrl Pts',(61.1995398325216,100.,30.2431605074143));
#17223=CARTESIAN_POINT('Ctrl Pts',(61.1995398325216,89.,30.2431605074143));
#17224=CARTESIAN_POINT('Ctrl Pts',(61.3309575870554,100.,30.2441154170171));
#17225=CARTESIAN_POINT('Ctrl Pts',(61.3309575870554,89.,30.2441154170171));
#17226=CARTESIAN_POINT('Ctrl Pts',(61.4537510374768,100.,30.2897785504964));
#17227=CARTESIAN_POINT('Ctrl Pts',(61.4537510374768,89.,30.2897785504964));
#17228=CARTESIAN_POINT('Ctrl Pts',(61.5055362703238,100.,30.3090358968095));
#17229=CARTESIAN_POINT('Ctrl Pts',(61.5055362703238,89.,30.3090358968095));
#17230=CARTESIAN_POINT('',(61.1235444070731,97.5,30.2426083083467));
#17231=CARTESIAN_POINT('Ctrl Pts',(61.5055362703238,97.5,30.3090358968095));
#17232=CARTESIAN_POINT('Ctrl Pts',(61.4537510374768,97.5,30.2897785504964));
#17233=CARTESIAN_POINT('Ctrl Pts',(61.4019658046298,97.5,30.2705212041832));
#17234=CARTESIAN_POINT('Ctrl Pts',(61.3486467124854,97.5,30.259215354474));
#17235=CARTESIAN_POINT('Ctrl Pts',(61.2755352579702,97.5,30.243712706482));
#17236=CARTESIAN_POINT('Ctrl Pts',(61.1995398325216,97.5,30.2431605074143));
#17237=CARTESIAN_POINT('Ctrl Pts',(61.1235444070731,97.5,30.2426083083467));
#17238=CARTESIAN_POINT('',(61.1235444070731,100.,30.2426083083467));
#17239=CARTESIAN_POINT('Ctrl Pts',(60.6426440002356,100.,30.2988834376649));
#17240=CARTESIAN_POINT('Ctrl Pts',(60.6426440002356,89.,30.2988834376649));
#17241=CARTESIAN_POINT('Ctrl Pts',(60.7253682055929,100.,30.2824781799849));
#17242=CARTESIAN_POINT('Ctrl Pts',(60.7253682055929,89.,30.2824781799849));
#17243=CARTESIAN_POINT('Ctrl Pts',(60.8842062279322,100.,30.2509785883647));
#17244=CARTESIAN_POINT('Ctrl Pts',(60.8842062279322,89.,30.2509785883647));
#17245=CARTESIAN_POINT('Ctrl Pts',(61.0460096134892,100.,30.2453199021917));
#17246=CARTESIAN_POINT('Ctrl Pts',(61.0460096134892,89.,30.2453199021917));
#17247=CARTESIAN_POINT('Ctrl Pts',(61.1235444070731,100.,30.2426083083467));
#17248=CARTESIAN_POINT('Ctrl Pts',(61.1235444070731,89.,30.2426083083467));
#17249=CARTESIAN_POINT('',(60.6426440002356,97.5,30.2988834376649));
#17250=CARTESIAN_POINT('Ctrl Pts',(61.1235444070731,97.5,30.2426083083467));
#17251=CARTESIAN_POINT('Ctrl Pts',(61.0460096134892,97.5,30.2453199021917));
#17252=CARTESIAN_POINT('Ctrl Pts',(60.9684748199053,97.5,30.2480314960367));
#17253=CARTESIAN_POINT('Ctrl Pts',(60.8916209461127,97.5,30.256676792653));
#17254=CARTESIAN_POINT('Ctrl Pts',(60.8080924109502,97.5,30.2660729223049));
#17255=CARTESIAN_POINT('Ctrl Pts',(60.7253682055929,97.5,30.2824781799849));
#17256=CARTESIAN_POINT('Ctrl Pts',(60.6426440002356,97.5,30.2988834376649));
#17257=CARTESIAN_POINT('',(60.6426440002356,100.,30.2988834376649));
#17258=CARTESIAN_POINT('Origin',(60.6938038589392,100.,30.7779989834146));
#17259=CARTESIAN_POINT('',(59.4033853112216,97.5,18.693141784785));
#17260=CARTESIAN_POINT('Origin',(65.7440306069289,100.,30.2835358376817));
#17261=CARTESIAN_POINT('',(66.5328214885626,97.5,30.2835358376817));
#17262=CARTESIAN_POINT('',(65.7440306069289,97.5,30.2835358376817));
#17263=CARTESIAN_POINT('',(92.8720153034644,97.5,30.2835358376817));
#17264=CARTESIAN_POINT('',(66.5328214885626,100.,30.2835358376817));
#17265=CARTESIAN_POINT('',(65.7440306069289,100.,30.2835358376817));
#17266=CARTESIAN_POINT('Origin',(65.6221802355681,100.,30.6962234969453));
#17267=CARTESIAN_POINT('',(65.6221802355681,97.5,30.6962234969453));
#17268=CARTESIAN_POINT('',(71.9707103610509,97.5,9.19477046080527));
#17269=CARTESIAN_POINT('',(65.6221802355681,100.,30.6962234969453));
#17270=CARTESIAN_POINT('Origin',(64.7451124908362,100.,30.6962234969453));
#17271=CARTESIAN_POINT('',(64.7451124908362,97.5,30.6962234969453));
#17272=CARTESIAN_POINT('',(92.3725562454181,97.5,30.6962234969453));
#17273=CARTESIAN_POINT('',(64.7451124908362,100.,30.6962234969453));
#17274=CARTESIAN_POINT('Origin',(64.6200643302832,100.,30.2835358376817));
#17275=CARTESIAN_POINT('',(64.6200643302832,97.5,30.2835358376817));
#17276=CARTESIAN_POINT('',(62.7463466011521,97.5,24.0998368505364));
#17277=CARTESIAN_POINT('',(64.6200643302832,100.,30.2835358376817));
#17278=CARTESIAN_POINT('Origin',(63.8111297609244,100.,30.2835358376817));
#17279=CARTESIAN_POINT('',(63.8111297609244,97.5,30.2835358376817));
#17280=CARTESIAN_POINT('',(91.9055648804622,97.5,30.2835358376817));
#17281=CARTESIAN_POINT('',(63.8111297609244,100.,30.2835358376817));
#17282=CARTESIAN_POINT('Origin',(64.7505746604834,100.,32.7835358376817));
#17283=CARTESIAN_POINT('',(64.7505746604834,97.5,32.7835358376817));
#17284=CARTESIAN_POINT('',(62.7712660219097,97.5,27.5163066486605));
#17285=CARTESIAN_POINT('',(64.7505746604834,100.,32.7835358376817));
#17286=CARTESIAN_POINT('Origin',(65.5932162525092,100.,32.7835358376817));
#17287=CARTESIAN_POINT('',(65.5932162525092,97.5,32.7835358376817));
#17288=CARTESIAN_POINT('',(92.7966081262546,97.5,32.7835358376817));
#17289=CARTESIAN_POINT('',(65.5932162525092,100.,32.7835358376817));
#17290=CARTESIAN_POINT('Origin',(66.5328214885626,100.,30.2835358376817));
#17291=CARTESIAN_POINT('',(74.8282584908449,97.5,8.21193415864892));
#17292=CARTESIAN_POINT('Ctrl Pts',(73.55812102475,0.,33.5722694103164));
#17293=CARTESIAN_POINT('Ctrl Pts',(73.55812102475,12.,33.5722694103164));
#17294=CARTESIAN_POINT('Ctrl Pts',(73.4333976132664,0.,33.6311314114816));
#17295=CARTESIAN_POINT('Ctrl Pts',(73.4333976132664,12.,33.6311314114816));
#17296=CARTESIAN_POINT('Ctrl Pts',(73.1879231995039,0.,33.7469806739177));
#17297=CARTESIAN_POINT('Ctrl Pts',(73.1879231995039,12.,33.7469806739177));
#17298=CARTESIAN_POINT('Ctrl Pts',(73.0019635130625,0.,33.9445726395837));
#17299=CARTESIAN_POINT('Ctrl Pts',(73.0019635130625,12.,33.9445726395837));
#17300=CARTESIAN_POINT('Ctrl Pts',(72.9104883235423,0.,34.0417698485748));
#17301=CARTESIAN_POINT('Ctrl Pts',(72.9104883235423,12.,34.0417698485748));
#17302=CARTESIAN_POINT('',(72.9104883235423,2.5,34.0417698485748));
#17303=CARTESIAN_POINT('',(73.55812102475,2.5,33.5722694103164));
#17304=CARTESIAN_POINT('Ctrl Pts',(72.9104883235423,2.5,34.0417698485748));
#17305=CARTESIAN_POINT('Ctrl Pts',(73.0019635130625,2.5,33.9445726395837));
#17306=CARTESIAN_POINT('Ctrl Pts',(73.0934387025826,2.5,33.8473754305927));
#17307=CARTESIAN_POINT('Ctrl Pts',(73.1993149193991,2.5,33.7699578451247));
#17308=CARTESIAN_POINT('Ctrl Pts',(73.3086742017828,2.5,33.6899934126467));
#17309=CARTESIAN_POINT('Ctrl Pts',(73.4333976132664,2.5,33.6311314114816));
#17310=CARTESIAN_POINT('Ctrl Pts',(73.55812102475,2.5,33.5722694103164));
#17311=CARTESIAN_POINT('',(72.9104883235423,0.,34.0417698485748));
#17312=CARTESIAN_POINT('',(72.9104883235423,0.,34.0417698485748));
#17313=CARTESIAN_POINT('',(73.55812102475,0.,33.5722694103164));
#17314=CARTESIAN_POINT('Ctrl Pts',(73.55812102475,0.,33.5722694103164));
#17315=CARTESIAN_POINT('Ctrl Pts',(73.4333976132664,0.,33.6311314114816));
#17316=CARTESIAN_POINT('Ctrl Pts',(73.1879231995039,0.,33.7469806739177));
#17317=CARTESIAN_POINT('Ctrl Pts',(73.0019635130625,0.,33.9445726395837));
#17318=CARTESIAN_POINT('Ctrl Pts',(72.9104883235423,0.,34.0417698485748));
#17319=CARTESIAN_POINT('',(73.55812102475,0.,33.5722694103164));
#17320=CARTESIAN_POINT('Ctrl Pts',(74.6340453182817,0.,33.4110772701205));
#17321=CARTESIAN_POINT('Ctrl Pts',(74.6340453182817,12.,33.4110772701205));
#17322=CARTESIAN_POINT('Ctrl Pts',(74.4290028602539,0.,33.4140984470552));
#17323=CARTESIAN_POINT('Ctrl Pts',(74.4290028602539,12.,33.4140984470552));
#17324=CARTESIAN_POINT('Ctrl Pts',(74.062567891451,0.,33.4194976452819));
#17325=CARTESIAN_POINT('Ctrl Pts',(74.062567891451,12.,33.4194976452819));
#17326=CARTESIAN_POINT('Ctrl Pts',(73.7123645030066,0.,33.5255567633088));
#17327=CARTESIAN_POINT('Ctrl Pts',(73.7123645030066,12.,33.5255567633088));
#17328=CARTESIAN_POINT('Ctrl Pts',(73.55812102475,0.,33.5722694103164));
#17329=CARTESIAN_POINT('Ctrl Pts',(73.55812102475,12.,33.5722694103164));
#17330=CARTESIAN_POINT('',(74.6340453182817,2.5,33.4110772701205));
#17331=CARTESIAN_POINT('Ctrl Pts',(73.55812102475,2.5,33.5722694103164));
#17332=CARTESIAN_POINT('Ctrl Pts',(73.7123645030066,2.5,33.5255567633088));
#17333=CARTESIAN_POINT('Ctrl Pts',(73.8666079812632,2.5,33.4788441163011));
#17334=CARTESIAN_POINT('Ctrl Pts',(74.024000177317,2.5,33.4516581989118));
#17335=CARTESIAN_POINT('Ctrl Pts',(74.2239604022262,2.5,33.4171196239898));
#17336=CARTESIAN_POINT('Ctrl Pts',(74.4290028602539,2.5,33.4140984470552));
#17337=CARTESIAN_POINT('Ctrl Pts',(74.6340453182817,2.5,33.4110772701205));
#17338=CARTESIAN_POINT('',(74.6340453182817,0.,33.4110772701205));
#17339=CARTESIAN_POINT('Ctrl Pts',(74.6340453182817,0.,33.4110772701205));
#17340=CARTESIAN_POINT('Ctrl Pts',(74.4290028602539,0.,33.4140984470552));
#17341=CARTESIAN_POINT('Ctrl Pts',(74.062567891451,0.,33.4194976452819));
#17342=CARTESIAN_POINT('Ctrl Pts',(73.7123645030066,0.,33.5255567633088));
#17343=CARTESIAN_POINT('Ctrl Pts',(73.55812102475,0.,33.5722694103164));
#17344=CARTESIAN_POINT('',(74.6340453182817,0.,33.4110772701205));
#17345=CARTESIAN_POINT('Ctrl Pts',(75.7631465781793,0.,33.6267171719056));
#17346=CARTESIAN_POINT('Ctrl Pts',(75.7631465781793,12.,33.6267171719056));
#17347=CARTESIAN_POINT('Ctrl Pts',(75.5991985523833,0.,33.563837239235));
#17348=CARTESIAN_POINT('Ctrl Pts',(75.5991985523833,12.,33.563837239235));
#17349=CARTESIAN_POINT('Ctrl Pts',(75.2364507963389,0.,33.4247104985151));
#17350=CARTESIAN_POINT('Ctrl Pts',(75.2364507963389,12.,33.4247104985151));
#17351=CARTESIAN_POINT('Ctrl Pts',(74.8473096449169,0.,33.415903722368));
#17352=CARTESIAN_POINT('Ctrl Pts',(74.8473096449169,12.,33.415903722368));
#17353=CARTESIAN_POINT('Ctrl Pts',(74.6340453182817,0.,33.4110772701205));
#17354=CARTESIAN_POINT('Ctrl Pts',(74.6340453182817,12.,33.4110772701205));
#17355=CARTESIAN_POINT('',(75.7631465781793,2.5,33.6267171719056));
#17356=CARTESIAN_POINT('Ctrl Pts',(74.6340453182817,2.5,33.4110772701205));
#17357=CARTESIAN_POINT('Ctrl Pts',(74.8473096449169,2.5,33.415903722368));
#17358=CARTESIAN_POINT('Ctrl Pts',(75.0605739715521,2.5,33.4207301746154));
#17359=CARTESIAN_POINT('Ctrl Pts',(75.2659111427137,2.5,33.4646977303737));
#17360=CARTESIAN_POINT('Ctrl Pts',(75.4352505265873,2.5,33.5009573065645));
#17361=CARTESIAN_POINT('Ctrl Pts',(75.5991985523833,2.5,33.563837239235));
#17362=CARTESIAN_POINT('Ctrl Pts',(75.7631465781793,2.5,33.6267171719056));
#17363=CARTESIAN_POINT('',(75.7631465781793,0.,33.6267171719056));
#17364=CARTESIAN_POINT('Ctrl Pts',(75.7631465781793,0.,33.6267171719056));
#17365=CARTESIAN_POINT('Ctrl Pts',(75.5991985523833,0.,33.563837239235));
#17366=CARTESIAN_POINT('Ctrl Pts',(75.2364507963389,0.,33.4247104985151));
#17367=CARTESIAN_POINT('Ctrl Pts',(74.8473096449169,0.,33.415903722368));
#17368=CARTESIAN_POINT('Ctrl Pts',(74.6340453182817,0.,33.4110772701205));
#17369=CARTESIAN_POINT('',(75.7631465781793,0.,33.6267171719056));
#17370=CARTESIAN_POINT('Ctrl Pts',(76.4219115510426,0.,34.2434971648001));
#17371=CARTESIAN_POINT('Ctrl Pts',(76.4219115510426,12.,34.2434971648001));
#17372=CARTESIAN_POINT('Ctrl Pts',(76.3364605410163,0.,34.1172628688462));
#17373=CARTESIAN_POINT('Ctrl Pts',(76.3364605410163,12.,34.1172628688462));
#17374=CARTESIAN_POINT('Ctrl Pts',(76.1636115839145,0.,33.8619181233671));
#17375=CARTESIAN_POINT('Ctrl Pts',(76.1636115839145,12.,33.8619181233671));
#17376=CARTESIAN_POINT('Ctrl Pts',(75.8976335550272,0.,33.7057040108573));
#17377=CARTESIAN_POINT('Ctrl Pts',(75.8976335550272,12.,33.7057040108573));
#17378=CARTESIAN_POINT('Ctrl Pts',(75.7631465781793,0.,33.6267171719056));
#17379=CARTESIAN_POINT('Ctrl Pts',(75.7631465781793,12.,33.6267171719056));
#17380=CARTESIAN_POINT('',(76.4219115510426,2.5,34.2434971648001));
#17381=CARTESIAN_POINT('Ctrl Pts',(75.7631465781793,2.5,33.6267171719056));
#17382=CARTESIAN_POINT('Ctrl Pts',(75.8976335550272,2.5,33.7057040108573));
#17383=CARTESIAN_POINT('Ctrl Pts',(76.0321205318751,2.5,33.784690849809));
#17384=CARTESIAN_POINT('Ctrl Pts',(76.1427977929983,2.5,33.8890217853499));
#17385=CARTESIAN_POINT('Ctrl Pts',(76.25100953099,2.5,33.9910285728923));
#17386=CARTESIAN_POINT('Ctrl Pts',(76.3364605410163,2.5,34.1172628688462));
#17387=CARTESIAN_POINT('Ctrl Pts',(76.4219115510426,2.5,34.2434971648001));
#17388=CARTESIAN_POINT('',(76.4219115510426,0.,34.2434971648001));
#17389=CARTESIAN_POINT('Ctrl Pts',(76.4219115510426,0.,34.2434971648001));
#17390=CARTESIAN_POINT('Ctrl Pts',(76.3364605410163,0.,34.1172628688462));
#17391=CARTESIAN_POINT('Ctrl Pts',(76.1636115839145,0.,33.8619181233671));
#17392=CARTESIAN_POINT('Ctrl Pts',(75.8976335550272,0.,33.7057040108573));
#17393=CARTESIAN_POINT('Ctrl Pts',(75.7631465781793,0.,33.6267171719056));
#17394=CARTESIAN_POINT('',(76.4219115510426,0.,34.2434971648001));
#17395=CARTESIAN_POINT('Ctrl Pts',(76.6511190898727,0.,35.08061977845));
#17396=CARTESIAN_POINT('Ctrl Pts',(76.6511190898727,12.,35.08061977845));
#17397=CARTESIAN_POINT('Ctrl Pts',(76.6409368886184,0.,34.9356593390951));
#17398=CARTESIAN_POINT('Ctrl Pts',(76.6409368886184,12.,34.9356593390951));
#17399=CARTESIAN_POINT('Ctrl Pts',(76.6202728113259,0.,34.6414720952585));
#17400=CARTESIAN_POINT('Ctrl Pts',(76.6202728113259,12.,34.6414720952585));
#17401=CARTESIAN_POINT('Ctrl Pts',(76.4886681572379,0.,34.3774318638954));
#17402=CARTESIAN_POINT('Ctrl Pts',(76.4886681572379,12.,34.3774318638954));
#17403=CARTESIAN_POINT('Ctrl Pts',(76.4219115510426,0.,34.2434971648001));
#17404=CARTESIAN_POINT('Ctrl Pts',(76.4219115510426,12.,34.2434971648001));
#17405=CARTESIAN_POINT('',(76.6511190898727,2.5,35.08061977845));
#17406=CARTESIAN_POINT('Ctrl Pts',(76.4219115510426,2.5,34.2434971648001));
#17407=CARTESIAN_POINT('Ctrl Pts',(76.4886681572379,2.5,34.3774318638954));
#17408=CARTESIAN_POINT('Ctrl Pts',(76.5554247634331,2.5,34.5113665629906));
#17409=CARTESIAN_POINT('Ctrl Pts',(76.5936359505786,2.5,34.6530581994392));
#17410=CARTESIAN_POINT('Ctrl Pts',(76.6307546873641,2.5,34.7906988997401));
#17411=CARTESIAN_POINT('Ctrl Pts',(76.6409368886184,2.5,34.9356593390951));
#17412=CARTESIAN_POINT('Ctrl Pts',(76.6511190898727,2.5,35.08061977845));
#17413=CARTESIAN_POINT('',(76.6511190898727,0.,35.08061977845));
#17414=CARTESIAN_POINT('Ctrl Pts',(76.6511190898727,0.,35.08061977845));
#17415=CARTESIAN_POINT('Ctrl Pts',(76.6409368886184,0.,34.9356593390951));
#17416=CARTESIAN_POINT('Ctrl Pts',(76.6202728113259,0.,34.6414720952585));
#17417=CARTESIAN_POINT('Ctrl Pts',(76.4886681572379,0.,34.3774318638954));
#17418=CARTESIAN_POINT('Ctrl Pts',(76.4219115510426,0.,34.2434971648001));
#17419=CARTESIAN_POINT('',(76.6511190898727,0.,35.08061977845));
#17420=CARTESIAN_POINT('Ctrl Pts',(76.5134839743257,0.,35.6793018089294));
#17421=CARTESIAN_POINT('Ctrl Pts',(76.5134839743257,12.,35.6793018089294));
#17422=CARTESIAN_POINT('Ctrl Pts',(76.5536690981013,0.,35.5889684019445));
#17423=CARTESIAN_POINT('Ctrl Pts',(76.5536690981013,12.,35.5889684019445));
#17424=CARTESIAN_POINT('Ctrl Pts',(76.6383568040131,0.,35.3985962371735));
#17425=CARTESIAN_POINT('Ctrl Pts',(76.6383568040131,12.,35.3985962371735));
#17426=CARTESIAN_POINT('Ctrl Pts',(76.6467228253911,0.,35.1901541225988));
#17427=CARTESIAN_POINT('Ctrl Pts',(76.6467228253911,12.,35.1901541225988));
#17428=CARTESIAN_POINT('Ctrl Pts',(76.6511190898727,0.,35.08061977845));
#17429=CARTESIAN_POINT('Ctrl Pts',(76.6511190898727,12.,35.08061977845));
#17430=CARTESIAN_POINT('',(76.5134839743257,2.5,35.6793018089294));
#17431=CARTESIAN_POINT('Ctrl Pts',(76.6511190898727,2.5,35.08061977845));
#17432=CARTESIAN_POINT('Ctrl Pts',(76.6467228253911,2.5,35.1901541225988));
#17433=CARTESIAN_POINT('Ctrl Pts',(76.6423265609095,2.5,35.2996884667475));
#17434=CARTESIAN_POINT('Ctrl Pts',(76.6168548088304,2.5,35.4042329707833));
#17435=CARTESIAN_POINT('Ctrl Pts',(76.5938542218769,2.5,35.4986349949596));
#17436=CARTESIAN_POINT('Ctrl Pts',(76.5536690981013,2.5,35.5889684019445));
#17437=CARTESIAN_POINT('Ctrl Pts',(76.5134839743257,2.5,35.6793018089294));
#17438=CARTESIAN_POINT('',(76.5134839743257,0.,35.6793018089294));
#17439=CARTESIAN_POINT('Ctrl Pts',(76.5134839743257,0.,35.6793018089294));
#17440=CARTESIAN_POINT('Ctrl Pts',(76.5536690981013,0.,35.5889684019445));
#17441=CARTESIAN_POINT('Ctrl Pts',(76.6383568040131,0.,35.3985962371735));
#17442=CARTESIAN_POINT('Ctrl Pts',(76.6467228253911,0.,35.1901541225988));
#17443=CARTESIAN_POINT('Ctrl Pts',(76.6511190898727,0.,35.08061977845));
#17444=CARTESIAN_POINT('',(76.5134839743257,0.,35.6793018089294));
#17445=CARTESIAN_POINT('Ctrl Pts',(76.1267114295753,0.,36.0837832040009));
#17446=CARTESIAN_POINT('Ctrl Pts',(76.1267114295753,12.,36.0837832040009));
#17447=CARTESIAN_POINT('Ctrl Pts',(76.2049066658993,0.,36.028748772843));
#17448=CARTESIAN_POINT('Ctrl Pts',(76.2049066658993,12.,36.028748772843));
#17449=CARTESIAN_POINT('Ctrl Pts',(76.3604131389603,0.,35.9193020764891));
#17450=CARTESIAN_POINT('Ctrl Pts',(76.3604131389603,12.,35.9193020764891));
#17451=CARTESIAN_POINT('Ctrl Pts',(76.4626540971624,0.,35.7589981409581));
#17452=CARTESIAN_POINT('Ctrl Pts',(76.4626540971624,12.,35.7589981409581));
#17453=CARTESIAN_POINT('Ctrl Pts',(76.5134839743257,0.,35.6793018089294));
#17454=CARTESIAN_POINT('Ctrl Pts',(76.5134839743257,12.,35.6793018089294));
#17455=CARTESIAN_POINT('',(76.1267114295753,2.5,36.0837832040009));
#17456=CARTESIAN_POINT('Ctrl Pts',(76.5134839743257,2.5,35.6793018089294));
#17457=CARTESIAN_POINT('Ctrl Pts',(76.4626540971624,2.5,35.7589981409581));
#17458=CARTESIAN_POINT('Ctrl Pts',(76.4118242199992,2.5,35.838694472987));
#17459=CARTESIAN_POINT('Ctrl Pts',(76.3478289316552,2.5,35.9058206371115));
#17460=CARTESIAN_POINT('Ctrl Pts',(76.2831019022234,2.5,35.9737143416851));
#17461=CARTESIAN_POINT('Ctrl Pts',(76.2049066658993,2.5,36.028748772843));
#17462=CARTESIAN_POINT('Ctrl Pts',(76.1267114295753,2.5,36.0837832040009));
#17463=CARTESIAN_POINT('',(76.1267114295753,0.,36.0837832040009));
#17464=CARTESIAN_POINT('Ctrl Pts',(76.1267114295753,0.,36.0837832040009));
#17465=CARTESIAN_POINT('Ctrl Pts',(76.2049066658993,0.,36.028748772843));
#17466=CARTESIAN_POINT('Ctrl Pts',(76.3604131389603,0.,35.9193020764891));
#17467=CARTESIAN_POINT('Ctrl Pts',(76.4626540971624,0.,35.7589981409581));
#17468=CARTESIAN_POINT('Ctrl Pts',(76.5134839743257,0.,35.6793018089294));
#17469=CARTESIAN_POINT('',(76.1267114295753,0.,36.0837832040009));
#17470=CARTESIAN_POINT('Ctrl Pts',(75.6834666719372,0.,36.2512726019427));
#17471=CARTESIAN_POINT('Ctrl Pts',(75.6834666719372,12.,36.2512726019427));
#17472=CARTESIAN_POINT('Ctrl Pts',(75.77007915643,0.,36.2288570049008));
#17473=CARTESIAN_POINT('Ctrl Pts',(75.77007915643,12.,36.2288570049008));
#17474=CARTESIAN_POINT('Ctrl Pts',(75.9240405884244,0.,36.1890112778119));
#17475=CARTESIAN_POINT('Ctrl Pts',(75.9240405884244,12.,36.1890112778119));
#17476=CARTESIAN_POINT('Ctrl Pts',(76.0650348472484,0.,36.115806103401));
#17477=CARTESIAN_POINT('Ctrl Pts',(76.0650348472484,12.,36.115806103401));
#17478=CARTESIAN_POINT('Ctrl Pts',(76.1267114295753,0.,36.0837832040009));
#17479=CARTESIAN_POINT('Ctrl Pts',(76.1267114295753,12.,36.0837832040009));
#17480=CARTESIAN_POINT('',(75.6834666719372,2.5,36.2512726019427));
#17481=CARTESIAN_POINT('Ctrl Pts',(76.1267114295753,2.5,36.0837832040009));
#17482=CARTESIAN_POINT('Ctrl Pts',(76.0650348472484,2.5,36.115806103401));
#17483=CARTESIAN_POINT('Ctrl Pts',(76.0033582649215,2.5,36.1478290028011));
#17484=CARTESIAN_POINT('Ctrl Pts',(75.9392003610102,2.5,36.1734684356126));
#17485=CARTESIAN_POINT('Ctrl Pts',(75.8566916409227,2.5,36.2064414078588));
#17486=CARTESIAN_POINT('Ctrl Pts',(75.77007915643,2.5,36.2288570049008));
#17487=CARTESIAN_POINT('Ctrl Pts',(75.6834666719372,2.5,36.2512726019427));
#17488=CARTESIAN_POINT('',(75.6834666719372,0.,36.2512726019427));
#17489=CARTESIAN_POINT('Ctrl Pts',(75.6834666719372,0.,36.2512726019427));
#17490=CARTESIAN_POINT('Ctrl Pts',(75.77007915643,0.,36.2288570049008));
#17491=CARTESIAN_POINT('Ctrl Pts',(75.9240405884244,0.,36.1890112778119));
#17492=CARTESIAN_POINT('Ctrl Pts',(76.0650348472484,0.,36.115806103401));
#17493=CARTESIAN_POINT('Ctrl Pts',(76.1267114295753,0.,36.0837832040009));
#17494=CARTESIAN_POINT('',(75.6834666719372,0.,36.2512726019427));
#17495=CARTESIAN_POINT('Ctrl Pts',(76.2193190363835,0.,36.7112648785835));
#17496=CARTESIAN_POINT('Ctrl Pts',(76.2193190363835,12.,36.7112648785835));
#17497=CARTESIAN_POINT('Ctrl Pts',(76.1490750581933,0.,36.6245941388175));
#17498=CARTESIAN_POINT('Ctrl Pts',(76.1490750581933,12.,36.6245941388175));
#17499=CARTESIAN_POINT('Ctrl Pts',(75.9986279532872,0.,36.4389645344898));
#17500=CARTESIAN_POINT('Ctrl Pts',(75.9986279532872,12.,36.4389645344898));
#17501=CARTESIAN_POINT('Ctrl Pts',(75.7930565041533,0.,36.3165380029084));
#17502=CARTESIAN_POINT('Ctrl Pts',(75.7930565041533,12.,36.3165380029084));
#17503=CARTESIAN_POINT('Ctrl Pts',(75.6834666719372,0.,36.2512726019427));
#17504=CARTESIAN_POINT('Ctrl Pts',(75.6834666719372,12.,36.2512726019427));
#17505=CARTESIAN_POINT('',(76.2193190363835,2.5,36.7112648785835));
#17506=CARTESIAN_POINT('Ctrl Pts',(75.6834666719372,2.5,36.2512726019427));
#17507=CARTESIAN_POINT('Ctrl Pts',(75.7930565041533,2.5,36.3165380029084));
#17508=CARTESIAN_POINT('Ctrl Pts',(75.9026463363694,2.5,36.381803403874));
#17509=CARTESIAN_POINT('Ctrl Pts',(75.9965701598147,2.5,36.465030739913));
#17510=CARTESIAN_POINT('Ctrl Pts',(76.0788310800031,2.5,36.5379233990516));
#17511=CARTESIAN_POINT('Ctrl Pts',(76.1490750581933,2.5,36.6245941388175));
#17512=CARTESIAN_POINT('Ctrl Pts',(76.2193190363835,2.5,36.7112648785835));
#17513=CARTESIAN_POINT('',(76.2193190363835,0.,36.7112648785835));
#17514=CARTESIAN_POINT('Ctrl Pts',(76.2193190363835,0.,36.7112648785835));
#17515=CARTESIAN_POINT('Ctrl Pts',(76.1490750581933,0.,36.6245941388175));
#17516=CARTESIAN_POINT('Ctrl Pts',(75.9986279532872,0.,36.4389645344898));
#17517=CARTESIAN_POINT('Ctrl Pts',(75.7930565041533,0.,36.3165380029084));
#17518=CARTESIAN_POINT('Ctrl Pts',(75.6834666719372,0.,36.2512726019427));
#17519=CARTESIAN_POINT('',(76.2193190363835,0.,36.7112648785835));
#17520=CARTESIAN_POINT('Ctrl Pts',(76.3971589166639,0.,37.2977477555114));
#17521=CARTESIAN_POINT('Ctrl Pts',(76.3971589166639,12.,37.2977477555114));
#17522=CARTESIAN_POINT('Ctrl Pts',(76.3898589971146,0.,37.1925711304907));
#17523=CARTESIAN_POINT('Ctrl Pts',(76.3898589971146,12.,37.1925711304907));
#17524=CARTESIAN_POINT('Ctrl Pts',(76.375345227943,0.,36.9834579686993));
#17525=CARTESIAN_POINT('Ctrl Pts',(76.375345227943,12.,36.9834579686993));
#17526=CARTESIAN_POINT('Ctrl Pts',(76.271121743975,0.,36.8016364944946));
#17527=CARTESIAN_POINT('Ctrl Pts',(76.271121743975,12.,36.8016364944946));
#17528=CARTESIAN_POINT('Ctrl Pts',(76.2193190363835,0.,36.7112648785835));
#17529=CARTESIAN_POINT('Ctrl Pts',(76.2193190363835,12.,36.7112648785835));
#17530=CARTESIAN_POINT('',(76.3971589166639,2.5,37.2977477555114));
#17531=CARTESIAN_POINT('Ctrl Pts',(76.2193190363835,2.5,36.7112648785835));
#17532=CARTESIAN_POINT('Ctrl Pts',(76.271121743975,2.5,36.8016364944946));
#17533=CARTESIAN_POINT('Ctrl Pts',(76.3229244515665,2.5,36.8920081104057));
#17534=CARTESIAN_POINT('Ctrl Pts',(76.3525649411694,2.5,36.9891219652254));
#17535=CARTESIAN_POINT('Ctrl Pts',(76.3825590775652,2.5,37.08739450547));
#17536=CARTESIAN_POINT('Ctrl Pts',(76.3898589971146,2.5,37.1925711304907));
#17537=CARTESIAN_POINT('Ctrl Pts',(76.3971589166639,2.5,37.2977477555114));
#17538=CARTESIAN_POINT('',(76.3971589166639,0.,37.2977477555114));
#17539=CARTESIAN_POINT('Ctrl Pts',(76.3971589166639,0.,37.2977477555114));
#17540=CARTESIAN_POINT('Ctrl Pts',(76.3898589971146,0.,37.1925711304907));
#17541=CARTESIAN_POINT('Ctrl Pts',(76.375345227943,0.,36.9834579686993));
#17542=CARTESIAN_POINT('Ctrl Pts',(76.271121743975,0.,36.8016364944946));
#17543=CARTESIAN_POINT('Ctrl Pts',(76.2193190363835,0.,36.7112648785835));
#17544=CARTESIAN_POINT('',(76.3971589166639,0.,37.2977477555114));
#17545=CARTESIAN_POINT('Ctrl Pts',(75.9613573503164,0.,38.2155720601865));
#17546=CARTESIAN_POINT('Ctrl Pts',(75.9613573503164,12.,38.2155720601865));
#17547=CARTESIAN_POINT('Ctrl Pts',(76.0885785164189,0.,38.086798236504));
#17548=CARTESIAN_POINT('Ctrl Pts',(76.0885785164189,12.,38.086798236504));
#17549=CARTESIAN_POINT('Ctrl Pts',(76.3408790939588,0.,37.8314184826277));
#17550=CARTESIAN_POINT('Ctrl Pts',(76.3408790939588,12.,37.8314184826277));
#17551=CARTESIAN_POINT('Ctrl Pts',(76.3785054445526,0.,37.4746284126707));
#17552=CARTESIAN_POINT('Ctrl Pts',(76.3785054445526,12.,37.4746284126707));
#17553=CARTESIAN_POINT('Ctrl Pts',(76.3971589166639,0.,37.2977477555114));
#17554=CARTESIAN_POINT('Ctrl Pts',(76.3971589166639,12.,37.2977477555114));
#17555=CARTESIAN_POINT('',(76.3726983276007,2.5,37.5));
#17556=CARTESIAN_POINT('Ctrl Pts',(76.3971589166639,2.5,37.2977477555114));
#17557=CARTESIAN_POINT('Ctrl Pts',(76.3899996808732,2.5,37.3656348664932));
#17558=CARTESIAN_POINT('Ctrl Pts',(76.3828404450826,2.5,37.4335219774749));
#17559=CARTESIAN_POINT('Ctrl Pts',(76.3726983276006,2.5,37.5));
#17560=CARTESIAN_POINT('',(75.9613573503164,0.,38.2155720601865));
#17561=CARTESIAN_POINT('Ctrl Pts',(75.9613573503164,0.,38.2155720601865));
#17562=CARTESIAN_POINT('Ctrl Pts',(76.0885785164189,0.,38.086798236504));
#17563=CARTESIAN_POINT('Ctrl Pts',(76.3408790939588,0.,37.8314184826277));
#17564=CARTESIAN_POINT('Ctrl Pts',(76.3785054445526,0.,37.4746284126707));
#17565=CARTESIAN_POINT('Ctrl Pts',(76.3971589166639,0.,37.2977477555114));
#17566=CARTESIAN_POINT('',(75.9613573503164,12.,38.2155720601865));
#17567=CARTESIAN_POINT('',(75.9613573503164,0.,38.2155720601865));
#17568=CARTESIAN_POINT('',(76.3726983276006,12.,37.5));
#17569=CARTESIAN_POINT('Ctrl Pts',(75.9613573503164,12.,38.2155720601865));
#17570=CARTESIAN_POINT('Ctrl Pts',(76.0885785164189,12.,38.086798236504));
#17571=CARTESIAN_POINT('Ctrl Pts',(76.2928733932669,12.,37.8800100639349));
#17572=CARTESIAN_POINT('Ctrl Pts',(76.3564150400352,12.,37.6067312382733));
#17573=CARTESIAN_POINT('Ctrl Pts',(76.3726983276006,12.,37.5));
#17574=CARTESIAN_POINT('Ctrl Pts',(76.3726983276007,2.5,37.5));
#17575=CARTESIAN_POINT('Ctrl Pts',(76.3726983276007,5.66666666666667,37.5));
#17576=CARTESIAN_POINT('Ctrl Pts',(76.3726983276006,8.83333333333334,37.5));
#17577=CARTESIAN_POINT('Ctrl Pts',(76.3726983276006,12.,37.5));
#17578=CARTESIAN_POINT('Ctrl Pts',(75.0294236147455,0.,37.2170265317802));
#17579=CARTESIAN_POINT('Ctrl Pts',(75.0294236147455,12.,37.2170265317802));
#17580=CARTESIAN_POINT('Ctrl Pts',(75.0249560811876,0.,37.2881615408991));
#17581=CARTESIAN_POINT('Ctrl Pts',(75.0249560811876,12.,37.2881615408991));
#17582=CARTESIAN_POINT('Ctrl Pts',(75.0164252731611,0.,37.4239946798981));
#17583=CARTESIAN_POINT('Ctrl Pts',(75.0164252731611,12.,37.4239946798981));
#17584=CARTESIAN_POINT('Ctrl Pts',(74.9330248292601,0.,37.5310749260185));
#17585=CARTESIAN_POINT('Ctrl Pts',(74.9330248292601,12.,37.5310749260185));
#17586=CARTESIAN_POINT('Ctrl Pts',(74.8933007030908,0.,37.5820778824557));
#17587=CARTESIAN_POINT('Ctrl Pts',(74.8933007030908,12.,37.5820778824557));
#17588=CARTESIAN_POINT('',(74.953941284093,12.,37.5));
#17589=CARTESIAN_POINT('',(74.953941284093,2.5,37.5));
#17590=CARTESIAN_POINT('Ctrl Pts',(74.953941284093,12.,37.5));
#17591=CARTESIAN_POINT('Ctrl Pts',(74.953941284093,8.83333333333333,37.5));
#17592=CARTESIAN_POINT('Ctrl Pts',(74.953941284093,5.66666666666667,37.5));
#17593=CARTESIAN_POINT('Ctrl Pts',(74.953941284093,2.5,37.5));
#17594=CARTESIAN_POINT('',(74.8933007030908,12.,37.5820778824557));
#17595=CARTESIAN_POINT('Ctrl Pts',(74.953941284093,12.,37.5));
#17596=CARTESIAN_POINT('Ctrl Pts',(74.9354143132904,12.,37.5280069982462));
#17597=CARTESIAN_POINT('Ctrl Pts',(74.9143575081906,12.,37.555042440351));
#17598=CARTESIAN_POINT('Ctrl Pts',(74.8933007030908,12.,37.5820778824557));
#17599=CARTESIAN_POINT('',(74.8933007030908,0.,37.5820778824557));
#17600=CARTESIAN_POINT('',(74.8933007030908,0.,37.5820778824557));
#17601=CARTESIAN_POINT('',(75.0294236147455,0.,37.2170265317802));
#17602=CARTESIAN_POINT('Ctrl Pts',(75.0294236147455,0.,37.2170265317802));
#17603=CARTESIAN_POINT('Ctrl Pts',(75.0249560811876,0.,37.2881615408991));
#17604=CARTESIAN_POINT('Ctrl Pts',(75.0164252731611,0.,37.4239946798981));
#17605=CARTESIAN_POINT('Ctrl Pts',(74.9330248292601,0.,37.5310749260185));
#17606=CARTESIAN_POINT('Ctrl Pts',(74.8933007030908,0.,37.5820778824557));
#17607=CARTESIAN_POINT('',(75.0294236147455,2.5,37.2170265317802));
#17608=CARTESIAN_POINT('',(75.0294236147455,0.,37.2170265317802));
#17609=CARTESIAN_POINT('Ctrl Pts',(74.953941284093,2.5,37.5));
#17610=CARTESIAN_POINT('Ctrl Pts',(74.9720833535849,2.5,37.4725748524216));
#17611=CARTESIAN_POINT('Ctrl Pts',(74.9875515298452,2.5,37.4448188158759));
#17612=CARTESIAN_POINT('Ctrl Pts',(75.020892806719,2.5,37.3528596707791));
#17613=CARTESIAN_POINT('Ctrl Pts',(75.0251582107323,2.5,37.2849431012796));
#17614=CARTESIAN_POINT('Ctrl Pts',(75.0294236147455,2.5,37.2170265317802));
#17615=CARTESIAN_POINT('Origin',(74.5858660929678,12.,35.9963804867842));
#17616=CARTESIAN_POINT('',(67.2929330464839,12.,37.5));
#17617=CARTESIAN_POINT('',(74.5462443710312,12.,38.5816837034479));
#17618=CARTESIAN_POINT('Ctrl Pts',(74.5462443710312,12.,38.5816837034479));
#17619=CARTESIAN_POINT('Ctrl Pts',(74.8347846332254,12.,38.5772389815194));
#17620=CARTESIAN_POINT('Ctrl Pts',(75.3390779345085,12.,38.5694707640875));
#17621=CARTESIAN_POINT('Ctrl Pts',(75.7748989689661,12.,38.3216134586565));
#17622=CARTESIAN_POINT('Ctrl Pts',(75.9613573503164,12.,38.2155720601865));
#17623=CARTESIAN_POINT('',(73.2277546885884,12.,38.2485337463184));
#17624=CARTESIAN_POINT('Ctrl Pts',(73.2277546885884,12.,38.2485337463184));
#17625=CARTESIAN_POINT('Ctrl Pts',(73.4115786862957,12.,38.3455898669687));
#17626=CARTESIAN_POINT('Ctrl Pts',(73.8224638512716,12.,38.5625306398967));
#17627=CARTESIAN_POINT('Ctrl Pts',(74.2886326545649,12.,38.5748666457318));
#17628=CARTESIAN_POINT('Ctrl Pts',(74.5462443710312,12.,38.5816837034479));
#17629=CARTESIAN_POINT('',(72.6709115031892,12.,37.5));
#17630=CARTESIAN_POINT('Ctrl Pts',(72.6709115031892,12.,37.5));
#17631=CARTESIAN_POINT('Ctrl Pts',(72.7157107225517,12.,37.6208500216138));
#17632=CARTESIAN_POINT('Ctrl Pts',(72.843361639144,12.,37.9088587934974));
#17633=CARTESIAN_POINT('Ctrl Pts',(73.0842081569059,12.,38.1216866000254));
#17634=CARTESIAN_POINT('Ctrl Pts',(73.2277546885884,12.,38.2485337463184));
#17635=CARTESIAN_POINT('',(74.0684785285099,12.,37.5));
#17636=CARTESIAN_POINT('',(67.2929330464839,12.,37.5));
#17637=CARTESIAN_POINT('',(74.1190759114517,12.,37.5707826944412));
#17638=CARTESIAN_POINT('Ctrl Pts',(74.1190759114517,12.,37.5707826944412));
#17639=CARTESIAN_POINT('Ctrl Pts',(74.1019852037279,12.,37.5472848989905));
#17640=CARTESIAN_POINT('Ctrl Pts',(74.0848944960041,12.,37.5237871035398));
#17641=CARTESIAN_POINT('Ctrl Pts',(74.0684785285099,12.,37.5));
#17642=CARTESIAN_POINT('',(74.5182438183442,12.,37.7188146475433));
#17643=CARTESIAN_POINT('Ctrl Pts',(74.5182438183442,12.,37.7188146475433));
#17644=CARTESIAN_POINT('Ctrl Pts',(74.4413140690462,12.,37.7137216843544));
#17645=CARTESIAN_POINT('Ctrl Pts',(74.2932394391994,12.,37.7039187323638));
#17646=CARTESIAN_POINT('Ctrl Pts',(74.1755984506874,12.,37.6139902880429));
#17647=CARTESIAN_POINT('Ctrl Pts',(74.1190759114517,12.,37.5707826944412));
#17648=CARTESIAN_POINT('Ctrl Pts',(74.8933007030908,12.,37.5820778824557));
#17649=CARTESIAN_POINT('Ctrl Pts',(74.841463522611,12.,37.6218735722145));
#17650=CARTESIAN_POINT('Ctrl Pts',(74.731224814095,12.,37.706504437607));
#17651=CARTESIAN_POINT('Ctrl Pts',(74.5920009231065,12.,37.7145515186161));
#17652=CARTESIAN_POINT('Ctrl Pts',(74.5182438183442,12.,37.7188146475433));
#17653=CARTESIAN_POINT('Ctrl Pts',(72.5976943428646,0.,37.2872552250303));
#17654=CARTESIAN_POINT('Ctrl Pts',(72.5976943428646,12.,37.2872552250303));
#17655=CARTESIAN_POINT('Ctrl Pts',(72.6622271497632,0.,37.4821232554412));
#17656=CARTESIAN_POINT('Ctrl Pts',(72.6622271497632,12.,37.4821232554412));
#17657=CARTESIAN_POINT('Ctrl Pts',(72.7870736775745,0.,37.8591190525782));
#17658=CARTESIAN_POINT('Ctrl Pts',(72.7870736775745,12.,37.8591190525782));
#17659=CARTESIAN_POINT('Ctrl Pts',(73.0842081569059,0.,38.1216866000254));
#17660=CARTESIAN_POINT('Ctrl Pts',(73.0842081569059,12.,38.1216866000254));
#17661=CARTESIAN_POINT('Ctrl Pts',(73.2277546885884,0.,38.2485337463184));
#17662=CARTESIAN_POINT('Ctrl Pts',(73.2277546885884,12.,38.2485337463184));
#17663=CARTESIAN_POINT('',(72.6709115031892,2.5,37.5));
#17664=CARTESIAN_POINT('Ctrl Pts',(72.6709115031892,12.,37.5));
#17665=CARTESIAN_POINT('Ctrl Pts',(72.6709115031892,8.83333333333333,37.5));
#17666=CARTESIAN_POINT('Ctrl Pts',(72.6709115031892,5.66666666666667,37.5));
#17667=CARTESIAN_POINT('Ctrl Pts',(72.6709115031892,2.5,37.5));
#17668=CARTESIAN_POINT('',(73.2277546885884,0.,38.2485337463184));
#17669=CARTESIAN_POINT('',(73.2277546885884,0.,38.2485337463184));
#17670=CARTESIAN_POINT('',(72.5976943428646,0.,37.2872552250303));
#17671=CARTESIAN_POINT('Ctrl Pts',(72.5976943428646,0.,37.2872552250303));
#17672=CARTESIAN_POINT('Ctrl Pts',(72.6622271497632,0.,37.4821232554412));
#17673=CARTESIAN_POINT('Ctrl Pts',(72.7870736775745,0.,37.8591190525782));
#17674=CARTESIAN_POINT('Ctrl Pts',(73.0842081569059,0.,38.1216866000254));
#17675=CARTESIAN_POINT('Ctrl Pts',(73.2277546885884,0.,38.2485337463184));
#17676=CARTESIAN_POINT('',(72.5976943428646,2.5,37.2872552250303));
#17677=CARTESIAN_POINT('',(72.5976943428646,0.,37.2872552250303));
#17678=CARTESIAN_POINT('Ctrl Pts',(72.6709115031892,2.5,37.5));
#17679=CARTESIAN_POINT('Ctrl Pts',(72.6449951917956,2.5,37.430088362328));
#17680=CARTESIAN_POINT('Ctrl Pts',(72.6213447673301,2.5,37.3586717936791));
#17681=CARTESIAN_POINT('Ctrl Pts',(72.5976943428646,2.5,37.2872552250303));
#17682=CARTESIAN_POINT('Ctrl Pts',(74.5182438183442,0.,37.7188146475433));
#17683=CARTESIAN_POINT('Ctrl Pts',(74.5182438183442,12.,37.7188146475433));
#17684=CARTESIAN_POINT('Ctrl Pts',(74.4413140690462,0.,37.7137216843544));
#17685=CARTESIAN_POINT('Ctrl Pts',(74.4413140690462,12.,37.7137216843544));
#17686=CARTESIAN_POINT('Ctrl Pts',(74.2932394391994,0.,37.7039187323638));
#17687=CARTESIAN_POINT('Ctrl Pts',(74.2932394391994,12.,37.7039187323638));
#17688=CARTESIAN_POINT('Ctrl Pts',(74.1755984506874,0.,37.6139902880429));
#17689=CARTESIAN_POINT('Ctrl Pts',(74.1755984506874,12.,37.6139902880429));
#17690=CARTESIAN_POINT('Ctrl Pts',(74.1190759114517,0.,37.5707826944412));
#17691=CARTESIAN_POINT('Ctrl Pts',(74.1190759114517,12.,37.5707826944412));
#17692=CARTESIAN_POINT('',(74.5182438183442,0.,37.7188146475433));
#17693=CARTESIAN_POINT('',(74.1190759114517,0.,37.5707826944412));
#17694=CARTESIAN_POINT('Ctrl Pts',(74.5182438183442,0.,37.7188146475433));
#17695=CARTESIAN_POINT('Ctrl Pts',(74.4413140690462,0.,37.7137216843544));
#17696=CARTESIAN_POINT('Ctrl Pts',(74.2932394391994,0.,37.7039187323638));
#17697=CARTESIAN_POINT('Ctrl Pts',(74.1755984506874,0.,37.6139902880429));
#17698=CARTESIAN_POINT('Ctrl Pts',(74.1190759114517,0.,37.5707826944412));
#17699=CARTESIAN_POINT('',(74.5182438183442,0.,37.7188146475433));
#17700=CARTESIAN_POINT('',(74.1190759114517,0.,37.5707826944412));
#17701=CARTESIAN_POINT('Ctrl Pts',(74.8933007030908,0.,37.5820778824557));
#17702=CARTESIAN_POINT('Ctrl Pts',(74.8933007030908,12.,37.5820778824557));
#17703=CARTESIAN_POINT('Ctrl Pts',(74.841463522611,0.,37.6218735722145));
#17704=CARTESIAN_POINT('Ctrl Pts',(74.841463522611,12.,37.6218735722145));
#17705=CARTESIAN_POINT('Ctrl Pts',(74.731224814095,0.,37.706504437607));
#17706=CARTESIAN_POINT('Ctrl Pts',(74.731224814095,12.,37.706504437607));
#17707=CARTESIAN_POINT('Ctrl Pts',(74.5920009231065,0.,37.7145515186161));
#17708=CARTESIAN_POINT('Ctrl Pts',(74.5920009231065,12.,37.7145515186161));
#17709=CARTESIAN_POINT('Ctrl Pts',(74.5182438183442,0.,37.7188146475433));
#17710=CARTESIAN_POINT('Ctrl Pts',(74.5182438183442,12.,37.7188146475433));
#17711=CARTESIAN_POINT('Ctrl Pts',(74.8933007030908,0.,37.5820778824557));
#17712=CARTESIAN_POINT('Ctrl Pts',(74.841463522611,0.,37.6218735722145));
#17713=CARTESIAN_POINT('Ctrl Pts',(74.731224814095,0.,37.706504437607));
#17714=CARTESIAN_POINT('Ctrl Pts',(74.5920009231065,0.,37.7145515186161));
#17715=CARTESIAN_POINT('Ctrl Pts',(74.5182438183442,0.,37.7188146475433));
#17716=CARTESIAN_POINT('Ctrl Pts',(74.8466126651824,0.,36.8044902823868));
#17717=CARTESIAN_POINT('Ctrl Pts',(74.8466126651824,12.,36.8044902823868));
#17718=CARTESIAN_POINT('Ctrl Pts',(74.8998788679088,0.,36.8644970327349));
#17719=CARTESIAN_POINT('Ctrl Pts',(74.8998788679088,12.,36.8644970327349));
#17720=CARTESIAN_POINT('Ctrl Pts',(75.004797223459,0.,36.982692234311));
#17721=CARTESIAN_POINT('Ctrl Pts',(75.004797223459,12.,36.982692234311));
#17722=CARTESIAN_POINT('Ctrl Pts',(75.0212994402797,0.,37.1397203323532));
#17723=CARTESIAN_POINT('Ctrl Pts',(75.0212994402797,12.,37.1397203323532));
#17724=CARTESIAN_POINT('Ctrl Pts',(75.0294236147455,0.,37.2170265317802));
#17725=CARTESIAN_POINT('Ctrl Pts',(75.0294236147455,12.,37.2170265317802));
#17726=CARTESIAN_POINT('',(74.8466126651824,2.5,36.8044902823868));
#17727=CARTESIAN_POINT('Ctrl Pts',(75.0294236147455,2.5,37.2170265317802));
#17728=CARTESIAN_POINT('Ctrl Pts',(75.0212994402797,2.5,37.1397203323532));
#17729=CARTESIAN_POINT('Ctrl Pts',(75.0131752658139,2.5,37.0624141329263));
#17730=CARTESIAN_POINT('Ctrl Pts',(74.983621916458,2.5,36.9945197551624));
#17731=CARTESIAN_POINT('Ctrl Pts',(74.9531450706352,2.5,36.9245037830831));
#17732=CARTESIAN_POINT('Ctrl Pts',(74.8998788679088,2.5,36.8644970327349));
#17733=CARTESIAN_POINT('Ctrl Pts',(74.8466126651824,2.5,36.8044902823868));
#17734=CARTESIAN_POINT('',(74.8466126651824,0.,36.8044902823868));
#17735=CARTESIAN_POINT('Ctrl Pts',(74.8466126651824,0.,36.8044902823868));
#17736=CARTESIAN_POINT('Ctrl Pts',(74.8998788679088,0.,36.8644970327349));
#17737=CARTESIAN_POINT('Ctrl Pts',(75.004797223459,0.,36.982692234311));
#17738=CARTESIAN_POINT('Ctrl Pts',(75.0212994402797,0.,37.1397203323532));
#17739=CARTESIAN_POINT('Ctrl Pts',(75.0294236147455,0.,37.2170265317802));
#17740=CARTESIAN_POINT('',(74.8466126651824,0.,36.8044902823868));
#17741=CARTESIAN_POINT('Ctrl Pts',(74.3911481445827,0.,36.6309253594913));
#17742=CARTESIAN_POINT('Ctrl Pts',(74.3911481445827,12.,36.6309253594913));
#17743=CARTESIAN_POINT('Ctrl Pts',(74.4776335279137,0.,36.6374403463269));
#17744=CARTESIAN_POINT('Ctrl Pts',(74.4776335279137,12.,36.6374403463269));
#17745=CARTESIAN_POINT('Ctrl Pts',(74.6468718361934,0.,36.6501891520561));
#17746=CARTESIAN_POINT('Ctrl Pts',(74.6468718361934,12.,36.6501891520561));
#17747=CARTESIAN_POINT('Ctrl Pts',(74.7810185664562,0.,36.7538184010909));
#17748=CARTESIAN_POINT('Ctrl Pts',(74.7810185664562,12.,36.7538184010909));
#17749=CARTESIAN_POINT('Ctrl Pts',(74.8466126651824,0.,36.8044902823868));
#17750=CARTESIAN_POINT('Ctrl Pts',(74.8466126651824,12.,36.8044902823868));
#17751=CARTESIAN_POINT('',(74.3911481445827,2.5,36.6309253594913));
#17752=CARTESIAN_POINT('Ctrl Pts',(74.8466126651824,2.5,36.8044902823868));
#17753=CARTESIAN_POINT('Ctrl Pts',(74.7810185664562,2.5,36.7538184010909));
#17754=CARTESIAN_POINT('Ctrl Pts',(74.71542446773,2.5,36.703146519795));
#17755=CARTESIAN_POINT('Ctrl Pts',(74.6414401701591,2.5,36.6742036411121));
#17756=CARTESIAN_POINT('Ctrl Pts',(74.5641189112447,2.5,36.6439553331624));
#17757=CARTESIAN_POINT('Ctrl Pts',(74.4776335279137,2.5,36.6374403463269));
#17758=CARTESIAN_POINT('Ctrl Pts',(74.3911481445827,2.5,36.6309253594913));
#17759=CARTESIAN_POINT('',(74.3911481445827,0.,36.6309253594913));
#17760=CARTESIAN_POINT('Ctrl Pts',(74.3911481445827,0.,36.6309253594913));
#17761=CARTESIAN_POINT('Ctrl Pts',(74.4776335279137,0.,36.6374403463269));
#17762=CARTESIAN_POINT('Ctrl Pts',(74.6468718361934,0.,36.6501891520561));
#17763=CARTESIAN_POINT('Ctrl Pts',(74.7810185664562,0.,36.7538184010909));
#17764=CARTESIAN_POINT('Ctrl Pts',(74.8466126651824,0.,36.8044902823868));
#17765=CARTESIAN_POINT('',(74.3911481445827,0.,36.6309253594913));
#17766=CARTESIAN_POINT('Ctrl Pts',(74.2103987414121,0.,36.6481280968644));
#17767=CARTESIAN_POINT('Ctrl Pts',(74.2103987414121,12.,36.6481280968644));
#17768=CARTESIAN_POINT('Ctrl Pts',(74.2447247320134,0.,36.6431603998788));
#17769=CARTESIAN_POINT('Ctrl Pts',(74.2447247320134,12.,36.6431603998788));
#17770=CARTESIAN_POINT('Ctrl Pts',(74.3047087858751,0.,36.6344794383586));
#17771=CARTESIAN_POINT('Ctrl Pts',(74.3047087858751,12.,36.6344794383586));
#17772=CARTESIAN_POINT('Ctrl Pts',(74.365251230676,0.,36.6319901484465));
#17773=CARTESIAN_POINT('Ctrl Pts',(74.365251230676,12.,36.6319901484465));
#17774=CARTESIAN_POINT('Ctrl Pts',(74.3911481445827,0.,36.6309253594913));
#17775=CARTESIAN_POINT('Ctrl Pts',(74.3911481445827,12.,36.6309253594913));
#17776=CARTESIAN_POINT('',(74.2103987414121,2.5,36.6481280968644));
#17777=CARTESIAN_POINT('Ctrl Pts',(74.3911481445827,2.5,36.6309253594913));
#17778=CARTESIAN_POINT('Ctrl Pts',(74.365251230676,2.5,36.6319901484465));
#17779=CARTESIAN_POINT('Ctrl Pts',(74.3393543167692,2.5,36.6330549374017));
#17780=CARTESIAN_POINT('Ctrl Pts',(74.3135595707654,2.5,36.6352526066739));
#17781=CARTESIAN_POINT('Ctrl Pts',(74.2790507226148,2.5,36.6381927028932));
#17782=CARTESIAN_POINT('Ctrl Pts',(74.2447247320134,2.5,36.6431603998788));
#17783=CARTESIAN_POINT('Ctrl Pts',(74.2103987414121,2.5,36.6481280968644));
#17784=CARTESIAN_POINT('',(74.2103987414121,0.,36.6481280968644));
#17785=CARTESIAN_POINT('Ctrl Pts',(74.2103987414121,0.,36.6481280968644));
#17786=CARTESIAN_POINT('Ctrl Pts',(74.2447247320134,0.,36.6431603998788));
#17787=CARTESIAN_POINT('Ctrl Pts',(74.3047087858751,0.,36.6344794383586));
#17788=CARTESIAN_POINT('Ctrl Pts',(74.365251230676,0.,36.6319901484465));
#17789=CARTESIAN_POINT('Ctrl Pts',(74.3911481445827,0.,36.6309253594913));
#17790=CARTESIAN_POINT('',(74.2103987414121,0.,36.6481280968644));
#17791=CARTESIAN_POINT('Origin',(74.1379520576028,0.,35.6556912049852));
#17792=CARTESIAN_POINT('',(74.1379520576028,2.5,35.6556912049852));
#17793=CARTESIAN_POINT('',(72.646952345677,2.5,15.2306966836103));
#17794=CARTESIAN_POINT('',(74.1379520576028,0.,35.6556912049852));
#17795=CARTESIAN_POINT('',(72.646952345677,0.,15.2306966836103));
#17796=CARTESIAN_POINT('',(74.1379520576028,0.,35.6556912049852));
#17797=CARTESIAN_POINT('Ctrl Pts',(74.588224372668,0.,35.7371736086233));
#17798=CARTESIAN_POINT('Ctrl Pts',(74.588224372668,12.,35.7371736086233));
#17799=CARTESIAN_POINT('Ctrl Pts',(74.5231108502021,0.,35.7321935917333));
#17800=CARTESIAN_POINT('Ctrl Pts',(74.5231108502021,12.,35.7321935917333));
#17801=CARTESIAN_POINT('Ctrl Pts',(74.3703728259904,0.,35.7205118716926));
#17802=CARTESIAN_POINT('Ctrl Pts',(74.3703728259904,12.,35.7205118716926));
#17803=CARTESIAN_POINT('Ctrl Pts',(74.2226813802966,0.,35.6793216715084));
#17804=CARTESIAN_POINT('Ctrl Pts',(74.2226813802966,12.,35.6793216715084));
#17805=CARTESIAN_POINT('Ctrl Pts',(74.1379520576028,0.,35.6556912049852));
#17806=CARTESIAN_POINT('Ctrl Pts',(74.1379520576028,12.,35.6556912049852));
#17807=CARTESIAN_POINT('',(74.588224372668,2.5,35.7371736086233));
#17808=CARTESIAN_POINT('Ctrl Pts',(74.1379520576028,2.5,35.6556912049852));
#17809=CARTESIAN_POINT('Ctrl Pts',(74.2226813802966,2.5,35.6793216715084));
#17810=CARTESIAN_POINT('Ctrl Pts',(74.3074107029904,2.5,35.7029521380316));
#17811=CARTESIAN_POINT('Ctrl Pts',(74.3938009652126,2.5,35.7168707173981));
#17812=CARTESIAN_POINT('Ctrl Pts',(74.4579973277363,2.5,35.7272135748433));
#17813=CARTESIAN_POINT('Ctrl Pts',(74.5231108502021,2.5,35.7321935917333));
#17814=CARTESIAN_POINT('Ctrl Pts',(74.588224372668,2.5,35.7371736086233));
#17815=CARTESIAN_POINT('',(74.588224372668,0.,35.7371736086233));
#17816=CARTESIAN_POINT('Ctrl Pts',(74.588224372668,0.,35.7371736086233));
#17817=CARTESIAN_POINT('Ctrl Pts',(74.5231108502021,0.,35.7321935917333));
#17818=CARTESIAN_POINT('Ctrl Pts',(74.3703728259904,0.,35.7205118716926));
#17819=CARTESIAN_POINT('Ctrl Pts',(74.2226813802966,0.,35.6793216715084));
#17820=CARTESIAN_POINT('Ctrl Pts',(74.1379520576028,0.,35.6556912049852));
#17821=CARTESIAN_POINT('',(74.588224372668,0.,35.7371736086233));
#17822=CARTESIAN_POINT('Ctrl Pts',(75.074082142119,0.,35.5457748315454));
#17823=CARTESIAN_POINT('Ctrl Pts',(75.074082142119,12.,35.5457748315454));
#17824=CARTESIAN_POINT('Ctrl Pts',(75.0069880664981,0.,35.601506627059));
#17825=CARTESIAN_POINT('Ctrl Pts',(75.0069880664981,12.,35.601506627059));
#17826=CARTESIAN_POINT('Ctrl Pts',(74.8664764232313,0.,35.718222836312));
#17827=CARTESIAN_POINT('Ctrl Pts',(74.8664764232313,12.,35.718222836312));
#17828=CARTESIAN_POINT('Ctrl Pts',(74.6837166556418,0.,35.730669963786));
#17829=CARTESIAN_POINT('Ctrl Pts',(74.6837166556418,12.,35.730669963786));
#17830=CARTESIAN_POINT('Ctrl Pts',(74.588224372668,0.,35.7371736086233));
#17831=CARTESIAN_POINT('Ctrl Pts',(74.588224372668,12.,35.7371736086233));
#17832=CARTESIAN_POINT('',(75.074082142119,2.5,35.5457748315454));
#17833=CARTESIAN_POINT('Ctrl Pts',(74.588224372668,2.5,35.7371736086233));
#17834=CARTESIAN_POINT('Ctrl Pts',(74.6837166556418,2.5,35.730669963786));
#17835=CARTESIAN_POINT('Ctrl Pts',(74.7792089386155,2.5,35.7241663189486));
#17836=CARTESIAN_POINT('Ctrl Pts',(74.8631671460624,2.5,35.6891963816157));
#17837=CARTESIAN_POINT('Ctrl Pts',(74.9398939908771,2.5,35.6572384225725));
#17838=CARTESIAN_POINT('Ctrl Pts',(75.0069880664981,2.5,35.601506627059));
#17839=CARTESIAN_POINT('Ctrl Pts',(75.074082142119,2.5,35.5457748315454));
#17840=CARTESIAN_POINT('',(75.074082142119,0.,35.5457748315454));
#17841=CARTESIAN_POINT('Ctrl Pts',(75.074082142119,0.,35.5457748315454));
#17842=CARTESIAN_POINT('Ctrl Pts',(75.0069880664981,0.,35.601506627059));
#17843=CARTESIAN_POINT('Ctrl Pts',(74.8664764232313,0.,35.718222836312));
#17844=CARTESIAN_POINT('Ctrl Pts',(74.6837166556418,0.,35.730669963786));
#17845=CARTESIAN_POINT('Ctrl Pts',(74.588224372668,0.,35.7371736086233));
#17846=CARTESIAN_POINT('',(75.074082142119,0.,35.5457748315454));
#17847=CARTESIAN_POINT('Ctrl Pts',(75.2526942533239,0.,35.0067451544706));
#17848=CARTESIAN_POINT('Ctrl Pts',(75.2526942533239,12.,35.0067451544706));
#17849=CARTESIAN_POINT('Ctrl Pts',(75.247961178778,0.,35.1131648907552));
#17850=CARTESIAN_POINT('Ctrl Pts',(75.247961178778,12.,35.1131648907552));
#17851=CARTESIAN_POINT('Ctrl Pts',(75.2391835041618,0.,35.3105245158342));
#17852=CARTESIAN_POINT('Ctrl Pts',(75.2391835041618,12.,35.3105245158342));
#17853=CARTESIAN_POINT('Ctrl Pts',(75.1261609656392,0.,35.4715685407952));
#17854=CARTESIAN_POINT('Ctrl Pts',(75.1261609656392,12.,35.4715685407952));
#17855=CARTESIAN_POINT('Ctrl Pts',(75.074082142119,0.,35.5457748315454));
#17856=CARTESIAN_POINT('Ctrl Pts',(75.074082142119,12.,35.5457748315454));
#17857=CARTESIAN_POINT('',(75.2526942533239,2.5,35.0067451544706));
#17858=CARTESIAN_POINT('Ctrl Pts',(75.074082142119,2.5,35.5457748315454));
#17859=CARTESIAN_POINT('Ctrl Pts',(75.1261609656392,2.5,35.4715685407952));
#17860=CARTESIAN_POINT('Ctrl Pts',(75.1782397891594,2.5,35.397362250045));
#17861=CARTESIAN_POINT('Ctrl Pts',(75.2081852764559,2.5,35.315445407835));
#17862=CARTESIAN_POINT('Ctrl Pts',(75.2432281042321,2.5,35.2195846270398));
#17863=CARTESIAN_POINT('Ctrl Pts',(75.247961178778,2.5,35.1131648907552));
#17864=CARTESIAN_POINT('Ctrl Pts',(75.2526942533239,2.5,35.0067451544706));
#17865=CARTESIAN_POINT('',(75.2526942533239,0.,35.0067451544706));
#17866=CARTESIAN_POINT('Ctrl Pts',(75.2526942533239,0.,35.0067451544706));
#17867=CARTESIAN_POINT('Ctrl Pts',(75.247961178778,0.,35.1131648907552));
#17868=CARTESIAN_POINT('Ctrl Pts',(75.2391835041618,0.,35.3105245158342));
#17869=CARTESIAN_POINT('Ctrl Pts',(75.1261609656392,0.,35.4715685407952));
#17870=CARTESIAN_POINT('Ctrl Pts',(75.074082142119,0.,35.5457748315454));
#17871=CARTESIAN_POINT('',(75.2526942533239,0.,35.0067451544706));
#17872=CARTESIAN_POINT('Ctrl Pts',(75.0663618607626,0.,34.4611968612994));
#17873=CARTESIAN_POINT('Ctrl Pts',(75.0663618607626,12.,34.4611968612994));
#17874=CARTESIAN_POINT('Ctrl Pts',(75.1205914082757,0.,34.5380164900609));
#17875=CARTESIAN_POINT('Ctrl Pts',(75.1205914082757,12.,34.5380164900609));
#17876=CARTESIAN_POINT('Ctrl Pts',(75.2357173860158,0.,34.7010998141226));
#17877=CARTESIAN_POINT('Ctrl Pts',(75.2357173860158,12.,34.7010998141226));
#17878=CARTESIAN_POINT('Ctrl Pts',(75.2468209635113,0.,34.9010045822465));
#17879=CARTESIAN_POINT('Ctrl Pts',(75.2468209635113,12.,34.9010045822465));
#17880=CARTESIAN_POINT('Ctrl Pts',(75.2526942533239,0.,35.0067451544706));
#17881=CARTESIAN_POINT('Ctrl Pts',(75.2526942533239,12.,35.0067451544706));
#17882=CARTESIAN_POINT('',(75.0663618607626,2.5,34.4611968612994));
#17883=CARTESIAN_POINT('Ctrl Pts',(75.2526942533239,2.5,35.0067451544706));
#17884=CARTESIAN_POINT('Ctrl Pts',(75.2468209635113,2.5,34.9010045822465));
#17885=CARTESIAN_POINT('Ctrl Pts',(75.2409476736987,2.5,34.7952640100223));
#17886=CARTESIAN_POINT('Ctrl Pts',(75.2059696336213,2.5,34.6998258239313));
#17887=CARTESIAN_POINT('Ctrl Pts',(75.1748209557888,2.5,34.6148361188223));
#17888=CARTESIAN_POINT('Ctrl Pts',(75.1205914082757,2.5,34.5380164900609));
#17889=CARTESIAN_POINT('Ctrl Pts',(75.0663618607626,2.5,34.4611968612994));
#17890=CARTESIAN_POINT('',(75.0663618607626,0.,34.4611968612994));
#17891=CARTESIAN_POINT('Ctrl Pts',(75.0663618607626,0.,34.4611968612994));
#17892=CARTESIAN_POINT('Ctrl Pts',(75.1205914082757,0.,34.5380164900609));
#17893=CARTESIAN_POINT('Ctrl Pts',(75.2357173860158,0.,34.7010998141226));
#17894=CARTESIAN_POINT('Ctrl Pts',(75.2468209635113,0.,34.9010045822465));
#17895=CARTESIAN_POINT('Ctrl Pts',(75.2526942533239,0.,35.0067451544706));
#17896=CARTESIAN_POINT('',(75.0663618607626,0.,34.4611968612994));
#17897=CARTESIAN_POINT('Ctrl Pts',(74.6006401633149,0.,34.2569446351215));
#17898=CARTESIAN_POINT('Ctrl Pts',(74.6006401633149,12.,34.2569446351215));
#17899=CARTESIAN_POINT('Ctrl Pts',(74.6898603540156,0.,34.265284142667));
#17900=CARTESIAN_POINT('Ctrl Pts',(74.6898603540156,12.,34.265284142667));
#17901=CARTESIAN_POINT('Ctrl Pts',(74.8677145125928,0.,34.2819083628779));
#17902=CARTESIAN_POINT('Ctrl Pts',(74.8677145125928,12.,34.2819083628779));
#17903=CARTESIAN_POINT('Ctrl Pts',(75.0002917400757,0.,34.401565495275));
#17904=CARTESIAN_POINT('Ctrl Pts',(75.0002917400757,12.,34.401565495275));
#17905=CARTESIAN_POINT('Ctrl Pts',(75.0663618607626,0.,34.4611968612994));
#17906=CARTESIAN_POINT('Ctrl Pts',(75.0663618607626,12.,34.4611968612994));
#17907=CARTESIAN_POINT('',(74.6006401633149,2.5,34.2569446351215));
#17908=CARTESIAN_POINT('Ctrl Pts',(75.0663618607626,2.5,34.4611968612994));
#17909=CARTESIAN_POINT('Ctrl Pts',(75.0002917400757,2.5,34.401565495275));
#17910=CARTESIAN_POINT('Ctrl Pts',(74.9342216193888,2.5,34.3419341292506));
#17911=CARTESIAN_POINT('Ctrl Pts',(74.8569067613116,2.5,34.3078914683811));
#17912=CARTESIAN_POINT('Ctrl Pts',(74.7790805447164,2.5,34.2736236502126));
#17913=CARTESIAN_POINT('Ctrl Pts',(74.6898603540156,2.5,34.265284142667));
#17914=CARTESIAN_POINT('Ctrl Pts',(74.6006401633149,2.5,34.2569446351215));
#17915=CARTESIAN_POINT('',(74.6006401633149,0.,34.2569446351215));
#17916=CARTESIAN_POINT('Ctrl Pts',(74.6006401633149,0.,34.2569446351215));
#17917=CARTESIAN_POINT('Ctrl Pts',(74.6898603540156,0.,34.265284142667));
#17918=CARTESIAN_POINT('Ctrl Pts',(74.8677145125928,0.,34.2819083628779));
#17919=CARTESIAN_POINT('Ctrl Pts',(75.0002917400757,0.,34.401565495275));
#17920=CARTESIAN_POINT('Ctrl Pts',(75.0663618607626,0.,34.4611968612994));
#17921=CARTESIAN_POINT('',(74.6006401633149,0.,34.2569446351215));
#17922=CARTESIAN_POINT('Ctrl Pts',(74.1625070289945,0.,34.4193133310226));
#17923=CARTESIAN_POINT('Ctrl Pts',(74.1625070289945,12.,34.4193133310226));
#17924=CARTESIAN_POINT('Ctrl Pts',(74.2251568743899,0.,34.3720238188822));
#17925=CARTESIAN_POINT('Ctrl Pts',(74.2251568743899,12.,34.3720238188822));
#17926=CARTESIAN_POINT('Ctrl Pts',(74.3546994767752,0.,34.2742421495175));
#17927=CARTESIAN_POINT('Ctrl Pts',(74.3546994767752,12.,34.2742421495175));
#17928=CARTESIAN_POINT('Ctrl Pts',(74.5168891999905,0.,34.2628350126518));
#17929=CARTESIAN_POINT('Ctrl Pts',(74.5168891999905,12.,34.2628350126518));
#17930=CARTESIAN_POINT('Ctrl Pts',(74.6006401633149,0.,34.2569446351215));
#17931=CARTESIAN_POINT('Ctrl Pts',(74.6006401633149,12.,34.2569446351215));
#17932=CARTESIAN_POINT('',(74.1625070289945,2.5,34.4193133310226));
#17933=CARTESIAN_POINT('Ctrl Pts',(74.6006401633149,2.5,34.2569446351215));
#17934=CARTESIAN_POINT('Ctrl Pts',(74.5168891999905,2.5,34.2628350126518));
#17935=CARTESIAN_POINT('Ctrl Pts',(74.4331382366662,2.5,34.2687253901821));
#17936=CARTESIAN_POINT('Ctrl Pts',(74.3580924551033,2.5,34.2976470790761));
#17937=CARTESIAN_POINT('Ctrl Pts',(74.2878067197852,2.5,34.3247343067418));
#17938=CARTESIAN_POINT('Ctrl Pts',(74.2251568743899,2.5,34.3720238188822));
#17939=CARTESIAN_POINT('Ctrl Pts',(74.1625070289945,2.5,34.4193133310226));
#17940=CARTESIAN_POINT('',(74.1625070289945,0.,34.4193133310226));
#17941=CARTESIAN_POINT('Ctrl Pts',(74.1625070289945,0.,34.4193133310226));
#17942=CARTESIAN_POINT('Ctrl Pts',(74.2251568743899,0.,34.3720238188822));
#17943=CARTESIAN_POINT('Ctrl Pts',(74.3546994767752,0.,34.2742421495175));
#17944=CARTESIAN_POINT('Ctrl Pts',(74.5168891999905,0.,34.2628350126518));
#17945=CARTESIAN_POINT('Ctrl Pts',(74.6006401633149,0.,34.2569446351215));
#17946=CARTESIAN_POINT('',(74.1625070289945,0.,34.4193133310226));
#17947=CARTESIAN_POINT('Ctrl Pts',(73.9088963833728,0.,35.0010380153301));
#17948=CARTESIAN_POINT('Ctrl Pts',(73.9088963833728,12.,35.0010380153301));
#17949=CARTESIAN_POINT('Ctrl Pts',(73.9340259991171,0.,34.8781842564687));
#17950=CARTESIAN_POINT('Ctrl Pts',(73.9340259991171,12.,34.8781842564687));
#17951=CARTESIAN_POINT('Ctrl Pts',(73.9775776617478,0.,34.6652687263114));
#17952=CARTESIAN_POINT('Ctrl Pts',(73.9775776617478,12.,34.6652687263114));
#17953=CARTESIAN_POINT('Ctrl Pts',(74.1075356951718,0.,34.4924250078818));
#17954=CARTESIAN_POINT('Ctrl Pts',(74.1075356951718,12.,34.4924250078818));
#17955=CARTESIAN_POINT('Ctrl Pts',(74.1625070289945,0.,34.4193133310226));
#17956=CARTESIAN_POINT('Ctrl Pts',(74.1625070289945,12.,34.4193133310226));
#17957=CARTESIAN_POINT('',(73.9088963833728,2.5,35.0010380153301));
#17958=CARTESIAN_POINT('Ctrl Pts',(74.1625070289945,2.5,34.4193133310226));
#17959=CARTESIAN_POINT('Ctrl Pts',(74.1075356951718,2.5,34.4924250078818));
#17960=CARTESIAN_POINT('Ctrl Pts',(74.0525643613491,2.5,34.5655366847409));
#17961=CARTESIAN_POINT('Ctrl Pts',(74.0130531187591,2.5,34.6458181322949));
#17962=CARTESIAN_POINT('Ctrl Pts',(73.9591556148614,2.5,34.7553304976073));
#17963=CARTESIAN_POINT('Ctrl Pts',(73.9340259991171,2.5,34.8781842564687));
#17964=CARTESIAN_POINT('Ctrl Pts',(73.9088963833728,2.5,35.0010380153301));
#17965=CARTESIAN_POINT('',(73.9088963833728,0.,35.0010380153301));
#17966=CARTESIAN_POINT('Ctrl Pts',(73.9088963833728,0.,35.0010380153301));
#17967=CARTESIAN_POINT('Ctrl Pts',(73.9340259991171,0.,34.8781842564687));
#17968=CARTESIAN_POINT('Ctrl Pts',(73.9775776617478,0.,34.6652687263114));
#17969=CARTESIAN_POINT('Ctrl Pts',(74.1075356951718,0.,34.4924250078818));
#17970=CARTESIAN_POINT('Ctrl Pts',(74.1625070289945,0.,34.4193133310226));
#17971=CARTESIAN_POINT('',(73.9088963833728,0.,35.0010380153301));
#17972=CARTESIAN_POINT('Origin',(72.5206130960628,0.,34.8180140734695));
#17973=CARTESIAN_POINT('',(72.5206130960628,2.5,34.8180140734695));
#17974=CARTESIAN_POINT('',(34.6238555169292,2.5,29.8219055563753));
#17975=CARTESIAN_POINT('',(72.5206130960628,0.,34.8180140734695));
#17976=CARTESIAN_POINT('',(34.6238555169292,0.,29.8219055563753));
#17977=CARTESIAN_POINT('',(72.5206130960628,0.,34.8180140734695));
#17978=CARTESIAN_POINT('Ctrl Pts',(72.9104883235423,0.,34.0417698485748));
#17979=CARTESIAN_POINT('Ctrl Pts',(72.9104883235423,12.,34.0417698485748));
#17980=CARTESIAN_POINT('Ctrl Pts',(72.8297719671578,0.,34.1549238478714));
#17981=CARTESIAN_POINT('Ctrl Pts',(72.8297719671578,12.,34.1549238478714));
#17982=CARTESIAN_POINT('Ctrl Pts',(72.659740670817,0.,34.3932859599434));
#17983=CARTESIAN_POINT('Ctrl Pts',(72.659740670817,12.,34.3932859599434));
#17984=CARTESIAN_POINT('Ctrl Pts',(72.5685265385822,0.,34.6717441044159));
#17985=CARTESIAN_POINT('Ctrl Pts',(72.5685265385822,12.,34.6717441044159));
#17986=CARTESIAN_POINT('Ctrl Pts',(72.5206130960628,0.,34.8180140734695));
#17987=CARTESIAN_POINT('Ctrl Pts',(72.5206130960628,12.,34.8180140734695));
#17988=CARTESIAN_POINT('Ctrl Pts',(72.5206130960628,2.5,34.8180140734695));
#17989=CARTESIAN_POINT('Ctrl Pts',(72.5685265385822,2.5,34.6717441044159));
#17990=CARTESIAN_POINT('Ctrl Pts',(72.6164399811016,2.5,34.5254741353623));
#17991=CARTESIAN_POINT('Ctrl Pts',(72.6861010214883,2.5,34.3902676497341));
#17992=CARTESIAN_POINT('Ctrl Pts',(72.7490556107733,2.5,34.2680778471681));
#17993=CARTESIAN_POINT('Ctrl Pts',(72.8297719671578,2.5,34.1549238478714));
#17994=CARTESIAN_POINT('Ctrl Pts',(72.9104883235423,2.5,34.0417698485748));
#17995=CARTESIAN_POINT('Ctrl Pts',(72.9104883235423,0.,34.0417698485748));
#17996=CARTESIAN_POINT('Ctrl Pts',(72.8297719671578,0.,34.1549238478714));
#17997=CARTESIAN_POINT('Ctrl Pts',(72.659740670817,0.,34.3932859599434));
#17998=CARTESIAN_POINT('Ctrl Pts',(72.5685265385822,0.,34.6717441044159));
#17999=CARTESIAN_POINT('Ctrl Pts',(72.5206130960628,0.,34.8180140734695));
#18000=CARTESIAN_POINT('Ctrl Pts',(74.5462443710312,0.,38.5816837034479));
#18001=CARTESIAN_POINT('Ctrl Pts',(74.5462443710312,12.,38.5816837034479));
#18002=CARTESIAN_POINT('Ctrl Pts',(74.8347846332254,0.,38.5772389815194));
#18003=CARTESIAN_POINT('Ctrl Pts',(74.8347846332254,12.,38.5772389815194));
#18004=CARTESIAN_POINT('Ctrl Pts',(75.3390779345085,0.,38.5694707640875));
#18005=CARTESIAN_POINT('Ctrl Pts',(75.3390779345085,12.,38.5694707640875));
#18006=CARTESIAN_POINT('Ctrl Pts',(75.7748989689661,0.,38.3216134586565));
#18007=CARTESIAN_POINT('Ctrl Pts',(75.7748989689661,12.,38.3216134586565));
#18008=CARTESIAN_POINT('Ctrl Pts',(75.9613573503164,0.,38.2155720601865));
#18009=CARTESIAN_POINT('Ctrl Pts',(75.9613573503164,12.,38.2155720601865));
#18010=CARTESIAN_POINT('',(74.5462443710312,0.,38.5816837034479));
#18011=CARTESIAN_POINT('Ctrl Pts',(74.5462443710312,0.,38.5816837034479));
#18012=CARTESIAN_POINT('Ctrl Pts',(74.8347846332254,0.,38.5772389815194));
#18013=CARTESIAN_POINT('Ctrl Pts',(75.3390779345085,0.,38.5694707640875));
#18014=CARTESIAN_POINT('Ctrl Pts',(75.7748989689661,0.,38.3216134586565));
#18015=CARTESIAN_POINT('Ctrl Pts',(75.9613573503164,0.,38.2155720601865));
#18016=CARTESIAN_POINT('',(74.5462443710312,0.,38.5816837034479));
#18017=CARTESIAN_POINT('Ctrl Pts',(73.2277546885884,0.,38.2485337463184));
#18018=CARTESIAN_POINT('Ctrl Pts',(73.2277546885884,12.,38.2485337463184));
#18019=CARTESIAN_POINT('Ctrl Pts',(73.4115786862957,0.,38.3455898669687));
#18020=CARTESIAN_POINT('Ctrl Pts',(73.4115786862957,12.,38.3455898669687));
#18021=CARTESIAN_POINT('Ctrl Pts',(73.8224638512716,0.,38.5625306398967));
#18022=CARTESIAN_POINT('Ctrl Pts',(73.8224638512716,12.,38.5625306398967));
#18023=CARTESIAN_POINT('Ctrl Pts',(74.2886326545649,0.,38.5748666457318));
#18024=CARTESIAN_POINT('Ctrl Pts',(74.2886326545649,12.,38.5748666457318));
#18025=CARTESIAN_POINT('Ctrl Pts',(74.5462443710312,0.,38.5816837034479));
#18026=CARTESIAN_POINT('Ctrl Pts',(74.5462443710312,12.,38.5816837034479));
#18027=CARTESIAN_POINT('Ctrl Pts',(73.2277546885884,0.,38.2485337463184));
#18028=CARTESIAN_POINT('Ctrl Pts',(73.4115786862957,0.,38.3455898669687));
#18029=CARTESIAN_POINT('Ctrl Pts',(73.8224638512716,0.,38.5625306398967));
#18030=CARTESIAN_POINT('Ctrl Pts',(74.2886326545649,0.,38.5748666457318));
#18031=CARTESIAN_POINT('Ctrl Pts',(74.5462443710312,0.,38.5816837034479));
#18032=CARTESIAN_POINT('Origin',(73.9105956784102,0.,37.0508321040949));
#18033=CARTESIAN_POINT('',(73.9105956784102,2.5,37.0508321040949));
#18034=CARTESIAN_POINT('',(41.3472495443081,2.5,42.9147365062685));
#18035=CARTESIAN_POINT('',(73.9105956784102,0.,37.0508321040949));
#18036=CARTESIAN_POINT('',(41.3472495443081,0.,42.9147365062685));
#18037=CARTESIAN_POINT('',(73.9105956784102,0.,37.0508321040949));
#18038=CARTESIAN_POINT('Ctrl Pts',(74.1190759114517,0.,37.5707826944412));
#18039=CARTESIAN_POINT('Ctrl Pts',(74.1190759114517,12.,37.5707826944412));
#18040=CARTESIAN_POINT('Ctrl Pts',(74.0711393638747,0.,37.5048753483102));
#18041=CARTESIAN_POINT('Ctrl Pts',(74.0711393638747,12.,37.5048753483102));
#18042=CARTESIAN_POINT('Ctrl Pts',(73.9585272943194,0.,37.3500464542441));
#18043=CARTESIAN_POINT('Ctrl Pts',(73.9585272943194,12.,37.3500464542441));
#18044=CARTESIAN_POINT('Ctrl Pts',(73.9280814045762,0.,37.1599872012558));
#18045=CARTESIAN_POINT('Ctrl Pts',(73.9280814045762,12.,37.1599872012558));
#18046=CARTESIAN_POINT('Ctrl Pts',(73.9105956784102,0.,37.0508321040949));
#18047=CARTESIAN_POINT('Ctrl Pts',(73.9105956784102,12.,37.0508321040949));
#18048=CARTESIAN_POINT('',(74.0684785285099,2.5,37.5));
#18049=CARTESIAN_POINT('Ctrl Pts',(74.0684785285099,2.5,37.5));
#18050=CARTESIAN_POINT('Ctrl Pts',(74.0684785285099,5.66666666666667,37.5));
#18051=CARTESIAN_POINT('Ctrl Pts',(74.0684785285099,8.83333333333334,37.5));
#18052=CARTESIAN_POINT('Ctrl Pts',(74.0684785285099,12.,37.5));
#18053=CARTESIAN_POINT('Ctrl Pts',(73.9105956784102,2.5,37.0508321040949));
#18054=CARTESIAN_POINT('Ctrl Pts',(73.9280814045762,2.5,37.1599872012558));
#18055=CARTESIAN_POINT('Ctrl Pts',(73.9455671307422,2.5,37.2691422984168));
#18056=CARTESIAN_POINT('Ctrl Pts',(73.9901549667287,2.5,37.3666768351634));
#18057=CARTESIAN_POINT('Ctrl Pts',(74.0114203420442,2.5,37.4131941976739));
#18058=CARTESIAN_POINT('Ctrl Pts',(74.0388504807835,2.5,37.4570682971217));
#18059=CARTESIAN_POINT('Ctrl Pts',(74.0684785285326,2.5,37.5000000000328));
#18060=CARTESIAN_POINT('Ctrl Pts',(74.1190759114517,0.,37.5707826944412));
#18061=CARTESIAN_POINT('Ctrl Pts',(74.0711393638747,0.,37.5048753483102));
#18062=CARTESIAN_POINT('Ctrl Pts',(73.9585272943194,0.,37.3500464542441));
#18063=CARTESIAN_POINT('Ctrl Pts',(73.9280814045762,0.,37.1599872012558));
#18064=CARTESIAN_POINT('Ctrl Pts',(73.9105956784102,0.,37.0508321040949));
#18065=CARTESIAN_POINT('Origin',(16.0171303908723,0.,33.4951969437667));
#18066=CARTESIAN_POINT('',(14.6119466047797,2.5,33.496361851914));
#18067=CARTESIAN_POINT('',(16.0171303908723,2.5,33.4951969437667));
#18068=CARTESIAN_POINT('',(8.02245457752369,2.5,33.5018245913969));
#18069=CARTESIAN_POINT('',(14.6119466047797,0.,33.496361851914));
#18070=CARTESIAN_POINT('',(14.6119466047797,0.,33.496361851914));
#18071=CARTESIAN_POINT('',(16.0171303908723,0.,33.4951969437667));
#18072=CARTESIAN_POINT('',(8.02245457752369,0.,33.5018245913969));
#18073=CARTESIAN_POINT('',(16.0171303908723,0.,33.4951969437667));
#18074=CARTESIAN_POINT('Origin',(16.0213461141737,0.,38.580461428824));
#18075=CARTESIAN_POINT('',(16.0204504033537,2.5,37.5));
#18076=CARTESIAN_POINT('',(16.0053488704355,2.5,19.2836030667818));
#18077=CARTESIAN_POINT('',(16.0213461141737,0.,38.580461428824));
#18078=CARTESIAN_POINT('',(16.0053488704355,0.,19.2836030667818));
#18079=CARTESIAN_POINT('',(16.0213461141737,12.,38.580461428824));
#18080=CARTESIAN_POINT('',(16.0213461141737,0.,38.580461428824));
#18081=CARTESIAN_POINT('',(16.0204504033537,12.,37.5));
#18082=CARTESIAN_POINT('',(16.0213461141737,12.,38.580461428824));
#18083=CARTESIAN_POINT('',(16.0204504033537,25.,37.5));
#18084=CARTESIAN_POINT('Origin',(14.5878496404299,12.,36.0383056111104));
#18085=CARTESIAN_POINT('',(13.7980891507752,12.,37.5));
#18086=CARTESIAN_POINT('',(37.2939248202149,12.,37.5));
#18087=CARTESIAN_POINT('',(14.8719603416072,12.,38.5814142784542));
#18088=CARTESIAN_POINT('',(14.8719603416072,12.,38.5814142784542));
#18089=CARTESIAN_POINT('',(14.2573892605489,12.,37.7906545459574));
#18090=CARTESIAN_POINT('Ctrl Pts',(14.2573892605489,12.,37.7906545459574));
#18091=CARTESIAN_POINT('Ctrl Pts',(14.3813705899212,12.,37.9042070472254));
#18092=CARTESIAN_POINT('Ctrl Pts',(14.6310602499074,12.,38.132893782363));
#18093=CARTESIAN_POINT('Ctrl Pts',(14.7912908944323,12.,38.4312196470988));
#18094=CARTESIAN_POINT('Ctrl Pts',(14.8719603416072,12.,38.5814142784542));
#18095=CARTESIAN_POINT('Ctrl Pts',(13.7980891507752,12.,37.5));
#18096=CARTESIAN_POINT('Ctrl Pts',(13.9576266178198,12.,37.5842295153808));
#18097=CARTESIAN_POINT('Ctrl Pts',(14.1075079391843,12.,37.6874420306691));
#18098=CARTESIAN_POINT('Ctrl Pts',(14.2573892605489,12.,37.7906545459574));
#18099=CARTESIAN_POINT('Ctrl Pts',(13.1552975336395,0.,37.2424548453592));
#18100=CARTESIAN_POINT('Ctrl Pts',(13.1552975336395,12.,37.2424548453592));
#18101=CARTESIAN_POINT('Ctrl Pts',(13.3705530218798,0.,37.3160062293708));
#18102=CARTESIAN_POINT('Ctrl Pts',(13.3705530218798,12.,37.3160062293708));
#18103=CARTESIAN_POINT('Ctrl Pts',(13.7627078865852,0.,37.4500029663728));
#18104=CARTESIAN_POINT('Ctrl Pts',(13.7627078865852,12.,37.4500029663728));
#18105=CARTESIAN_POINT('Ctrl Pts',(14.1036098485493,0.,37.6847576952522));
#18106=CARTESIAN_POINT('Ctrl Pts',(14.1036098485493,12.,37.6847576952522));
#18107=CARTESIAN_POINT('Ctrl Pts',(14.2573892605489,0.,37.7906545459574));
#18108=CARTESIAN_POINT('Ctrl Pts',(14.2573892605489,12.,37.7906545459574));
#18109=CARTESIAN_POINT('',(13.7980891507752,2.5,37.5));
#18110=CARTESIAN_POINT('Ctrl Pts',(13.7980891507752,12.,37.5));
#18111=CARTESIAN_POINT('Ctrl Pts',(13.7980891507752,8.83333333333333,37.5));
#18112=CARTESIAN_POINT('Ctrl Pts',(13.7980891507752,5.66666666666667,37.5));
#18113=CARTESIAN_POINT('Ctrl Pts',(13.7980891507752,2.5,37.5));
#18114=CARTESIAN_POINT('',(14.2573892605489,0.,37.7906545459574));
#18115=CARTESIAN_POINT('',(14.2573892605489,0.,37.7906545459574));
#18116=CARTESIAN_POINT('',(13.1552975336395,0.,37.2424548453592));
#18117=CARTESIAN_POINT('Ctrl Pts',(13.1552975336395,0.,37.2424548453592));
#18118=CARTESIAN_POINT('Ctrl Pts',(13.3705530218798,0.,37.3160062293708));
#18119=CARTESIAN_POINT('Ctrl Pts',(13.7627078865852,0.,37.4500029663728));
#18120=CARTESIAN_POINT('Ctrl Pts',(14.1036098485493,0.,37.6847576952522));
#18121=CARTESIAN_POINT('Ctrl Pts',(14.2573892605489,0.,37.7906545459574));
#18122=CARTESIAN_POINT('',(13.1552975336395,2.5,37.2424548453592));
#18123=CARTESIAN_POINT('',(13.1552975336395,0.,37.2424548453592));
#18124=CARTESIAN_POINT('Ctrl Pts',(13.7980891507752,2.5,37.5));
#18125=CARTESIAN_POINT('Ctrl Pts',(13.7939399245704,2.5,37.4978093715607));
#18126=CARTESIAN_POINT('Ctrl Pts',(13.7897841668698,2.5,37.4956315833775));
#18127=CARTESIAN_POINT('Ctrl Pts',(13.7856217078033,2.5,37.4934669693978));
#18128=CARTESIAN_POINT('Ctrl Pts',(13.5858085101202,2.5,37.3895576133825));
#18129=CARTESIAN_POINT('Ctrl Pts',(13.3705530218798,2.5,37.3160062293708));
#18130=CARTESIAN_POINT('Ctrl Pts',(13.1552975336395,2.5,37.2424548453592));
#18131=CARTESIAN_POINT('Ctrl Pts',(14.2573892605489,0.,37.7906545459574));
#18132=CARTESIAN_POINT('Ctrl Pts',(14.2573892605489,12.,37.7906545459574));
#18133=CARTESIAN_POINT('Ctrl Pts',(14.3813705899212,0.,37.9042070472254));
#18134=CARTESIAN_POINT('Ctrl Pts',(14.3813705899212,12.,37.9042070472254));
#18135=CARTESIAN_POINT('Ctrl Pts',(14.6310602499074,0.,38.132893782363));
#18136=CARTESIAN_POINT('Ctrl Pts',(14.6310602499074,12.,38.132893782363));
#18137=CARTESIAN_POINT('Ctrl Pts',(14.7912908944323,0.,38.4312196470988));
#18138=CARTESIAN_POINT('Ctrl Pts',(14.7912908944323,12.,38.4312196470988));
#18139=CARTESIAN_POINT('Ctrl Pts',(14.8719603416072,0.,38.5814142784542));
#18140=CARTESIAN_POINT('Ctrl Pts',(14.8719603416072,12.,38.5814142784542));
#18141=CARTESIAN_POINT('',(14.8719603416072,0.,38.5814142784542));
#18142=CARTESIAN_POINT('Ctrl Pts',(14.2573892605489,0.,37.7906545459574));
#18143=CARTESIAN_POINT('Ctrl Pts',(14.3813705899212,0.,37.9042070472254));
#18144=CARTESIAN_POINT('Ctrl Pts',(14.6310602499074,0.,38.132893782363));
#18145=CARTESIAN_POINT('Ctrl Pts',(14.7912908944323,0.,38.4312196470988));
#18146=CARTESIAN_POINT('Ctrl Pts',(14.8719603416072,0.,38.5814142784542));
#18147=CARTESIAN_POINT('',(14.8719603416072,0.,38.5814142784542));
#18148=CARTESIAN_POINT('Origin',(13.1543531666861,0.,36.1033013986452));
#18149=CARTESIAN_POINT('',(13.1543531666861,2.5,36.1033013986452));
#18150=CARTESIAN_POINT('',(13.1393836997593,2.5,18.0462105792402));
#18151=CARTESIAN_POINT('',(13.1543531666861,0.,36.1033013986452));
#18152=CARTESIAN_POINT('',(13.1393836997593,0.,18.0462105792402));
#18153=CARTESIAN_POINT('',(13.1543531666861,0.,36.1033013986452));
#18154=CARTESIAN_POINT('Ctrl Pts',(13.9544027509546,0.,36.4095956209584));
#18155=CARTESIAN_POINT('Ctrl Pts',(13.9544027509546,12.,36.4095956209584));
#18156=CARTESIAN_POINT('Ctrl Pts',(13.8354577048577,0.,36.3550799975501));
#18157=CARTESIAN_POINT('Ctrl Pts',(13.8354577048577,12.,36.3550799975501));
#18158=CARTESIAN_POINT('Ctrl Pts',(13.5753899583997,0.,36.2358841521428));
#18159=CARTESIAN_POINT('Ctrl Pts',(13.5753899583997,12.,36.2358841521428));
#18160=CARTESIAN_POINT('Ctrl Pts',(13.3024570147939,0.,36.1499386910913));
#18161=CARTESIAN_POINT('Ctrl Pts',(13.3024570147939,12.,36.1499386910913));
#18162=CARTESIAN_POINT('Ctrl Pts',(13.1543531666861,0.,36.1033013986452));
#18163=CARTESIAN_POINT('Ctrl Pts',(13.1543531666861,12.,36.1033013986452));
#18164=CARTESIAN_POINT('',(13.9544027509546,2.5,36.4095956209584));
#18165=CARTESIAN_POINT('Ctrl Pts',(13.1543531666861,2.5,36.1033013986452));
#18166=CARTESIAN_POINT('Ctrl Pts',(13.3024570147939,2.5,36.1499386910913));
#18167=CARTESIAN_POINT('Ctrl Pts',(13.4505608629017,2.5,36.1965759835374));
#18168=CARTESIAN_POINT('Ctrl Pts',(13.5948764733866,2.5,36.253004059253));
#18169=CARTESIAN_POINT('Ctrl Pts',(13.7165126587608,2.5,36.3005643741419));
#18170=CARTESIAN_POINT('Ctrl Pts',(13.8354577048577,2.5,36.3550799975501));
#18171=CARTESIAN_POINT('Ctrl Pts',(13.9544027509546,2.5,36.4095956209584));
#18172=CARTESIAN_POINT('',(13.9544027509546,0.,36.4095956209584));
#18173=CARTESIAN_POINT('Ctrl Pts',(13.9544027509546,0.,36.4095956209584));
#18174=CARTESIAN_POINT('Ctrl Pts',(13.8354577048577,0.,36.3550799975501));
#18175=CARTESIAN_POINT('Ctrl Pts',(13.5753899583997,0.,36.2358841521428));
#18176=CARTESIAN_POINT('Ctrl Pts',(13.3024570147939,0.,36.1499386910913));
#18177=CARTESIAN_POINT('Ctrl Pts',(13.1543531666861,0.,36.1033013986452));
#18178=CARTESIAN_POINT('',(13.9544027509546,0.,36.4095956209584));
#18179=CARTESIAN_POINT('Ctrl Pts',(14.6147090202912,0.,36.8285571809577));
#18180=CARTESIAN_POINT('Ctrl Pts',(14.6147090202912,12.,36.8285571809577));
#18181=CARTESIAN_POINT('Ctrl Pts',(14.5045489113215,0.,36.747725681045));
#18182=CARTESIAN_POINT('Ctrl Pts',(14.5045489113215,12.,36.747725681045));
#18183=CARTESIAN_POINT('Ctrl Pts',(14.2938760781023,0.,36.5931415828699));
#18184=CARTESIAN_POINT('Ctrl Pts',(14.2938760781023,12.,36.5931415828699));
#18185=CARTESIAN_POINT('Ctrl Pts',(14.0640524056468,0.,36.4688808423124));
#18186=CARTESIAN_POINT('Ctrl Pts',(14.0640524056468,12.,36.4688808423124));
#18187=CARTESIAN_POINT('Ctrl Pts',(13.9544027509546,0.,36.4095956209584));
#18188=CARTESIAN_POINT('Ctrl Pts',(13.9544027509546,12.,36.4095956209584));
#18189=CARTESIAN_POINT('',(14.6147090202912,2.5,36.8285571809577));
#18190=CARTESIAN_POINT('Ctrl Pts',(13.9544027509546,2.5,36.4095956209584));
#18191=CARTESIAN_POINT('Ctrl Pts',(14.0640524056468,2.5,36.4688808423124));
#18192=CARTESIAN_POINT('Ctrl Pts',(14.173702060339,2.5,36.5281660636665));
#18193=CARTESIAN_POINT('Ctrl Pts',(14.2789924544847,2.5,36.5943537196799));
#18194=CARTESIAN_POINT('Ctrl Pts',(14.3943888023518,2.5,36.6668941811323));
#18195=CARTESIAN_POINT('Ctrl Pts',(14.5045489113215,2.5,36.747725681045));
#18196=CARTESIAN_POINT('Ctrl Pts',(14.6147090202912,2.5,36.8285571809577));
#18197=CARTESIAN_POINT('',(14.6147090202912,0.,36.8285571809577));
#18198=CARTESIAN_POINT('Ctrl Pts',(14.6147090202912,0.,36.8285571809577));
#18199=CARTESIAN_POINT('Ctrl Pts',(14.5045489113215,0.,36.747725681045));
#18200=CARTESIAN_POINT('Ctrl Pts',(14.2938760781023,0.,36.5931415828699));
#18201=CARTESIAN_POINT('Ctrl Pts',(14.0640524056468,0.,36.4688808423124));
#18202=CARTESIAN_POINT('Ctrl Pts',(13.9544027509546,0.,36.4095956209584));
#18203=CARTESIAN_POINT('',(14.6147090202912,0.,36.8285571809577));
#18204=CARTESIAN_POINT('Origin',(14.6119466047797,0.,33.496361851914));
#18205=CARTESIAN_POINT('',(14.5980572226922,2.5,16.7421357324004));
#18206=CARTESIAN_POINT('',(14.5980572226922,0.,16.7421357324004));
#18207=CARTESIAN_POINT('Origin',(14.8719603416072,0.,38.5814142784542));
#18208=CARTESIAN_POINT('',(7.45197741454183,0.,38.5875655012693));
#18209=CARTESIAN_POINT('Ctrl Pts',(44.659711562152,0.,37.6300208269845));
#18210=CARTESIAN_POINT('Ctrl Pts',(44.659711562152,12.,37.6300208269845));
#18211=CARTESIAN_POINT('Ctrl Pts',(44.5760390233627,0.,37.6240534777649));
#18212=CARTESIAN_POINT('Ctrl Pts',(44.5760390233627,12.,37.6240534777649));
#18213=CARTESIAN_POINT('Ctrl Pts',(44.4138364545498,0.,37.6124855322187));
#18214=CARTESIAN_POINT('Ctrl Pts',(44.4138364545498,12.,37.6124855322187));
#18215=CARTESIAN_POINT('Ctrl Pts',(44.2864099999896,0.,37.511939325422));
#18216=CARTESIAN_POINT('Ctrl Pts',(44.2864099999896,12.,37.511939325422));
#18217=CARTESIAN_POINT('Ctrl Pts',(44.2247167519995,0.,37.463260092434));
#18218=CARTESIAN_POINT('Ctrl Pts',(44.2247167519995,12.,37.463260092434));
#18219=CARTESIAN_POINT('',(44.2247167519995,2.5,37.463260092434));
#18220=CARTESIAN_POINT('',(44.2718449539853,2.5,37.5));
#18221=CARTESIAN_POINT('Ctrl Pts',(44.2247167519995,2.5,37.463260092434));
#18222=CARTESIAN_POINT('Ctrl Pts',(44.2403816703457,2.5,37.4756205408583));
#18223=CARTESIAN_POINT('Ctrl Pts',(44.2560465886919,2.5,37.4879809892827));
#18224=CARTESIAN_POINT('Ctrl Pts',(44.27184495398,2.5,37.499999999996));
#18225=CARTESIAN_POINT('',(44.2247167519995,0.,37.463260092434));
#18226=CARTESIAN_POINT('',(44.2247167519995,0.,37.463260092434));
#18227=CARTESIAN_POINT('',(44.659711562152,0.,37.6300208269845));
#18228=CARTESIAN_POINT('Ctrl Pts',(44.659711562152,0.,37.6300208269845));
#18229=CARTESIAN_POINT('Ctrl Pts',(44.5760390233627,0.,37.6240534777649));
#18230=CARTESIAN_POINT('Ctrl Pts',(44.4138364545498,0.,37.6124855322187));
#18231=CARTESIAN_POINT('Ctrl Pts',(44.2864099999896,0.,37.511939325422));
#18232=CARTESIAN_POINT('Ctrl Pts',(44.2247167519995,0.,37.463260092434));
#18233=CARTESIAN_POINT('',(44.659711562152,12.,37.6300208269845));
#18234=CARTESIAN_POINT('',(44.659711562152,0.,37.6300208269845));
#18235=CARTESIAN_POINT('',(44.2718449539853,12.,37.5));
#18236=CARTESIAN_POINT('Ctrl Pts',(44.659711562152,12.,37.6300208269845));
#18237=CARTESIAN_POINT('Ctrl Pts',(44.5760390233627,12.,37.6240534777649));
#18238=CARTESIAN_POINT('Ctrl Pts',(44.4337765054996,12.,37.613907614651));
#18239=CARTESIAN_POINT('Ctrl Pts',(44.3182653916291,12.,37.5353155359543));
#18240=CARTESIAN_POINT('Ctrl Pts',(44.2718449539853,12.,37.5));
#18241=CARTESIAN_POINT('Ctrl Pts',(44.2718449539853,2.5,37.5));
#18242=CARTESIAN_POINT('Ctrl Pts',(44.2718449539853,5.66666666666667,37.5));
#18243=CARTESIAN_POINT('Ctrl Pts',(44.2718449539853,8.83333333333334,37.5));
#18244=CARTESIAN_POINT('Ctrl Pts',(44.2718449539853,12.,37.5));
#18245=CARTESIAN_POINT('Ctrl Pts',(42.6059719133547,0.,36.9871120511918));
#18246=CARTESIAN_POINT('Ctrl Pts',(42.6059719133547,12.,36.9871120511918));
#18247=CARTESIAN_POINT('Ctrl Pts',(42.6345810745273,0.,37.1646427815258));
#18248=CARTESIAN_POINT('Ctrl Pts',(42.6345810745273,12.,37.1646427815258));
#18249=CARTESIAN_POINT('Ctrl Pts',(42.6864247448432,0.,37.4863524813954));
#18250=CARTESIAN_POINT('Ctrl Pts',(42.6864247448432,12.,37.4863524813954));
#18251=CARTESIAN_POINT('Ctrl Pts',(42.8386468803391,0.,37.7737973590911));
#18252=CARTESIAN_POINT('Ctrl Pts',(42.8386468803391,12.,37.7737973590911));
#18253=CARTESIAN_POINT('Ctrl Pts',(42.9068674861995,0.,37.902620040786));
#18254=CARTESIAN_POINT('Ctrl Pts',(42.9068674861995,12.,37.902620040786));
#18255=CARTESIAN_POINT('',(42.719118820983,12.,37.5));
#18256=CARTESIAN_POINT('',(42.719118820983,2.5,37.5));
#18257=CARTESIAN_POINT('Ctrl Pts',(42.719118820983,12.,37.5));
#18258=CARTESIAN_POINT('Ctrl Pts',(42.719118820983,8.83333333333333,37.5));
#18259=CARTESIAN_POINT('Ctrl Pts',(42.719118820983,5.66666666666667,37.5));
#18260=CARTESIAN_POINT('Ctrl Pts',(42.719118820983,2.5,37.5));
#18261=CARTESIAN_POINT('',(42.9068674861995,12.,37.902620040786));
#18262=CARTESIAN_POINT('Ctrl Pts',(42.719118820983,12.,37.5));
#18263=CARTESIAN_POINT('Ctrl Pts',(42.7201911984812,12.,37.5030934653345));
#18264=CARTESIAN_POINT('Ctrl Pts',(42.7688746948844,12.,37.6420447907196));
#18265=CARTESIAN_POINT('Ctrl Pts',(42.8386468803391,12.,37.7737973590911));
#18266=CARTESIAN_POINT('Ctrl Pts',(42.9068674861995,12.,37.902620040786));
#18267=CARTESIAN_POINT('',(42.9068674861995,0.,37.902620040786));
#18268=CARTESIAN_POINT('',(42.9068674861995,0.,37.902620040786));
#18269=CARTESIAN_POINT('',(42.6059719133547,0.,36.9871120511918));
#18270=CARTESIAN_POINT('Ctrl Pts',(42.6059719133547,0.,36.9871120511918));
#18271=CARTESIAN_POINT('Ctrl Pts',(42.6345810745273,0.,37.1646427815258));
#18272=CARTESIAN_POINT('Ctrl Pts',(42.6864247448432,0.,37.4863524813954));
#18273=CARTESIAN_POINT('Ctrl Pts',(42.8386468803391,0.,37.7737973590911));
#18274=CARTESIAN_POINT('Ctrl Pts',(42.9068674861995,0.,37.902620040786));
#18275=CARTESIAN_POINT('',(42.6059719133547,2.5,36.9871120511918));
#18276=CARTESIAN_POINT('',(42.6059719133547,0.,36.9871120511918));
#18277=CARTESIAN_POINT('Ctrl Pts',(42.719118820983,2.5,37.5));
#18278=CARTESIAN_POINT('Ctrl Pts',(42.6621333646912,2.5,37.3356152251304));
#18279=CARTESIAN_POINT('Ctrl Pts',(42.634052639023,2.5,37.1613636381611));
#18280=CARTESIAN_POINT('Ctrl Pts',(42.6059719133547,2.5,36.9871120511918));
#18281=CARTESIAN_POINT('Ctrl Pts',(44.8331227270806,0.,34.9320590535816));
#18282=CARTESIAN_POINT('Ctrl Pts',(44.8331227270806,12.,34.9320590535816));
#18283=CARTESIAN_POINT('Ctrl Pts',(44.7813306224062,0.,34.8879785871138));
#18284=CARTESIAN_POINT('Ctrl Pts',(44.7813306224062,12.,34.8879785871138));
#18285=CARTESIAN_POINT('Ctrl Pts',(44.6669816929061,0.,34.790655758004));
#18286=CARTESIAN_POINT('Ctrl Pts',(44.6669816929061,12.,34.790655758004));
#18287=CARTESIAN_POINT('Ctrl Pts',(44.5592633417666,0.,34.686026783951));
#18288=CARTESIAN_POINT('Ctrl Pts',(44.5592633417666,12.,34.686026783951));
#18289=CARTESIAN_POINT('Ctrl Pts',(44.5003339048911,0.,34.6287874514085));
#18290=CARTESIAN_POINT('Ctrl Pts',(44.5003339048911,12.,34.6287874514085));
#18291=CARTESIAN_POINT('',(44.5003339048911,2.5,34.6287874514085));
#18292=CARTESIAN_POINT('',(44.8331227270806,2.5,34.9320590535816));
#18293=CARTESIAN_POINT('Ctrl Pts',(44.5003339048911,2.5,34.6287874514085));
#18294=CARTESIAN_POINT('Ctrl Pts',(44.5592633417666,2.5,34.686026783951));
#18295=CARTESIAN_POINT('Ctrl Pts',(44.618192778642,2.5,34.7432661164935));
#18296=CARTESIAN_POINT('Ctrl Pts',(44.6791066492465,2.5,34.7983188282517));
#18297=CARTESIAN_POINT('Ctrl Pts',(44.7295385177318,2.5,34.843898120646));
#18298=CARTESIAN_POINT('Ctrl Pts',(44.7813306224062,2.5,34.8879785871138));
#18299=CARTESIAN_POINT('Ctrl Pts',(44.8331227270806,2.5,34.9320590535816));
#18300=CARTESIAN_POINT('',(44.5003339048911,0.,34.6287874514085));
#18301=CARTESIAN_POINT('',(44.5003339048911,0.,34.6287874514085));
#18302=CARTESIAN_POINT('',(44.8331227270806,0.,34.9320590535816));
#18303=CARTESIAN_POINT('Ctrl Pts',(44.8331227270806,0.,34.9320590535816));
#18304=CARTESIAN_POINT('Ctrl Pts',(44.7813306224062,0.,34.8879785871138));
#18305=CARTESIAN_POINT('Ctrl Pts',(44.6669816929061,0.,34.790655758004));
#18306=CARTESIAN_POINT('Ctrl Pts',(44.5592633417666,0.,34.686026783951));
#18307=CARTESIAN_POINT('Ctrl Pts',(44.5003339048911,0.,34.6287874514085));
#18308=CARTESIAN_POINT('',(44.8331227270806,0.,34.9320590535816));
#18309=CARTESIAN_POINT('Ctrl Pts',(45.3945097732876,0.,35.3374603025923));
#18310=CARTESIAN_POINT('Ctrl Pts',(45.3945097732876,12.,35.3374603025923));
#18311=CARTESIAN_POINT('Ctrl Pts',(45.276896515654,0.,35.2566161684216));
#18312=CARTESIAN_POINT('Ctrl Pts',(45.276896515654,12.,35.2566161684216));
#18313=CARTESIAN_POINT('Ctrl Pts',(45.0866100074299,0.,35.1258184308939));
#18314=CARTESIAN_POINT('Ctrl Pts',(45.0866100074299,12.,35.1258184308939));
#18315=CARTESIAN_POINT('Ctrl Pts',(44.903178102585,0.,34.9856076415676));
#18316=CARTESIAN_POINT('Ctrl Pts',(44.903178102585,12.,34.9856076415676));
#18317=CARTESIAN_POINT('Ctrl Pts',(44.8331227270806,0.,34.9320590535816));
#18318=CARTESIAN_POINT('Ctrl Pts',(44.8331227270806,12.,34.9320590535816));
#18319=CARTESIAN_POINT('',(45.3945097732876,2.5,35.3374603025923));
#18320=CARTESIAN_POINT('Ctrl Pts',(44.8331227270806,2.5,34.9320590535816));
#18321=CARTESIAN_POINT('Ctrl Pts',(44.903178102585,2.5,34.9856076415676));
#18322=CARTESIAN_POINT('Ctrl Pts',(44.9732334780895,2.5,35.0391562295536));
#18323=CARTESIAN_POINT('Ctrl Pts',(45.0442886590657,2.5,35.0913318393855));
#18324=CARTESIAN_POINT('Ctrl Pts',(45.1592832580203,2.5,35.1757720342508));
#18325=CARTESIAN_POINT('Ctrl Pts',(45.276896515654,2.5,35.2566161684216));
#18326=CARTESIAN_POINT('Ctrl Pts',(45.3945097732876,2.5,35.3374603025923));
#18327=CARTESIAN_POINT('',(45.3945097732876,0.,35.3374603025923));
#18328=CARTESIAN_POINT('Ctrl Pts',(45.3945097732876,0.,35.3374603025923));
#18329=CARTESIAN_POINT('Ctrl Pts',(45.276896515654,0.,35.2566161684216));
#18330=CARTESIAN_POINT('Ctrl Pts',(45.0866100074299,0.,35.1258184308939));
#18331=CARTESIAN_POINT('Ctrl Pts',(44.903178102585,0.,34.9856076415676));
#18332=CARTESIAN_POINT('Ctrl Pts',(44.8331227270806,0.,34.9320590535816));
#18333=CARTESIAN_POINT('',(45.3945097732876,0.,35.3374603025923));
#18334=CARTESIAN_POINT('Ctrl Pts',(46.3690050300475,0.,36.2507042853805));
#18335=CARTESIAN_POINT('Ctrl Pts',(46.3690050300475,12.,36.2507042853805));
#18336=CARTESIAN_POINT('Ctrl Pts',(46.2483578138737,0.,36.0998370425375));
#18337=CARTESIAN_POINT('Ctrl Pts',(46.2483578138737,12.,36.0998370425375));
#18338=CARTESIAN_POINT('Ctrl Pts',(45.9679614519577,0.,35.7492062748575));
#18339=CARTESIAN_POINT('Ctrl Pts',(45.9679614519577,12.,35.7492062748575));
#18340=CARTESIAN_POINT('Ctrl Pts',(45.6026418891403,0.,35.4869019444759));
#18341=CARTESIAN_POINT('Ctrl Pts',(45.6026418891403,12.,35.4869019444759));
#18342=CARTESIAN_POINT('Ctrl Pts',(45.3945097732876,0.,35.3374603025923));
#18343=CARTESIAN_POINT('Ctrl Pts',(45.3945097732876,12.,35.3374603025923));
#18344=CARTESIAN_POINT('',(46.3690050300475,2.5,36.2507042853805));
#18345=CARTESIAN_POINT('Ctrl Pts',(45.3945097732876,2.5,35.3374603025923));
#18346=CARTESIAN_POINT('Ctrl Pts',(45.6026418891403,2.5,35.4869019444759));
#18347=CARTESIAN_POINT('Ctrl Pts',(45.810774004993,2.5,35.6363435863596));
#18348=CARTESIAN_POINT('Ctrl Pts',(45.9913410765249,2.5,35.8144549219546));
#18349=CARTESIAN_POINT('Ctrl Pts',(46.1277105976999,2.5,35.9489697996945));
#18350=CARTESIAN_POINT('Ctrl Pts',(46.2483578138737,2.5,36.0998370425375));
#18351=CARTESIAN_POINT('Ctrl Pts',(46.3690050300475,2.5,36.2507042853805));
#18352=CARTESIAN_POINT('',(46.3690050300475,0.,36.2507042853805));
#18353=CARTESIAN_POINT('Ctrl Pts',(46.3690050300475,0.,36.2507042853805));
#18354=CARTESIAN_POINT('Ctrl Pts',(46.2483578138737,0.,36.0998370425375));
#18355=CARTESIAN_POINT('Ctrl Pts',(45.9679614519577,0.,35.7492062748575));
#18356=CARTESIAN_POINT('Ctrl Pts',(45.6026418891403,0.,35.4869019444759));
#18357=CARTESIAN_POINT('Ctrl Pts',(45.3945097732876,0.,35.3374603025923));
#18358=CARTESIAN_POINT('',(46.3690050300475,0.,36.2507042853805));
#18359=CARTESIAN_POINT('Ctrl Pts',(46.637464484475,0.,37.1236066299174));
#18360=CARTESIAN_POINT('Ctrl Pts',(46.637464484475,12.,37.1236066299174));
#18361=CARTESIAN_POINT('Ctrl Pts',(46.6252707226057,0.,36.9715789398039));
#18362=CARTESIAN_POINT('Ctrl Pts',(46.6252707226057,12.,36.9715789398039));
#18363=CARTESIAN_POINT('Ctrl Pts',(46.6003576130485,0.,36.6609707337278));
#18364=CARTESIAN_POINT('Ctrl Pts',(46.6003576130485,12.,36.6609707337278));
#18365=CARTESIAN_POINT('Ctrl Pts',(46.4471996034852,0.,36.3893697349215));
#18366=CARTESIAN_POINT('Ctrl Pts',(46.4471996034852,12.,36.3893697349215));
#18367=CARTESIAN_POINT('Ctrl Pts',(46.3690050300475,0.,36.2507042853805));
#18368=CARTESIAN_POINT('Ctrl Pts',(46.3690050300475,12.,36.2507042853805));
#18369=CARTESIAN_POINT('',(46.637464484475,2.5,37.1236066299174));
#18370=CARTESIAN_POINT('Ctrl Pts',(46.3690050300475,2.5,36.2507042853805));
#18371=CARTESIAN_POINT('Ctrl Pts',(46.4471996034852,2.5,36.3893697349215));
#18372=CARTESIAN_POINT('Ctrl Pts',(46.5253941769228,2.5,36.5280351844625));
#18373=CARTESIAN_POINT('Ctrl Pts',(46.5701604800217,2.5,36.6768682388729));
#18374=CARTESIAN_POINT('Ctrl Pts',(46.6130769607365,2.5,36.8195512496904));
#18375=CARTESIAN_POINT('Ctrl Pts',(46.6252707226057,2.5,36.9715789398039));
#18376=CARTESIAN_POINT('Ctrl Pts',(46.637464484475,2.5,37.1236066299174));
#18377=CARTESIAN_POINT('',(46.637464484475,0.,37.1236066299174));
#18378=CARTESIAN_POINT('Ctrl Pts',(46.637464484475,0.,37.1236066299174));
#18379=CARTESIAN_POINT('Ctrl Pts',(46.6252707226057,0.,36.9715789398039));
#18380=CARTESIAN_POINT('Ctrl Pts',(46.6003576130485,0.,36.6609707337278));
#18381=CARTESIAN_POINT('Ctrl Pts',(46.4471996034852,0.,36.3893697349215));
#18382=CARTESIAN_POINT('Ctrl Pts',(46.3690050300475,0.,36.2507042853805));
#18383=CARTESIAN_POINT('',(46.637464484475,0.,37.1236066299174));
#18384=CARTESIAN_POINT('Ctrl Pts',(46.4044784626523,0.,37.8997204944328));
#18385=CARTESIAN_POINT('Ctrl Pts',(46.4044784626523,12.,37.8997204944328));
#18386=CARTESIAN_POINT('Ctrl Pts',(46.4725202868165,0.,37.7802502609278));
#18387=CARTESIAN_POINT('Ctrl Pts',(46.4725202868165,12.,37.7802502609278));
#18388=CARTESIAN_POINT('Ctrl Pts',(46.6096499277244,0.,37.5394732032729));
#18389=CARTESIAN_POINT('Ctrl Pts',(46.6096499277244,12.,37.5394732032729));
#18390=CARTESIAN_POINT('Ctrl Pts',(46.6281459378229,0.,37.2629319515318));
#18391=CARTESIAN_POINT('Ctrl Pts',(46.6281459378229,12.,37.2629319515318));
#18392=CARTESIAN_POINT('Ctrl Pts',(46.637464484475,0.,37.1236066299174));
#18393=CARTESIAN_POINT('Ctrl Pts',(46.637464484475,12.,37.1236066299174));
#18394=CARTESIAN_POINT('',(46.5885807099285,2.5,37.5));
#18395=CARTESIAN_POINT('Ctrl Pts',(46.637464484475,2.5,37.1236066299174));
#18396=CARTESIAN_POINT('Ctrl Pts',(46.6289167970203,2.5,37.2514065270639));
#18397=CARTESIAN_POINT('Ctrl Pts',(46.6203691095656,2.5,37.3792064242104));
#18398=CARTESIAN_POINT('Ctrl Pts',(46.5885807099285,2.5,37.5));
#18399=CARTESIAN_POINT('',(46.4044784626523,0.,37.8997204944328));
#18400=CARTESIAN_POINT('Ctrl Pts',(46.4044784626523,0.,37.8997204944328));
#18401=CARTESIAN_POINT('Ctrl Pts',(46.4725202868165,0.,37.7802502609278));
#18402=CARTESIAN_POINT('Ctrl Pts',(46.6096499277244,0.,37.5394732032729));
#18403=CARTESIAN_POINT('Ctrl Pts',(46.6281459378229,0.,37.2629319515318));
#18404=CARTESIAN_POINT('Ctrl Pts',(46.637464484475,0.,37.1236066299174));
#18405=CARTESIAN_POINT('',(46.4044784626523,12.,37.8997204944328));
#18406=CARTESIAN_POINT('',(46.4044784626523,0.,37.8997204944328));
#18407=CARTESIAN_POINT('',(46.5885807099285,12.,37.5));
#18408=CARTESIAN_POINT('Ctrl Pts',(46.4044784626523,12.,37.8997204944328));
#18409=CARTESIAN_POINT('Ctrl Pts',(46.4725202868165,12.,37.7802502609278));
#18410=CARTESIAN_POINT('Ctrl Pts',(46.5462772703236,12.,37.6507451491753));
#18411=CARTESIAN_POINT('Ctrl Pts',(46.5857139251568,12.,37.5108935708483));
#18412=CARTESIAN_POINT('Ctrl Pts',(46.5885807099285,12.,37.5));
#18413=CARTESIAN_POINT('Ctrl Pts',(46.5885807099285,2.5,37.5));
#18414=CARTESIAN_POINT('Ctrl Pts',(46.5885807099285,5.66666666666667,37.5));
#18415=CARTESIAN_POINT('Ctrl Pts',(46.5885807099285,8.83333333333334,37.5));
#18416=CARTESIAN_POINT('Ctrl Pts',(46.5885807099285,12.,37.5));
#18417=CARTESIAN_POINT('Origin',(44.5851307519993,12.,36.0381387918885));
#18418=CARTESIAN_POINT('',(52.2925653759997,12.,37.5));
#18419=CARTESIAN_POINT('',(45.0421705446662,12.,37.5));
#18420=CARTESIAN_POINT('Ctrl Pts',(45.0421705446662,12.,37.5));
#18421=CARTESIAN_POINT('Ctrl Pts',(44.9949574388139,12.,37.5356120432315));
#18422=CARTESIAN_POINT('Ctrl Pts',(44.8808029446008,12.,37.6132942196821));
#18423=CARTESIAN_POINT('Ctrl Pts',(44.7406090077232,12.,37.6239005531464));
#18424=CARTESIAN_POINT('Ctrl Pts',(44.659711562152,12.,37.6300208269845));
#18425=CARTESIAN_POINT('',(52.2925653759997,12.,37.5));
#18426=CARTESIAN_POINT('',(45.7637036712674,12.,38.4135533697761));
#18427=CARTESIAN_POINT('Ctrl Pts',(45.7637036712674,12.,38.4135533697761));
#18428=CARTESIAN_POINT('Ctrl Pts',(45.8916890598763,12.,38.3511201796442));
#18429=CARTESIAN_POINT('Ctrl Pts',(46.1440716399061,12.,38.2280041757297));
#18430=CARTESIAN_POINT('Ctrl Pts',(46.3185028348957,12.,38.00810627052));
#18431=CARTESIAN_POINT('Ctrl Pts',(46.4044784626523,12.,37.8997204944328));
#18432=CARTESIAN_POINT('',(44.6229834812853,12.,38.581620682183));
#18433=CARTESIAN_POINT('Ctrl Pts',(44.6229834812853,12.,38.581620682183));
#18434=CARTESIAN_POINT('Ctrl Pts',(44.8420648768892,12.,38.5788318501479));
#18435=CARTESIAN_POINT('Ctrl Pts',(45.2304584449278,12.,38.5738877314481));
#18436=CARTESIAN_POINT('Ctrl Pts',(45.601817391174,12.,38.4622287860764));
#18437=CARTESIAN_POINT('Ctrl Pts',(45.7637036712674,12.,38.4135533697761));
#18438=CARTESIAN_POINT('',(43.5229063497529,12.,38.4068842625715));
#18439=CARTESIAN_POINT('Ctrl Pts',(43.5229063497529,12.,38.4068842625715));
#18440=CARTESIAN_POINT('Ctrl Pts',(43.6796050427088,12.,38.4577920752731));
#18441=CARTESIAN_POINT('Ctrl Pts',(44.0364090454039,12.,38.5737095152831));
#18442=CARTESIAN_POINT('Ctrl Pts',(44.4122190775369,12.,38.5787780892014));
#18443=CARTESIAN_POINT('Ctrl Pts',(44.6229834812853,12.,38.581620682183));
#18444=CARTESIAN_POINT('Ctrl Pts',(42.9068674861995,12.,37.902620040786));
#18445=CARTESIAN_POINT('Ctrl Pts',(42.9887772579224,12.,38.0065624313687));
#18446=CARTESIAN_POINT('Ctrl Pts',(43.1568500157678,12.,38.2198444839837));
#18447=CARTESIAN_POINT('Ctrl Pts',(43.3988462694001,12.,38.3434946478962));
#18448=CARTESIAN_POINT('Ctrl Pts',(43.5229063497529,12.,38.4068842625715));
#18449=CARTESIAN_POINT('Ctrl Pts',(45.0842017940178,0.,37.4676634411542));
#18450=CARTESIAN_POINT('Ctrl Pts',(45.0842017940178,12.,37.4676634411542));
#18451=CARTESIAN_POINT('Ctrl Pts',(45.0233288332502,0.,37.5149573601371));
#18452=CARTESIAN_POINT('Ctrl Pts',(45.0233288332502,12.,37.5149573601371));
#18453=CARTESIAN_POINT('Ctrl Pts',(44.898478674869,0.,37.6119569672044));
#18454=CARTESIAN_POINT('Ctrl Pts',(44.898478674869,12.,37.6119569672044));
#18455=CARTESIAN_POINT('Ctrl Pts',(44.7406090077232,0.,37.6239005531464));
#18456=CARTESIAN_POINT('Ctrl Pts',(44.7406090077232,12.,37.6239005531464));
#18457=CARTESIAN_POINT('Ctrl Pts',(44.659711562152,0.,37.6300208269845));
#18458=CARTESIAN_POINT('Ctrl Pts',(44.659711562152,12.,37.6300208269845));
#18459=CARTESIAN_POINT('',(45.0421705446662,2.5,37.5));
#18460=CARTESIAN_POINT('Ctrl Pts',(45.0421705446662,12.,37.5));
#18461=CARTESIAN_POINT('Ctrl Pts',(45.0421705446662,8.83333333333333,37.5));
#18462=CARTESIAN_POINT('Ctrl Pts',(45.0421705446662,5.66666666666667,37.5));
#18463=CARTESIAN_POINT('Ctrl Pts',(45.0421705446662,2.5,37.5));
#18464=CARTESIAN_POINT('',(45.0842017940178,0.,37.4676634411542));
#18465=CARTESIAN_POINT('Ctrl Pts',(45.0842017940178,0.,37.4676634411542));
#18466=CARTESIAN_POINT('Ctrl Pts',(45.0233288332502,0.,37.5149573601371));
#18467=CARTESIAN_POINT('Ctrl Pts',(44.898478674869,0.,37.6119569672044));
#18468=CARTESIAN_POINT('Ctrl Pts',(44.7406090077232,0.,37.6239005531464));
#18469=CARTESIAN_POINT('Ctrl Pts',(44.659711562152,0.,37.6300208269845));
#18470=CARTESIAN_POINT('',(45.0842017940178,2.5,37.4676634411542));
#18471=CARTESIAN_POINT('',(45.0842017940178,0.,37.4676634411542));
#18472=CARTESIAN_POINT('Ctrl Pts',(45.0421705446681,2.5,37.4999999999986));
#18473=CARTESIAN_POINT('Ctrl Pts',(45.0562443305825,2.5,37.4893843825049));
#18474=CARTESIAN_POINT('Ctrl Pts',(45.0702230623002,2.5,37.4785239118296));
#18475=CARTESIAN_POINT('Ctrl Pts',(45.0842017940178,2.5,37.4676634411542));
#18476=CARTESIAN_POINT('Origin',(44.5003339048911,0.,34.6287874514085));
#18477=CARTESIAN_POINT('',(46.66950115496,2.5,34.626989195104));
#18478=CARTESIAN_POINT('',(22.2645359994145,2.5,34.6472210985927));
#18479=CARTESIAN_POINT('',(46.66950115496,0.,34.626989195104));
#18480=CARTESIAN_POINT('',(46.66950115496,0.,34.626989195104));
#18481=CARTESIAN_POINT('',(22.2645359994145,0.,34.6472210985927));
#18482=CARTESIAN_POINT('Ctrl Pts',(45.7637036712674,0.,38.4135533697761));
#18483=CARTESIAN_POINT('Ctrl Pts',(45.7637036712674,12.,38.4135533697761));
#18484=CARTESIAN_POINT('Ctrl Pts',(45.8916890598763,0.,38.3511201796442));
#18485=CARTESIAN_POINT('Ctrl Pts',(45.8916890598763,12.,38.3511201796442));
#18486=CARTESIAN_POINT('Ctrl Pts',(46.1440716399061,0.,38.2280041757297));
#18487=CARTESIAN_POINT('Ctrl Pts',(46.1440716399061,12.,38.2280041757297));
#18488=CARTESIAN_POINT('Ctrl Pts',(46.3185028348957,0.,38.00810627052));
#18489=CARTESIAN_POINT('Ctrl Pts',(46.3185028348957,12.,38.00810627052));
#18490=CARTESIAN_POINT('Ctrl Pts',(46.4044784626523,0.,37.8997204944328));
#18491=CARTESIAN_POINT('Ctrl Pts',(46.4044784626523,12.,37.8997204944328));
#18492=CARTESIAN_POINT('',(45.7637036712674,0.,38.4135533697761));
#18493=CARTESIAN_POINT('Ctrl Pts',(45.7637036712674,0.,38.4135533697761));
#18494=CARTESIAN_POINT('Ctrl Pts',(45.8916890598763,0.,38.3511201796442));
#18495=CARTESIAN_POINT('Ctrl Pts',(46.1440716399061,0.,38.2280041757297));
#18496=CARTESIAN_POINT('Ctrl Pts',(46.3185028348957,0.,38.00810627052));
#18497=CARTESIAN_POINT('Ctrl Pts',(46.4044784626523,0.,37.8997204944328));
#18498=CARTESIAN_POINT('',(45.7637036712674,0.,38.4135533697761));
#18499=CARTESIAN_POINT('Ctrl Pts',(44.6229834812853,0.,38.581620682183));
#18500=CARTESIAN_POINT('Ctrl Pts',(44.6229834812853,12.,38.581620682183));
#18501=CARTESIAN_POINT('Ctrl Pts',(44.8420648768892,0.,38.5788318501479));
#18502=CARTESIAN_POINT('Ctrl Pts',(44.8420648768892,12.,38.5788318501479));
#18503=CARTESIAN_POINT('Ctrl Pts',(45.2304584449278,0.,38.5738877314481));
#18504=CARTESIAN_POINT('Ctrl Pts',(45.2304584449278,12.,38.5738877314481));
#18505=CARTESIAN_POINT('Ctrl Pts',(45.601817391174,0.,38.4622287860764));
#18506=CARTESIAN_POINT('Ctrl Pts',(45.601817391174,12.,38.4622287860764));
#18507=CARTESIAN_POINT('Ctrl Pts',(45.7637036712674,0.,38.4135533697761));
#18508=CARTESIAN_POINT('Ctrl Pts',(45.7637036712674,12.,38.4135533697761));
#18509=CARTESIAN_POINT('',(44.6229834812853,0.,38.581620682183));
#18510=CARTESIAN_POINT('Ctrl Pts',(44.6229834812853,0.,38.581620682183));
#18511=CARTESIAN_POINT('Ctrl Pts',(44.8420648768892,0.,38.5788318501479));
#18512=CARTESIAN_POINT('Ctrl Pts',(45.2304584449278,0.,38.5738877314481));
#18513=CARTESIAN_POINT('Ctrl Pts',(45.601817391174,0.,38.4622287860764));
#18514=CARTESIAN_POINT('Ctrl Pts',(45.7637036712674,0.,38.4135533697761));
#18515=CARTESIAN_POINT('',(44.6229834812853,0.,38.581620682183));
#18516=CARTESIAN_POINT('Ctrl Pts',(43.5229063497529,0.,38.4068842625715));
#18517=CARTESIAN_POINT('Ctrl Pts',(43.5229063497529,12.,38.4068842625715));
#18518=CARTESIAN_POINT('Ctrl Pts',(43.6796050427088,0.,38.4577920752731));
#18519=CARTESIAN_POINT('Ctrl Pts',(43.6796050427088,12.,38.4577920752731));
#18520=CARTESIAN_POINT('Ctrl Pts',(44.0364090454039,0.,38.5737095152831));
#18521=CARTESIAN_POINT('Ctrl Pts',(44.0364090454039,12.,38.5737095152831));
#18522=CARTESIAN_POINT('Ctrl Pts',(44.4122190775369,0.,38.5787780892014));
#18523=CARTESIAN_POINT('Ctrl Pts',(44.4122190775369,12.,38.5787780892014));
#18524=CARTESIAN_POINT('Ctrl Pts',(44.6229834812853,0.,38.581620682183));
#18525=CARTESIAN_POINT('Ctrl Pts',(44.6229834812853,12.,38.581620682183));
#18526=CARTESIAN_POINT('',(43.5229063497529,0.,38.4068842625715));
#18527=CARTESIAN_POINT('Ctrl Pts',(43.5229063497529,0.,38.4068842625715));
#18528=CARTESIAN_POINT('Ctrl Pts',(43.6796050427088,0.,38.4577920752731));
#18529=CARTESIAN_POINT('Ctrl Pts',(44.0364090454039,0.,38.5737095152831));
#18530=CARTESIAN_POINT('Ctrl Pts',(44.4122190775369,0.,38.5787780892014));
#18531=CARTESIAN_POINT('Ctrl Pts',(44.6229834812853,0.,38.581620682183));
#18532=CARTESIAN_POINT('',(43.5229063497529,0.,38.4068842625715));
#18533=CARTESIAN_POINT('Ctrl Pts',(42.9068674861995,0.,37.902620040786));
#18534=CARTESIAN_POINT('Ctrl Pts',(42.9068674861995,12.,37.902620040786));
#18535=CARTESIAN_POINT('Ctrl Pts',(42.9887772579224,0.,38.0065624313687));
#18536=CARTESIAN_POINT('Ctrl Pts',(42.9887772579224,12.,38.0065624313687));
#18537=CARTESIAN_POINT('Ctrl Pts',(43.1568500157678,0.,38.2198444839837));
#18538=CARTESIAN_POINT('Ctrl Pts',(43.1568500157678,12.,38.2198444839837));
#18539=CARTESIAN_POINT('Ctrl Pts',(43.3988462694001,0.,38.3434946478962));
#18540=CARTESIAN_POINT('Ctrl Pts',(43.3988462694001,12.,38.3434946478962));
#18541=CARTESIAN_POINT('Ctrl Pts',(43.5229063497529,0.,38.4068842625715));
#18542=CARTESIAN_POINT('Ctrl Pts',(43.5229063497529,12.,38.4068842625715));
#18543=CARTESIAN_POINT('Ctrl Pts',(42.9068674861995,0.,37.902620040786));
#18544=CARTESIAN_POINT('Ctrl Pts',(42.9887772579224,0.,38.0065624313687));
#18545=CARTESIAN_POINT('Ctrl Pts',(43.1568500157678,0.,38.2198444839837));
#18546=CARTESIAN_POINT('Ctrl Pts',(43.3988462694001,0.,38.3434946478962));
#18547=CARTESIAN_POINT('Ctrl Pts',(43.5229063497529,0.,38.4068842625715));
#18548=CARTESIAN_POINT('Origin',(43.9974194915021,0.,36.8734076371079));
#18549=CARTESIAN_POINT('',(43.9974194915021,2.5,36.8734076371079));
#18550=CARTESIAN_POINT('',(23.6412258361884,2.5,38.5368472872287));
#18551=CARTESIAN_POINT('',(43.9974194915021,0.,36.8734076371079));
#18552=CARTESIAN_POINT('',(23.6412258361884,0.,38.5368472872287));
#18553=CARTESIAN_POINT('',(43.9974194915021,0.,36.8734076371079));
#18554=CARTESIAN_POINT('Ctrl Pts',(44.2247167519995,0.,37.463260092434));
#18555=CARTESIAN_POINT('Ctrl Pts',(44.2247167519995,12.,37.463260092434));
#18556=CARTESIAN_POINT('Ctrl Pts',(44.1720973597394,0.,37.3885568746354));
#18557=CARTESIAN_POINT('Ctrl Pts',(44.1720973597394,12.,37.3885568746354));
#18558=CARTESIAN_POINT('Ctrl Pts',(44.0477540776566,0.,37.2120279775076));
#18559=CARTESIAN_POINT('Ctrl Pts',(44.0477540776566,12.,37.2120279775076));
#18560=CARTESIAN_POINT('Ctrl Pts',(44.0158325296284,0.,36.9972793069571));
#18561=CARTESIAN_POINT('Ctrl Pts',(44.0158325296284,12.,36.9972793069571));
#18562=CARTESIAN_POINT('Ctrl Pts',(43.9974194915021,0.,36.8734076371079));
#18563=CARTESIAN_POINT('Ctrl Pts',(43.9974194915021,12.,36.8734076371079));
#18564=CARTESIAN_POINT('Ctrl Pts',(43.9974194915021,2.5,36.8734076371079));
#18565=CARTESIAN_POINT('Ctrl Pts',(44.0158325296284,2.5,36.9972793069571));
#18566=CARTESIAN_POINT('Ctrl Pts',(44.0342455677548,2.5,37.1211509768063));
#18567=CARTESIAN_POINT('Ctrl Pts',(44.0834094561833,2.5,37.2323060433248));
#18568=CARTESIAN_POINT('Ctrl Pts',(44.1194779674792,2.5,37.3138536568368));
#18569=CARTESIAN_POINT('Ctrl Pts',(44.1720973597394,2.5,37.3885568746354));
#18570=CARTESIAN_POINT('Ctrl Pts',(44.2247167519995,2.5,37.463260092434));
#18571=CARTESIAN_POINT('Ctrl Pts',(44.2247167519995,0.,37.463260092434));
#18572=CARTESIAN_POINT('Ctrl Pts',(44.1720973597394,0.,37.3885568746354));
#18573=CARTESIAN_POINT('Ctrl Pts',(44.0477540776566,0.,37.2120279775076));
#18574=CARTESIAN_POINT('Ctrl Pts',(44.0158325296284,0.,36.9972793069571));
#18575=CARTESIAN_POINT('Ctrl Pts',(43.9974194915021,0.,36.8734076371079));
#18576=CARTESIAN_POINT('Ctrl Pts',(45.2527051695342,0.,37.0770053086838));
#18577=CARTESIAN_POINT('Ctrl Pts',(45.2527051695342,12.,37.0770053086838));
#18578=CARTESIAN_POINT('Ctrl Pts',(45.2455455421739,0.,37.1505890247737));
#18579=CARTESIAN_POINT('Ctrl Pts',(45.2455455421739,12.,37.1505890247737));
#18580=CARTESIAN_POINT('Ctrl Pts',(45.2311299153806,0.,37.2987469296232));
#18581=CARTESIAN_POINT('Ctrl Pts',(45.2311299153806,12.,37.2987469296232));
#18582=CARTESIAN_POINT('Ctrl Pts',(45.1333956271968,0.,37.41110755102));
#18583=CARTESIAN_POINT('Ctrl Pts',(45.1333956271968,12.,37.41110755102));
#18584=CARTESIAN_POINT('Ctrl Pts',(45.0842017940178,0.,37.4676634411542));
#18585=CARTESIAN_POINT('Ctrl Pts',(45.0842017940178,12.,37.4676634411542));
#18586=CARTESIAN_POINT('',(45.2527051695342,2.5,37.0770053086838));
#18587=CARTESIAN_POINT('Ctrl Pts',(45.0842017940178,2.5,37.4676634411542));
#18588=CARTESIAN_POINT('Ctrl Pts',(45.1333956271968,2.5,37.41110755102));
#18589=CARTESIAN_POINT('Ctrl Pts',(45.1825894603757,2.5,37.3545516608857));
#18590=CARTESIAN_POINT('Ctrl Pts',(45.210674194225,2.5,37.288926393021));
#18591=CARTESIAN_POINT('Ctrl Pts',(45.2383859148135,2.5,37.2241727408635));
#18592=CARTESIAN_POINT('Ctrl Pts',(45.2455455421739,2.5,37.1505890247737));
#18593=CARTESIAN_POINT('Ctrl Pts',(45.2527051695342,2.5,37.0770053086838));
#18594=CARTESIAN_POINT('',(45.2527051695342,0.,37.0770053086838));
#18595=CARTESIAN_POINT('Ctrl Pts',(45.2527051695342,0.,37.0770053086838));
#18596=CARTESIAN_POINT('Ctrl Pts',(45.2455455421739,0.,37.1505890247737));
#18597=CARTESIAN_POINT('Ctrl Pts',(45.2311299153806,0.,37.2987469296232));
#18598=CARTESIAN_POINT('Ctrl Pts',(45.1333956271968,0.,37.41110755102));
#18599=CARTESIAN_POINT('Ctrl Pts',(45.0842017940178,0.,37.4676634411542));
#18600=CARTESIAN_POINT('',(45.2527051695342,0.,37.0770053086838));
#18601=CARTESIAN_POINT('Ctrl Pts',(45.0818023675962,0.,36.6303528018378));
#18602=CARTESIAN_POINT('Ctrl Pts',(45.0818023675962,12.,36.6303528018378));
#18603=CARTESIAN_POINT('Ctrl Pts',(45.131490493094,0.,36.7042048357663));
#18604=CARTESIAN_POINT('Ctrl Pts',(45.131490493094,12.,36.7042048357663));
#18605=CARTESIAN_POINT('Ctrl Pts',(45.2231004826166,0.,36.8403658196358));
#18606=CARTESIAN_POINT('Ctrl Pts',(45.2231004826166,12.,36.8403658196358));
#18607=CARTESIAN_POINT('Ctrl Pts',(45.2434108803704,0.,37.0027131587644));
#18608=CARTESIAN_POINT('Ctrl Pts',(45.2434108803704,12.,37.0027131587644));
#18609=CARTESIAN_POINT('Ctrl Pts',(45.2527051695342,0.,37.0770053086838));
#18610=CARTESIAN_POINT('Ctrl Pts',(45.2527051695342,12.,37.0770053086838));
#18611=CARTESIAN_POINT('',(45.0818023675962,2.5,36.6303528018378));
#18612=CARTESIAN_POINT('Ctrl Pts',(45.2527051695342,2.5,37.0770053086838));
#18613=CARTESIAN_POINT('Ctrl Pts',(45.2434108803704,2.5,37.0027131587644));
#18614=CARTESIAN_POINT('Ctrl Pts',(45.2341165912065,2.5,36.928421008845));
#18615=CARTESIAN_POINT('Ctrl Pts',(45.2098915203244,2.5,36.8596125194161));
#18616=CARTESIAN_POINT('Ctrl Pts',(45.1811786185919,2.5,36.7780568696949));
#18617=CARTESIAN_POINT('Ctrl Pts',(45.131490493094,2.5,36.7042048357663));
#18618=CARTESIAN_POINT('Ctrl Pts',(45.0818023675962,2.5,36.6303528018378));
#18619=CARTESIAN_POINT('',(45.0818023675962,0.,36.6303528018378));
#18620=CARTESIAN_POINT('Ctrl Pts',(45.0818023675962,0.,36.6303528018378));
#18621=CARTESIAN_POINT('Ctrl Pts',(45.131490493094,0.,36.7042048357663));
#18622=CARTESIAN_POINT('Ctrl Pts',(45.2231004826166,0.,36.8403658196358));
#18623=CARTESIAN_POINT('Ctrl Pts',(45.2434108803704,0.,37.0027131587644));
#18624=CARTESIAN_POINT('Ctrl Pts',(45.2527051695342,0.,37.0770053086838));
#18625=CARTESIAN_POINT('',(45.0818023675962,0.,36.6303528018378));
#18626=CARTESIAN_POINT('Ctrl Pts',(44.3001948761126,0.,35.9420507003281));
#18627=CARTESIAN_POINT('Ctrl Pts',(44.3001948761126,12.,35.9420507003281));
#18628=CARTESIAN_POINT('Ctrl Pts',(44.4727993665141,0.,36.0686896082294));
#18629=CARTESIAN_POINT('Ctrl Pts',(44.4727993665141,12.,36.0686896082294));
#18630=CARTESIAN_POINT('Ctrl Pts',(44.7541814866568,0.,36.2751380286323));
#18631=CARTESIAN_POINT('Ctrl Pts',(44.7541814866568,12.,36.2751380286323));
#18632=CARTESIAN_POINT('Ctrl Pts',(44.9904607494695,0.,36.5313179293533));
#18633=CARTESIAN_POINT('Ctrl Pts',(44.9904607494695,12.,36.5313179293533));
#18634=CARTESIAN_POINT('Ctrl Pts',(45.0818023675962,0.,36.6303528018378));
#18635=CARTESIAN_POINT('Ctrl Pts',(45.0818023675962,12.,36.6303528018378));
#18636=CARTESIAN_POINT('',(44.3001948761126,2.5,35.9420507003281));
#18637=CARTESIAN_POINT('Ctrl Pts',(45.0818023675962,2.5,36.6303528018378));
#18638=CARTESIAN_POINT('Ctrl Pts',(44.9904607494695,2.5,36.5313179293533));
#18639=CARTESIAN_POINT('Ctrl Pts',(44.8991191313428,2.5,36.4322830568688));
#18640=CARTESIAN_POINT('Ctrl Pts',(44.8010370422345,2.5,36.3406803875705));
#18641=CARTESIAN_POINT('Ctrl Pts',(44.6454038569157,2.5,36.1953285161308));
#18642=CARTESIAN_POINT('Ctrl Pts',(44.4727993665141,2.5,36.0686896082294));
#18643=CARTESIAN_POINT('Ctrl Pts',(44.3001948761126,2.5,35.9420507003281));
#18644=CARTESIAN_POINT('',(44.3001948761126,0.,35.9420507003281));
#18645=CARTESIAN_POINT('Ctrl Pts',(44.3001948761126,0.,35.9420507003281));
#18646=CARTESIAN_POINT('Ctrl Pts',(44.4727993665141,0.,36.0686896082294));
#18647=CARTESIAN_POINT('Ctrl Pts',(44.7541814866568,0.,36.2751380286323));
#18648=CARTESIAN_POINT('Ctrl Pts',(44.9904607494695,0.,36.5313179293533));
#18649=CARTESIAN_POINT('Ctrl Pts',(45.0818023675962,0.,36.6303528018378));
#18650=CARTESIAN_POINT('',(44.3001948761126,0.,35.9420507003281));
#18651=CARTESIAN_POINT('Ctrl Pts',(42.9365796579383,0.,34.6590743327731));
#18652=CARTESIAN_POINT('Ctrl Pts',(42.9365796579383,12.,34.6590743327731));
#18653=CARTESIAN_POINT('Ctrl Pts',(43.1046585589933,0.,34.862997184011));
#18654=CARTESIAN_POINT('Ctrl Pts',(43.1046585589933,12.,34.862997184011));
#18655=CARTESIAN_POINT('Ctrl Pts',(43.5041523067951,0.,35.347685646347));
#18656=CARTESIAN_POINT('Ctrl Pts',(43.5041523067951,12.,35.347685646347));
#18657=CARTESIAN_POINT('Ctrl Pts',(44.0082095223319,0.,35.7240398837578));
#18658=CARTESIAN_POINT('Ctrl Pts',(44.0082095223319,12.,35.7240398837578));
#18659=CARTESIAN_POINT('Ctrl Pts',(44.3001948761126,0.,35.9420507003281));
#18660=CARTESIAN_POINT('Ctrl Pts',(44.3001948761126,12.,35.9420507003281));
#18661=CARTESIAN_POINT('',(42.9365796579383,2.5,34.6590743327731));
#18662=CARTESIAN_POINT('Ctrl Pts',(44.3001948761126,2.5,35.9420507003281));
#18663=CARTESIAN_POINT('Ctrl Pts',(44.0082095223319,2.5,35.7240398837578));
#18664=CARTESIAN_POINT('Ctrl Pts',(43.7162241685511,2.5,35.5060290671876));
#18665=CARTESIAN_POINT('Ctrl Pts',(43.459325508066,2.5,35.2516662645394));
#18666=CARTESIAN_POINT('Ctrl Pts',(43.2727374600482,2.5,35.0669200352488));
#18667=CARTESIAN_POINT('Ctrl Pts',(43.1046585589933,2.5,34.862997184011));
#18668=CARTESIAN_POINT('Ctrl Pts',(42.9365796579383,2.5,34.6590743327731));
#18669=CARTESIAN_POINT('',(42.9365796579383,0.,34.6590743327731));
#18670=CARTESIAN_POINT('Ctrl Pts',(42.9365796579383,0.,34.6590743327731));
#18671=CARTESIAN_POINT('Ctrl Pts',(43.1046585589933,0.,34.862997184011));
#18672=CARTESIAN_POINT('Ctrl Pts',(43.5041523067951,0.,35.347685646347));
#18673=CARTESIAN_POINT('Ctrl Pts',(44.0082095223319,0.,35.7240398837578));
#18674=CARTESIAN_POINT('Ctrl Pts',(44.3001948761126,0.,35.9420507003281));
#18675=CARTESIAN_POINT('',(42.9365796579383,0.,34.6590743327731));
#18676=CARTESIAN_POINT('Ctrl Pts',(42.5007603490387,0.,33.4981120415291));
#18677=CARTESIAN_POINT('Ctrl Pts',(42.5007603490387,12.,33.4981120415291));
#18678=CARTESIAN_POINT('Ctrl Pts',(42.5377453288708,0.,33.701978542971));
#18679=CARTESIAN_POINT('Ctrl Pts',(42.5377453288708,12.,33.701978542971));
#18680=CARTESIAN_POINT('Ctrl Pts',(42.612716099851,0.,34.1152281610474));
#18681=CARTESIAN_POINT('Ctrl Pts',(42.612716099851,12.,34.1152281610474));
#18682=CARTESIAN_POINT('Ctrl Pts',(42.8276686460749,0.,34.4761860905438));
#18683=CARTESIAN_POINT('Ctrl Pts',(42.8276686460749,12.,34.4761860905438));
#18684=CARTESIAN_POINT('Ctrl Pts',(42.9365796579383,0.,34.6590743327731));
#18685=CARTESIAN_POINT('Ctrl Pts',(42.9365796579383,12.,34.6590743327731));
#18686=CARTESIAN_POINT('',(42.5007603490387,2.5,33.4981120415291));
#18687=CARTESIAN_POINT('Ctrl Pts',(42.9365796579383,2.5,34.6590743327731));
#18688=CARTESIAN_POINT('Ctrl Pts',(42.8276686460749,2.5,34.4761860905438));
#18689=CARTESIAN_POINT('Ctrl Pts',(42.7187576342114,2.5,34.2932978483146));
#18690=CARTESIAN_POINT('Ctrl Pts',(42.6457826356236,2.5,34.0969853241618));
#18691=CARTESIAN_POINT('Ctrl Pts',(42.5747303087028,2.5,33.9058450444129));
#18692=CARTESIAN_POINT('Ctrl Pts',(42.5377453288708,2.5,33.701978542971));
#18693=CARTESIAN_POINT('Ctrl Pts',(42.5007603490387,2.5,33.4981120415291));
#18694=CARTESIAN_POINT('',(42.5007603490387,0.,33.4981120415291));
#18695=CARTESIAN_POINT('Ctrl Pts',(42.5007603490387,0.,33.4981120415291));
#18696=CARTESIAN_POINT('Ctrl Pts',(42.5377453288708,0.,33.701978542971));
#18697=CARTESIAN_POINT('Ctrl Pts',(42.612716099851,0.,34.1152281610474));
#18698=CARTESIAN_POINT('Ctrl Pts',(42.8276686460749,0.,34.4761860905438));
#18699=CARTESIAN_POINT('Ctrl Pts',(42.9365796579383,0.,34.6590743327731));
#18700=CARTESIAN_POINT('',(42.5007603490387,0.,33.4981120415291));
#18701=CARTESIAN_POINT('Origin',(46.6685624427949,0.,33.4946569015941));
#18702=CARTESIAN_POINT('',(46.6685624427949,2.5,33.4946569015941));
#18703=CARTESIAN_POINT('',(23.3481809122838,2.5,33.5139896769306));
#18704=CARTESIAN_POINT('',(46.6685624427949,0.,33.4946569015941));
#18705=CARTESIAN_POINT('',(23.3481809122838,0.,33.5139896769306));
#18706=CARTESIAN_POINT('',(46.6685624427949,0.,33.4946569015941));
#18707=CARTESIAN_POINT('Origin',(46.66950115496,0.,34.626989195104));
#18708=CARTESIAN_POINT('',(46.655132107991,2.5,17.2941618222155));
#18709=CARTESIAN_POINT('',(46.655132107991,0.,17.2941618222155));
#18710=CARTESIAN_POINT('Origin',(106.770844602034,0.,35.5068512379861));
#18711=CARTESIAN_POINT('',(106.76995112867,2.5,34.4290887661558));
#18712=CARTESIAN_POINT('',(106.770844602034,2.5,35.5068512379861));
#18713=CARTESIAN_POINT('',(106.7560901967,2.5,17.7091809255419));
#18714=CARTESIAN_POINT('',(106.76995112867,0.,34.4290887661558));
#18715=CARTESIAN_POINT('',(106.76995112867,0.,34.4290887661558));
#18716=CARTESIAN_POINT('',(106.770844602034,0.,35.5068512379861));
#18717=CARTESIAN_POINT('',(106.7560901967,0.,17.7091809255419));
#18718=CARTESIAN_POINT('',(106.770844602034,0.,35.5068512379861));
#18719=CARTESIAN_POINT('Origin',(106.143286586326,0.,35.5073714883993));
#18720=CARTESIAN_POINT('',(106.143286586326,2.5,35.5073714883993));
#18721=CARTESIAN_POINT('',(53.0863976984979,2.5,35.5513560566438));
#18722=CARTESIAN_POINT('',(106.143286586326,0.,35.5073714883993));
#18723=CARTESIAN_POINT('',(53.0863976984979,0.,35.5513560566438));
#18724=CARTESIAN_POINT('',(106.143286586326,0.,35.5073714883993));
#18725=CARTESIAN_POINT('Origin',(106.145834115926,0.,38.5803582273148));
#18726=CARTESIAN_POINT('',(106.144938490661,2.5,37.5));
#18727=CARTESIAN_POINT('',(106.129805945792,2.5,19.2461945454126));
#18728=CARTESIAN_POINT('',(106.145834115926,0.,38.5803582273148));
#18729=CARTESIAN_POINT('',(106.129805945792,0.,19.2461945454126));
#18730=CARTESIAN_POINT('',(106.145834115926,12.,38.5803582273148));
#18731=CARTESIAN_POINT('',(106.145834115926,0.,38.5803582273148));
#18732=CARTESIAN_POINT('',(106.144938490661,12.,37.5));
#18733=CARTESIAN_POINT('',(106.145834115926,12.,38.5803582273148));
#18734=CARTESIAN_POINT('',(106.144938490661,25.,37.5));
#18735=CARTESIAN_POINT('Origin',(104.585882871563,12.,36.038227856643));
#18736=CARTESIAN_POINT('',(104.023807702996,12.,37.5));
#18737=CARTESIAN_POINT('',(82.2929414357813,12.,37.5));
#18738=CARTESIAN_POINT('',(104.93505677243,12.,38.5813619710286));
#18739=CARTESIAN_POINT('',(104.93505677243,12.,38.5813619710286));
#18740=CARTESIAN_POINT('',(102.401868335933,12.,35.5752753449221));
#18741=CARTESIAN_POINT('Origin',(102.401868335933,0.,35.5752753449221));
#18742=CARTESIAN_POINT('',(104.023807702996,2.5,37.5));
#18743=CARTESIAN_POINT('',(104.023807702996,25.,37.5));
#18744=CARTESIAN_POINT('',(104.93505677243,0.,38.5813619710286));
#18745=CARTESIAN_POINT('',(104.93505677243,0.,38.5813619710286));
#18746=CARTESIAN_POINT('',(102.401868335933,0.,35.5752753449221));
#18747=CARTESIAN_POINT('',(72.3757779684881,0.,-0.0561160618070433));
#18748=CARTESIAN_POINT('',(102.401868335933,2.5,35.5752753449221));
#18749=CARTESIAN_POINT('',(102.401868335933,0.,35.5752753449221));
#18750=CARTESIAN_POINT('',(72.3757779684881,2.5,-0.0561160618070433));
#18751=CARTESIAN_POINT('Origin',(106.141618392625,0.,33.4950937422575));
#18752=CARTESIAN_POINT('',(104.930841049129,2.5,33.4960974859712));
#18753=CARTESIAN_POINT('',(106.141618392625,2.5,33.4950937422575));
#18754=CARTESIAN_POINT('',(53.0847295047966,2.5,33.539078310502));
#18755=CARTESIAN_POINT('',(104.930841049129,0.,33.4960974859712));
#18756=CARTESIAN_POINT('',(104.930841049129,0.,33.4960974859712));
#18757=CARTESIAN_POINT('',(106.141618392625,0.,33.4950937422575));
#18758=CARTESIAN_POINT('',(53.0847295047966,0.,33.539078310502));
#18759=CARTESIAN_POINT('',(106.141618392625,0.,33.4950937422575));
#18760=CARTESIAN_POINT('Origin',(106.142393112962,0.,34.429609016569));
#18761=CARTESIAN_POINT('',(106.142393112962,2.5,34.429609016569));
#18762=CARTESIAN_POINT('',(106.12808544431,2.5,17.1708199400402));
#18763=CARTESIAN_POINT('',(106.142393112962,0.,34.429609016569));
#18764=CARTESIAN_POINT('',(106.12808544431,0.,17.1708199400402));
#18765=CARTESIAN_POINT('',(106.142393112962,0.,34.429609016569));
#18766=CARTESIAN_POINT('Origin',(106.76995112867,0.,34.4290887661558));
#18767=CARTESIAN_POINT('',(53.399283232988,2.5,34.4733334596069));
#18768=CARTESIAN_POINT('',(53.399283232988,0.,34.4733334596069));
#18769=CARTESIAN_POINT('Origin',(104.93505677243,0.,38.5813619710286));
#18770=CARTESIAN_POINT('',(52.4835565563498,0.,38.6248446674162));
#18771=CARTESIAN_POINT('Origin',(102.400921141091,0.,34.4327107255597));
#18772=CARTESIAN_POINT('',(102.400921141091,2.5,34.4327107255597));
#18773=CARTESIAN_POINT('',(102.386613472438,2.5,17.1739216490305));
#18774=CARTESIAN_POINT('',(102.400921141091,0.,34.4327107255597));
#18775=CARTESIAN_POINT('',(102.386613472438,0.,17.1739216490305));
#18776=CARTESIAN_POINT('',(102.400921141091,0.,34.4327107255597));
#18777=CARTESIAN_POINT('Origin',(104.931615769466,0.,34.4306127602828));
#18778=CARTESIAN_POINT('',(104.931615769466,2.5,34.4306127602828));
#18779=CARTESIAN_POINT('',(52.4801155533858,2.5,34.4740954566705));
#18780=CARTESIAN_POINT('',(104.931615769466,0.,34.4306127602828));
#18781=CARTESIAN_POINT('',(52.4801155533858,0.,34.4740954566705));
#18782=CARTESIAN_POINT('',(104.931615769466,0.,34.4306127602828));
#18783=CARTESIAN_POINT('Origin',(104.930841049129,0.,33.4960974859712));
#18784=CARTESIAN_POINT('',(104.916920740645,2.5,16.7045660465982));
#18785=CARTESIAN_POINT('',(104.916920740645,0.,16.7045660465982));
#18786=CARTESIAN_POINT('Origin',(60.,50.,37.5));
#18787=CARTESIAN_POINT('',(30.,2.5,37.5));
#18788=CARTESIAN_POINT('',(30.,2.5,37.5));
#18789=CARTESIAN_POINT('',(30.,2.5,37.5));
#18790=CARTESIAN_POINT('',(30.,2.5,37.5));
#18791=CARTESIAN_POINT('',(2.5,2.5,37.5));
#18792=CARTESIAN_POINT('',(30.,2.5,37.5));
#18793=CARTESIAN_POINT('',(2.5,97.5,37.5));
#18794=CARTESIAN_POINT('',(2.5,75.,37.5));
#18795=CARTESIAN_POINT('',(117.5,97.5,37.5));
#18796=CARTESIAN_POINT('',(90.,97.5,37.5));
#18797=CARTESIAN_POINT('',(117.5,2.5,37.5));
#18798=CARTESIAN_POINT('',(117.5,25.,37.5));
#18799=CARTESIAN_POINT('',(30.,2.5,37.5));
#18800=CARTESIAN_POINT('',(30.,2.5,37.5));
#18801=CARTESIAN_POINT('Origin',(0.,2.5,0.));
#18802=CARTESIAN_POINT('',(117.5,2.5,2.5));
#18803=CARTESIAN_POINT('',(117.5,2.5,0.));
#18804=CARTESIAN_POINT('',(2.5,2.5,2.5));
#18805=CARTESIAN_POINT('',(30.,2.5,2.5));
#18806=CARTESIAN_POINT('',(2.5,2.5,0.));
#18807=CARTESIAN_POINT('',(93.,2.5,20.));
#18808=CARTESIAN_POINT('Origin',(105.,2.5,20.));
#18809=CARTESIAN_POINT('',(3.,2.5,20.));
#18810=CARTESIAN_POINT('Origin',(15.,2.5,20.));
#18811=CARTESIAN_POINT('',(63.,2.5,20.));
#18812=CARTESIAN_POINT('Origin',(75.,2.5,20.));
#18813=CARTESIAN_POINT('',(33.,2.5,20.));
#18814=CARTESIAN_POINT('Origin',(45.,2.5,20.));
#18815=CARTESIAN_POINT('Origin',(120.,89.,24.8));
#18816=CARTESIAN_POINT('',(2.5,87.9999999850988,24.8));
#18817=CARTESIAN_POINT('Origin',(2.5,89.,24.8));
#18818=CARTESIAN_POINT('',(120.,87.9999999850988,24.8));
#18819=CARTESIAN_POINT('Origin',(120.,89.,24.8));
#18820=CARTESIAN_POINT('',(117.5,87.9999999850988,24.8));
#18821=CARTESIAN_POINT('',(120.,87.9999999850988,24.8));
#18822=CARTESIAN_POINT('Origin',(117.5,89.,24.8));
#18823=CARTESIAN_POINT('Origin',(120.,82.5,18.4));
#18824=CARTESIAN_POINT('',(2.5,81.4999999850988,18.4));
#18825=CARTESIAN_POINT('Origin',(2.5,82.5,18.4));
#18826=CARTESIAN_POINT('',(120.,81.4999999850988,18.4));
#18827=CARTESIAN_POINT('Origin',(120.,82.5,18.4));
#18828=CARTESIAN_POINT('',(117.5,81.4999999850988,18.4));
#18829=CARTESIAN_POINT('',(120.,81.4999999850988,18.4));
#18830=CARTESIAN_POINT('Origin',(117.5,82.5,18.4));
#18831=CARTESIAN_POINT('Origin',(120.,76.,24.8));
#18832=CARTESIAN_POINT('',(2.5,74.9999999850988,24.8));
#18833=CARTESIAN_POINT('Origin',(2.5,76.,24.8));
#18834=CARTESIAN_POINT('',(120.,74.9999999850988,24.8));
#18835=CARTESIAN_POINT('Origin',(120.,76.,24.8));
#18836=CARTESIAN_POINT('',(117.5,74.9999999850988,24.8));
#18837=CARTESIAN_POINT('',(120.,74.9999999850988,24.8));
#18838=CARTESIAN_POINT('Origin',(117.5,76.,24.8));
#18839=CARTESIAN_POINT('Origin',(120.,76.,18.4));
#18840=CARTESIAN_POINT('',(2.5,74.9999999850988,18.4));
#18841=CARTESIAN_POINT('Origin',(2.5,76.,18.4));
#18842=CARTESIAN_POINT('',(120.,74.9999999850988,18.4));
#18843=CARTESIAN_POINT('Origin',(120.,76.,18.4));
#18844=CARTESIAN_POINT('',(117.5,74.9999999850988,18.4));
#18845=CARTESIAN_POINT('',(120.,74.9999999850988,18.4));
#18846=CARTESIAN_POINT('Origin',(117.5,76.,18.4));
#18847=CARTESIAN_POINT('Origin',(120.,69.5,24.8));
#18848=CARTESIAN_POINT('',(2.5,68.4999999850989,24.8));
#18849=CARTESIAN_POINT('Origin',(2.5,69.5,24.8));
#18850=CARTESIAN_POINT('',(120.,68.4999999850989,24.8));
#18851=CARTESIAN_POINT('Origin',(120.,69.5,24.8));
#18852=CARTESIAN_POINT('',(117.5,68.4999999850989,24.8));
#18853=CARTESIAN_POINT('',(120.,68.4999999850989,24.8));
#18854=CARTESIAN_POINT('Origin',(117.5,69.5,24.8));
#18855=CARTESIAN_POINT('Origin',(120.,66.25,21.6));
#18856=CARTESIAN_POINT('',(2.5,65.2499999850988,21.6));
#18857=CARTESIAN_POINT('Origin',(2.5,66.25,21.6));
#18858=CARTESIAN_POINT('',(120.,65.2499999850988,21.6));
#18859=CARTESIAN_POINT('Origin',(120.,66.25,21.6));
#18860=CARTESIAN_POINT('',(117.5,65.2499999850988,21.6));
#18861=CARTESIAN_POINT('',(120.,65.2499999850988,21.6));
#18862=CARTESIAN_POINT('Origin',(117.5,66.25,21.6));
#18863=CARTESIAN_POINT('Origin',(120.,63.,21.6));
#18864=CARTESIAN_POINT('',(2.5,61.9999999850988,21.6));
#18865=CARTESIAN_POINT('Origin',(2.5,63.,21.6));
#18866=CARTESIAN_POINT('',(120.,61.9999999850988,21.6));
#18867=CARTESIAN_POINT('Origin',(120.,63.,21.6));
#18868=CARTESIAN_POINT('',(117.5,61.9999999850988,21.6));
#18869=CARTESIAN_POINT('',(120.,61.9999999850988,21.6));
#18870=CARTESIAN_POINT('Origin',(117.5,63.,21.6));
#18871=CARTESIAN_POINT('Origin',(120.,56.5,18.4));
#18872=CARTESIAN_POINT('',(2.5,55.4999999850988,18.4));
#18873=CARTESIAN_POINT('Origin',(2.5,56.5,18.4));
#18874=CARTESIAN_POINT('',(120.,55.4999999850988,18.4));
#18875=CARTESIAN_POINT('Origin',(120.,56.5,18.4));
#18876=CARTESIAN_POINT('',(117.5,55.4999999850988,18.4));
#18877=CARTESIAN_POINT('',(120.,55.4999999850988,18.4));
#18878=CARTESIAN_POINT('Origin',(117.5,56.5,18.4));
#18879=CARTESIAN_POINT('Origin',(120.,53.25,21.6));
#18880=CARTESIAN_POINT('',(2.5,52.2499999850989,21.6));
#18881=CARTESIAN_POINT('Origin',(2.5,53.25,21.6));
#18882=CARTESIAN_POINT('',(120.,52.2499999850989,21.6));
#18883=CARTESIAN_POINT('Origin',(120.,53.25,21.6));
#18884=CARTESIAN_POINT('',(117.5,52.2499999850989,21.6));
#18885=CARTESIAN_POINT('',(120.,52.2499999850989,21.6));
#18886=CARTESIAN_POINT('Origin',(117.5,53.25,21.6));
#18887=CARTESIAN_POINT('Origin',(120.,50.,24.8));
#18888=CARTESIAN_POINT('',(2.5,48.9999999850988,24.8));
#18889=CARTESIAN_POINT('Origin',(2.5,50.,24.8));
#18890=CARTESIAN_POINT('',(120.,48.9999999850988,24.8));
#18891=CARTESIAN_POINT('Origin',(120.,50.,24.8));
#18892=CARTESIAN_POINT('',(117.5,48.9999999850988,24.8));
#18893=CARTESIAN_POINT('',(120.,48.9999999850988,24.8));
#18894=CARTESIAN_POINT('Origin',(117.5,50.,24.8));
#18895=CARTESIAN_POINT('Origin',(120.,79.25,28.));
#18896=CARTESIAN_POINT('',(2.5,78.2499999850988,28.));
#18897=CARTESIAN_POINT('Origin',(2.5,79.25,28.));
#18898=CARTESIAN_POINT('',(120.,78.2499999850988,28.));
#18899=CARTESIAN_POINT('Origin',(120.,79.25,28.));
#18900=CARTESIAN_POINT('',(117.5,78.2499999850988,28.));
#18901=CARTESIAN_POINT('',(120.,78.2499999850988,28.));
#18902=CARTESIAN_POINT('Origin',(117.5,79.25,28.));
#18903=CARTESIAN_POINT('Origin',(120.,66.25,28.));
#18904=CARTESIAN_POINT('',(2.5,65.2499999850988,28.));
#18905=CARTESIAN_POINT('Origin',(2.5,66.25,28.));
#18906=CARTESIAN_POINT('',(120.,65.2499999850988,28.));
#18907=CARTESIAN_POINT('Origin',(120.,66.25,28.));
#18908=CARTESIAN_POINT('',(117.5,65.2499999850988,28.));
#18909=CARTESIAN_POINT('',(120.,65.2499999850988,28.));
#18910=CARTESIAN_POINT('Origin',(117.5,66.25,28.));
#18911=CARTESIAN_POINT('Origin',(120.,53.25,28.));
#18912=CARTESIAN_POINT('',(2.5,52.2499999850989,28.));
#18913=CARTESIAN_POINT('Origin',(2.5,53.25,28.));
#18914=CARTESIAN_POINT('',(120.,52.2499999850989,28.));
#18915=CARTESIAN_POINT('Origin',(120.,53.25,28.));
#18916=CARTESIAN_POINT('',(117.5,52.2499999850989,28.));
#18917=CARTESIAN_POINT('',(120.,52.2499999850989,28.));
#18918=CARTESIAN_POINT('Origin',(117.5,53.25,28.));
#18919=CARTESIAN_POINT('Origin',(120.,46.75,28.));
#18920=CARTESIAN_POINT('',(2.5,45.7499999850988,28.));
#18921=CARTESIAN_POINT('Origin',(2.5,46.75,28.));
#18922=CARTESIAN_POINT('',(120.,45.7499999850988,28.));
#18923=CARTESIAN_POINT('Origin',(120.,46.75,28.));
#18924=CARTESIAN_POINT('',(117.5,45.7499999850988,28.));
#18925=CARTESIAN_POINT('',(120.,45.7499999850988,28.));
#18926=CARTESIAN_POINT('Origin',(117.5,46.75,28.));
#18927=CARTESIAN_POINT('Origin',(120.,43.5,18.4));
#18928=CARTESIAN_POINT('',(2.5,42.4999999850988,18.4));
#18929=CARTESIAN_POINT('Origin',(2.5,43.5,18.4));
#18930=CARTESIAN_POINT('',(120.,42.4999999850988,18.4));
#18931=CARTESIAN_POINT('Origin',(120.,43.5,18.4));
#18932=CARTESIAN_POINT('',(117.5,42.4999999850988,18.4));
#18933=CARTESIAN_POINT('',(120.,42.4999999850988,18.4));
#18934=CARTESIAN_POINT('Origin',(117.5,43.5,18.4));
#18935=CARTESIAN_POINT('Origin',(120.,40.25,21.6));
#18936=CARTESIAN_POINT('',(2.5,39.2499999850988,21.6));
#18937=CARTESIAN_POINT('Origin',(2.5,40.25,21.6));
#18938=CARTESIAN_POINT('',(120.,39.2499999850988,21.6));
#18939=CARTESIAN_POINT('Origin',(120.,40.25,21.6));
#18940=CARTESIAN_POINT('',(117.5,39.2499999850988,21.6));
#18941=CARTESIAN_POINT('',(120.,39.2499999850988,21.6));
#18942=CARTESIAN_POINT('Origin',(117.5,40.25,21.6));
#18943=CARTESIAN_POINT('Origin',(120.,46.75,15.2));
#18944=CARTESIAN_POINT('',(2.5,45.7499999850988,15.2));
#18945=CARTESIAN_POINT('Origin',(2.5,46.75,15.2));
#18946=CARTESIAN_POINT('',(120.,45.7499999850988,15.2));
#18947=CARTESIAN_POINT('Origin',(120.,46.75,15.2));
#18948=CARTESIAN_POINT('',(117.5,45.7499999850988,15.2));
#18949=CARTESIAN_POINT('',(120.,45.7499999850988,15.2));
#18950=CARTESIAN_POINT('Origin',(117.5,46.75,15.2));
#18951=CARTESIAN_POINT('Origin',(120.,59.75,15.2));
#18952=CARTESIAN_POINT('',(2.5,58.7499999850988,15.2));
#18953=CARTESIAN_POINT('Origin',(2.5,59.75,15.2));
#18954=CARTESIAN_POINT('',(120.,58.7499999850988,15.2));
#18955=CARTESIAN_POINT('Origin',(120.,59.75,15.2));
#18956=CARTESIAN_POINT('',(117.5,58.7499999850988,15.2));
#18957=CARTESIAN_POINT('',(120.,58.7499999850988,15.2));
#18958=CARTESIAN_POINT('Origin',(117.5,59.75,15.2));
#18959=CARTESIAN_POINT('Origin',(120.,72.75,15.2));
#18960=CARTESIAN_POINT('',(2.5,71.7499999850988,15.2));
#18961=CARTESIAN_POINT('Origin',(2.5,72.75,15.2));
#18962=CARTESIAN_POINT('',(120.,71.7499999850988,15.2));
#18963=CARTESIAN_POINT('Origin',(120.,72.75,15.2));
#18964=CARTESIAN_POINT('',(117.5,71.7499999850988,15.2));
#18965=CARTESIAN_POINT('',(120.,71.7499999850988,15.2));
#18966=CARTESIAN_POINT('Origin',(117.5,72.75,15.2));
#18967=CARTESIAN_POINT('Origin',(120.,85.75,15.2));
#18968=CARTESIAN_POINT('',(2.5,84.7499999850989,15.2));
#18969=CARTESIAN_POINT('Origin',(2.5,85.75,15.2));
#18970=CARTESIAN_POINT('',(120.,84.7499999850989,15.2));
#18971=CARTESIAN_POINT('Origin',(120.,85.75,15.2));
#18972=CARTESIAN_POINT('',(117.5,84.7499999850989,15.2));
#18973=CARTESIAN_POINT('',(120.,84.7499999850989,15.2));
#18974=CARTESIAN_POINT('Origin',(117.5,85.75,15.2));
#18975=CARTESIAN_POINT('Origin',(120.,82.5,12.));
#18976=CARTESIAN_POINT('',(2.5,81.4999999850988,12.));
#18977=CARTESIAN_POINT('Origin',(2.5,82.5,12.));
#18978=CARTESIAN_POINT('',(120.,81.4999999850988,12.));
#18979=CARTESIAN_POINT('Origin',(120.,82.5,12.));
#18980=CARTESIAN_POINT('',(117.5,81.4999999850988,12.));
#18981=CARTESIAN_POINT('',(120.,81.4999999850988,12.));
#18982=CARTESIAN_POINT('Origin',(117.5,82.5,12.));
#18983=CARTESIAN_POINT('Origin',(120.,69.5,12.));
#18984=CARTESIAN_POINT('',(2.5,68.4999999850989,12.));
#18985=CARTESIAN_POINT('Origin',(2.5,69.5,12.));
#18986=CARTESIAN_POINT('',(120.,68.4999999850989,12.));
#18987=CARTESIAN_POINT('Origin',(120.,69.5,12.));
#18988=CARTESIAN_POINT('',(117.5,68.4999999850989,12.));
#18989=CARTESIAN_POINT('',(120.,68.4999999850989,12.));
#18990=CARTESIAN_POINT('Origin',(117.5,69.5,12.));
#18991=CARTESIAN_POINT('Origin',(120.,56.5,12.));
#18992=CARTESIAN_POINT('',(2.5,55.4999999850988,12.));
#18993=CARTESIAN_POINT('Origin',(2.5,56.5,12.));
#18994=CARTESIAN_POINT('',(120.,55.4999999850988,12.));
#18995=CARTESIAN_POINT('Origin',(120.,56.5,12.));
#18996=CARTESIAN_POINT('',(117.5,55.4999999850988,12.));
#18997=CARTESIAN_POINT('',(120.,55.4999999850988,12.));
#18998=CARTESIAN_POINT('Origin',(117.5,56.5,12.));
#18999=CARTESIAN_POINT('Origin',(120.,43.5,12.));
#19000=CARTESIAN_POINT('',(2.5,42.4999999850988,12.));
#19001=CARTESIAN_POINT('Origin',(2.5,43.5,12.));
#19002=CARTESIAN_POINT('',(120.,42.4999999850988,12.));
#19003=CARTESIAN_POINT('Origin',(120.,43.5,12.));
#19004=CARTESIAN_POINT('',(117.5,42.4999999850988,12.));
#19005=CARTESIAN_POINT('',(120.,42.4999999850988,12.));
#19006=CARTESIAN_POINT('Origin',(117.5,43.5,12.));
#19007=CARTESIAN_POINT('Origin',(120.,37.,12.));
#19008=CARTESIAN_POINT('',(2.5,35.9999999850988,12.));
#19009=CARTESIAN_POINT('Origin',(2.5,37.,12.));
#19010=CARTESIAN_POINT('',(120.,35.9999999850988,12.));
#19011=CARTESIAN_POINT('Origin',(120.,37.,12.));
#19012=CARTESIAN_POINT('',(117.5,35.9999999850988,12.));
#19013=CARTESIAN_POINT('',(120.,35.9999999850988,12.));
#19014=CARTESIAN_POINT('Origin',(117.5,37.,12.));
#19015=CARTESIAN_POINT('Origin',(120.,30.5,18.4));
#19016=CARTESIAN_POINT('',(2.5,29.4999999850988,18.4));
#19017=CARTESIAN_POINT('Origin',(2.5,30.5,18.4));
#19018=CARTESIAN_POINT('',(120.,29.4999999850988,18.4));
#19019=CARTESIAN_POINT('Origin',(120.,30.5,18.4));
#19020=CARTESIAN_POINT('',(117.5,29.4999999850988,18.4));
#19021=CARTESIAN_POINT('',(120.,29.4999999850988,18.4));
#19022=CARTESIAN_POINT('Origin',(117.5,30.5,18.4));
#19023=CARTESIAN_POINT('Origin',(120.,33.75,21.6));
#19024=CARTESIAN_POINT('',(2.5,32.7499999850988,21.6));
#19025=CARTESIAN_POINT('Origin',(2.5,33.75,21.6));
#19026=CARTESIAN_POINT('',(120.,32.7499999850988,21.6));
#19027=CARTESIAN_POINT('Origin',(120.,33.75,21.6));
#19028=CARTESIAN_POINT('',(117.5,32.7499999850988,21.6));
#19029=CARTESIAN_POINT('',(120.,32.7499999850988,21.6));
#19030=CARTESIAN_POINT('Origin',(117.5,33.75,21.6));
#19031=CARTESIAN_POINT('Origin',(120.,37.,24.8));
#19032=CARTESIAN_POINT('',(2.5,35.9999999850988,24.8));
#19033=CARTESIAN_POINT('Origin',(2.5,37.,24.8));
#19034=CARTESIAN_POINT('',(120.,35.9999999850988,24.8));
#19035=CARTESIAN_POINT('Origin',(120.,37.,24.8));
#19036=CARTESIAN_POINT('',(117.5,35.9999999850988,24.8));
#19037=CARTESIAN_POINT('',(120.,35.9999999850988,24.8));
#19038=CARTESIAN_POINT('Origin',(117.5,37.,24.8));
#19039=CARTESIAN_POINT('Origin',(120.,27.25,28.));
#19040=CARTESIAN_POINT('',(2.5,26.2499999850988,28.));
#19041=CARTESIAN_POINT('Origin',(2.5,27.25,28.));
#19042=CARTESIAN_POINT('',(120.,26.2499999850988,28.));
#19043=CARTESIAN_POINT('Origin',(120.,27.25,28.));
#19044=CARTESIAN_POINT('',(117.5,26.2499999850988,28.));
#19045=CARTESIAN_POINT('',(120.,26.2499999850988,28.));
#19046=CARTESIAN_POINT('Origin',(117.5,27.25,28.));
#19047=CARTESIAN_POINT('Origin',(120.,27.25,21.6));
#19048=CARTESIAN_POINT('',(2.5,26.2499999850988,21.6));
#19049=CARTESIAN_POINT('Origin',(2.5,27.25,21.6));
#19050=CARTESIAN_POINT('',(120.,26.2499999850988,21.6));
#19051=CARTESIAN_POINT('Origin',(120.,27.25,21.6));
#19052=CARTESIAN_POINT('',(117.5,26.2499999850988,21.6));
#19053=CARTESIAN_POINT('',(120.,26.2499999850988,21.6));
#19054=CARTESIAN_POINT('Origin',(117.5,27.25,21.6));
#19055=CARTESIAN_POINT('Origin',(120.,27.25,15.2));
#19056=CARTESIAN_POINT('',(2.5,26.2499999850988,15.2));
#19057=CARTESIAN_POINT('Origin',(2.5,27.25,15.2));
#19058=CARTESIAN_POINT('',(120.,26.2499999850988,15.2));
#19059=CARTESIAN_POINT('Origin',(120.,27.25,15.2));
#19060=CARTESIAN_POINT('',(117.5,26.2499999850988,15.2));
#19061=CARTESIAN_POINT('',(120.,26.2499999850988,15.2));
#19062=CARTESIAN_POINT('Origin',(117.5,27.25,15.2));
#19063=CARTESIAN_POINT('Origin',(120.,20.75,12.));
#19064=CARTESIAN_POINT('',(2.5,19.7499999850988,12.));
#19065=CARTESIAN_POINT('Origin',(2.5,20.75,12.));
#19066=CARTESIAN_POINT('',(120.,19.7499999850988,12.));
#19067=CARTESIAN_POINT('Origin',(120.,20.75,12.));
#19068=CARTESIAN_POINT('',(117.5,19.7499999850988,12.));
#19069=CARTESIAN_POINT('',(120.,19.7499999850988,12.));
#19070=CARTESIAN_POINT('Origin',(117.5,20.75,12.));
#19071=CARTESIAN_POINT('Origin',(120.,20.75,18.4));
#19072=CARTESIAN_POINT('',(2.5,19.7499999850988,18.4));
#19073=CARTESIAN_POINT('Origin',(2.5,20.75,18.4));
#19074=CARTESIAN_POINT('',(120.,19.7499999850988,18.4));
#19075=CARTESIAN_POINT('Origin',(120.,20.75,18.4));
#19076=CARTESIAN_POINT('',(117.5,19.7499999850988,18.4));
#19077=CARTESIAN_POINT('',(120.,19.7499999850988,18.4));
#19078=CARTESIAN_POINT('Origin',(117.5,20.75,18.4));
#19079=CARTESIAN_POINT('Origin',(120.,20.75,24.8));
#19080=CARTESIAN_POINT('',(2.5,19.7499999850988,24.8));
#19081=CARTESIAN_POINT('Origin',(2.5,20.75,24.8));
#19082=CARTESIAN_POINT('',(120.,19.7499999850988,24.8));
#19083=CARTESIAN_POINT('Origin',(120.,20.75,24.8));
#19084=CARTESIAN_POINT('',(117.5,19.7499999850988,24.8));
#19085=CARTESIAN_POINT('',(120.,19.7499999850988,24.8));
#19086=CARTESIAN_POINT('Origin',(117.5,20.75,24.8));
#19087=CARTESIAN_POINT('Origin',(120.,14.25,28.));
#19088=CARTESIAN_POINT('',(2.5,13.2499999850988,28.));
#19089=CARTESIAN_POINT('Origin',(2.5,14.25,28.));
#19090=CARTESIAN_POINT('',(120.,13.2499999850988,28.));
#19091=CARTESIAN_POINT('Origin',(120.,14.25,28.));
#19092=CARTESIAN_POINT('',(117.5,13.2499999850988,28.));
#19093=CARTESIAN_POINT('',(120.,13.2499999850988,28.));
#19094=CARTESIAN_POINT('Origin',(117.5,14.25,28.));
#19095=CARTESIAN_POINT('Origin',(120.,14.25,15.2));
#19096=CARTESIAN_POINT('',(2.5,13.2499999850988,15.2));
#19097=CARTESIAN_POINT('Origin',(2.5,14.25,15.2));
#19098=CARTESIAN_POINT('',(120.,13.2499999850988,15.2));
#19099=CARTESIAN_POINT('Origin',(120.,14.25,15.2));
#19100=CARTESIAN_POINT('',(117.5,13.2499999850988,15.2));
#19101=CARTESIAN_POINT('',(120.,13.2499999850988,15.2));
#19102=CARTESIAN_POINT('Origin',(117.5,14.25,15.2));
#19103=CARTESIAN_POINT('Origin',(120.,11.,18.4));
#19104=CARTESIAN_POINT('',(2.5,9.99999998509884,18.4));
#19105=CARTESIAN_POINT('Origin',(2.5,11.,18.4));
#19106=CARTESIAN_POINT('',(120.,9.99999998509884,18.4));
#19107=CARTESIAN_POINT('Origin',(120.,11.,18.4));
#19108=CARTESIAN_POINT('',(117.5,9.99999998509884,18.4));
#19109=CARTESIAN_POINT('',(120.,9.99999998509884,18.4));
#19110=CARTESIAN_POINT('Origin',(117.5,11.,18.4));
#19111=CARTESIAN_POINT('Origin',(120.,11.,28.));
#19112=CARTESIAN_POINT('',(2.5,9.99999998509884,28.));
#19113=CARTESIAN_POINT('Origin',(2.5,11.,28.));
#19114=CARTESIAN_POINT('',(120.,9.99999998509884,28.));
#19115=CARTESIAN_POINT('Origin',(120.,11.,28.));
#19116=CARTESIAN_POINT('',(117.5,9.99999998509884,28.));
#19117=CARTESIAN_POINT('',(120.,9.99999998509884,28.));
#19118=CARTESIAN_POINT('Origin',(117.5,11.,28.));
#19119=CARTESIAN_POINT('Origin',(120.,11.,15.2));
#19120=CARTESIAN_POINT('',(2.5,9.99999998509884,15.2));
#19121=CARTESIAN_POINT('Origin',(2.5,11.,15.2));
#19122=CARTESIAN_POINT('',(120.,9.99999998509884,15.2));
#19123=CARTESIAN_POINT('Origin',(120.,11.,15.2));
#19124=CARTESIAN_POINT('',(117.5,9.99999998509884,15.2));
#19125=CARTESIAN_POINT('',(120.,9.99999998509884,15.2));
#19126=CARTESIAN_POINT('Origin',(117.5,11.,15.2));
#19127=CARTESIAN_POINT('Origin',(120.,14.25,18.4));
#19128=CARTESIAN_POINT('',(2.5,13.2499999850988,18.4));
#19129=CARTESIAN_POINT('Origin',(2.5,14.25,18.4));
#19130=CARTESIAN_POINT('',(120.,13.2499999850988,18.4));
#19131=CARTESIAN_POINT('Origin',(120.,14.25,18.4));
#19132=CARTESIAN_POINT('',(117.5,13.2499999850988,18.4));
#19133=CARTESIAN_POINT('',(120.,13.2499999850988,18.4));
#19134=CARTESIAN_POINT('Origin',(117.5,14.25,18.4));
#19135=CARTESIAN_POINT('Origin',(120.,17.5,28.));
#19136=CARTESIAN_POINT('',(2.5,16.4999999850988,28.));
#19137=CARTESIAN_POINT('Origin',(2.5,17.5,28.));
#19138=CARTESIAN_POINT('',(120.,16.4999999850988,28.));
#19139=CARTESIAN_POINT('Origin',(120.,17.5,28.));
#19140=CARTESIAN_POINT('',(117.5,16.4999999850988,28.));
#19141=CARTESIAN_POINT('',(120.,16.4999999850988,28.));
#19142=CARTESIAN_POINT('Origin',(117.5,17.5,28.));
#19143=CARTESIAN_POINT('Origin',(120.,17.5,21.6));
#19144=CARTESIAN_POINT('',(2.5,16.4999999850988,21.6));
#19145=CARTESIAN_POINT('Origin',(2.5,17.5,21.6));
#19146=CARTESIAN_POINT('',(120.,16.4999999850988,21.6));
#19147=CARTESIAN_POINT('Origin',(120.,17.5,21.6));
#19148=CARTESIAN_POINT('',(117.5,16.4999999850988,21.6));
#19149=CARTESIAN_POINT('',(120.,16.4999999850988,21.6));
#19150=CARTESIAN_POINT('Origin',(117.5,17.5,21.6));
#19151=CARTESIAN_POINT('Origin',(120.,17.5,15.2));
#19152=CARTESIAN_POINT('',(2.5,16.4999999850988,15.2));
#19153=CARTESIAN_POINT('Origin',(2.5,17.5,15.2));
#19154=CARTESIAN_POINT('',(120.,16.4999999850988,15.2));
#19155=CARTESIAN_POINT('Origin',(120.,17.5,15.2));
#19156=CARTESIAN_POINT('',(117.5,16.4999999850988,15.2));
#19157=CARTESIAN_POINT('',(120.,16.4999999850988,15.2));
#19158=CARTESIAN_POINT('Origin',(117.5,17.5,15.2));
#19159=CARTESIAN_POINT('Origin',(120.,24.,12.));
#19160=CARTESIAN_POINT('',(2.5,22.9999999850988,12.));
#19161=CARTESIAN_POINT('Origin',(2.5,24.,12.));
#19162=CARTESIAN_POINT('',(120.,22.9999999850988,12.));
#19163=CARTESIAN_POINT('Origin',(120.,24.,12.));
#19164=CARTESIAN_POINT('',(117.5,22.9999999850988,12.));
#19165=CARTESIAN_POINT('',(120.,22.9999999850988,12.));
#19166=CARTESIAN_POINT('Origin',(117.5,24.,12.));
#19167=CARTESIAN_POINT('Origin',(120.,24.,18.4));
#19168=CARTESIAN_POINT('',(2.5,22.9999999850988,18.4));
#19169=CARTESIAN_POINT('Origin',(2.5,24.,18.4));
#19170=CARTESIAN_POINT('',(120.,22.9999999850988,18.4));
#19171=CARTESIAN_POINT('Origin',(120.,24.,18.4));
#19172=CARTESIAN_POINT('',(117.5,22.9999999850988,18.4));
#19173=CARTESIAN_POINT('',(120.,22.9999999850988,18.4));
#19174=CARTESIAN_POINT('Origin',(117.5,24.,18.4));
#19175=CARTESIAN_POINT('Origin',(120.,24.,24.8));
#19176=CARTESIAN_POINT('',(2.5,22.9999999850988,24.8));
#19177=CARTESIAN_POINT('Origin',(2.5,24.,24.8));
#19178=CARTESIAN_POINT('',(120.,22.9999999850988,24.8));
#19179=CARTESIAN_POINT('Origin',(120.,24.,24.8));
#19180=CARTESIAN_POINT('',(117.5,22.9999999850988,24.8));
#19181=CARTESIAN_POINT('',(120.,22.9999999850988,24.8));
#19182=CARTESIAN_POINT('Origin',(117.5,24.,24.8));
#19183=CARTESIAN_POINT('Origin',(120.,30.5,28.));
#19184=CARTESIAN_POINT('',(2.5,29.4999999850988,28.));
#19185=CARTESIAN_POINT('Origin',(2.5,30.5,28.));
#19186=CARTESIAN_POINT('',(120.,29.4999999850988,28.));
#19187=CARTESIAN_POINT('Origin',(120.,30.5,28.));
#19188=CARTESIAN_POINT('',(117.5,29.4999999850988,28.));
#19189=CARTESIAN_POINT('',(120.,29.4999999850988,28.));
#19190=CARTESIAN_POINT('Origin',(117.5,30.5,28.));
#19191=CARTESIAN_POINT('Origin',(120.,33.75,24.8));
#19192=CARTESIAN_POINT('',(2.5,32.7499999850988,24.8));
#19193=CARTESIAN_POINT('Origin',(2.5,33.75,24.8));
#19194=CARTESIAN_POINT('',(120.,32.7499999850988,24.8));
#19195=CARTESIAN_POINT('Origin',(120.,33.75,24.8));
#19196=CARTESIAN_POINT('',(117.5,32.7499999850988,24.8));
#19197=CARTESIAN_POINT('',(120.,32.7499999850988,24.8));
#19198=CARTESIAN_POINT('Origin',(117.5,33.75,24.8));
#19199=CARTESIAN_POINT('Origin',(120.,37.,21.6));
#19200=CARTESIAN_POINT('',(2.5,35.9999999850988,21.6));
#19201=CARTESIAN_POINT('Origin',(2.5,37.,21.6));
#19202=CARTESIAN_POINT('',(120.,35.9999999850988,21.6));
#19203=CARTESIAN_POINT('Origin',(120.,37.,21.6));
#19204=CARTESIAN_POINT('',(117.5,35.9999999850988,21.6));
#19205=CARTESIAN_POINT('',(120.,35.9999999850988,21.6));
#19206=CARTESIAN_POINT('Origin',(117.5,37.,21.6));
#19207=CARTESIAN_POINT('Origin',(120.,30.5,15.2));
#19208=CARTESIAN_POINT('',(2.5,29.4999999850988,15.2));
#19209=CARTESIAN_POINT('Origin',(2.5,30.5,15.2));
#19210=CARTESIAN_POINT('',(120.,29.4999999850988,15.2));
#19211=CARTESIAN_POINT('Origin',(120.,30.5,15.2));
#19212=CARTESIAN_POINT('',(117.5,29.4999999850988,15.2));
#19213=CARTESIAN_POINT('',(120.,29.4999999850988,15.2));
#19214=CARTESIAN_POINT('Origin',(117.5,30.5,15.2));
#19215=CARTESIAN_POINT('Origin',(120.,33.75,12.));
#19216=CARTESIAN_POINT('',(2.5,32.7499999850988,12.));
#19217=CARTESIAN_POINT('Origin',(2.5,33.75,12.));
#19218=CARTESIAN_POINT('',(120.,32.7499999850988,12.));
#19219=CARTESIAN_POINT('Origin',(120.,33.75,12.));
#19220=CARTESIAN_POINT('',(117.5,32.7499999850988,12.));
#19221=CARTESIAN_POINT('',(120.,32.7499999850988,12.));
#19222=CARTESIAN_POINT('Origin',(117.5,33.75,12.));
#19223=CARTESIAN_POINT('Origin',(120.,46.75,12.));
#19224=CARTESIAN_POINT('',(2.5,45.7499999850988,12.));
#19225=CARTESIAN_POINT('Origin',(2.5,46.75,12.));
#19226=CARTESIAN_POINT('',(120.,45.7499999850988,12.));
#19227=CARTESIAN_POINT('Origin',(120.,46.75,12.));
#19228=CARTESIAN_POINT('',(117.5,45.7499999850988,12.));
#19229=CARTESIAN_POINT('',(120.,45.7499999850988,12.));
#19230=CARTESIAN_POINT('Origin',(117.5,46.75,12.));
#19231=CARTESIAN_POINT('Origin',(120.,59.75,12.));
#19232=CARTESIAN_POINT('',(2.5,58.7499999850988,12.));
#19233=CARTESIAN_POINT('Origin',(2.5,59.75,12.));
#19234=CARTESIAN_POINT('',(120.,58.7499999850988,12.));
#19235=CARTESIAN_POINT('Origin',(120.,59.75,12.));
#19236=CARTESIAN_POINT('',(117.5,58.7499999850988,12.));
#19237=CARTESIAN_POINT('',(120.,58.7499999850988,12.));
#19238=CARTESIAN_POINT('Origin',(117.5,59.75,12.));
#19239=CARTESIAN_POINT('Origin',(120.,72.75,12.));
#19240=CARTESIAN_POINT('',(2.5,71.7499999850988,12.));
#19241=CARTESIAN_POINT('Origin',(2.5,72.75,12.));
#19242=CARTESIAN_POINT('',(120.,71.7499999850988,12.));
#19243=CARTESIAN_POINT('Origin',(120.,72.75,12.));
#19244=CARTESIAN_POINT('',(117.5,71.7499999850988,12.));
#19245=CARTESIAN_POINT('',(120.,71.7499999850988,12.));
#19246=CARTESIAN_POINT('Origin',(117.5,72.75,12.));
#19247=CARTESIAN_POINT('Origin',(120.,85.75,12.));
#19248=CARTESIAN_POINT('',(2.5,84.7499999850989,12.));
#19249=CARTESIAN_POINT('Origin',(2.5,85.75,12.));
#19250=CARTESIAN_POINT('',(120.,84.7499999850989,12.));
#19251=CARTESIAN_POINT('Origin',(120.,85.75,12.));
#19252=CARTESIAN_POINT('',(117.5,84.7499999850989,12.));
#19253=CARTESIAN_POINT('',(120.,84.7499999850989,12.));
#19254=CARTESIAN_POINT('Origin',(117.5,85.75,12.));
#19255=CARTESIAN_POINT('Origin',(120.,82.5,15.2));
#19256=CARTESIAN_POINT('',(2.5,81.4999999850988,15.2));
#19257=CARTESIAN_POINT('Origin',(2.5,82.5,15.2));
#19258=CARTESIAN_POINT('',(120.,81.4999999850988,15.2));
#19259=CARTESIAN_POINT('Origin',(120.,82.5,15.2));
#19260=CARTESIAN_POINT('',(117.5,81.4999999850988,15.2));
#19261=CARTESIAN_POINT('',(120.,81.4999999850988,15.2));
#19262=CARTESIAN_POINT('Origin',(117.5,82.5,15.2));
#19263=CARTESIAN_POINT('Origin',(120.,69.5,15.2));
#19264=CARTESIAN_POINT('',(2.5,68.4999999850989,15.2));
#19265=CARTESIAN_POINT('Origin',(2.5,69.5,15.2));
#19266=CARTESIAN_POINT('',(120.,68.4999999850989,15.2));
#19267=CARTESIAN_POINT('Origin',(120.,69.5,15.2));
#19268=CARTESIAN_POINT('',(117.5,68.4999999850989,15.2));
#19269=CARTESIAN_POINT('',(120.,68.4999999850989,15.2));
#19270=CARTESIAN_POINT('Origin',(117.5,69.5,15.2));
#19271=CARTESIAN_POINT('Origin',(120.,56.5,15.2));
#19272=CARTESIAN_POINT('',(2.5,55.4999999850988,15.2));
#19273=CARTESIAN_POINT('Origin',(2.5,56.5,15.2));
#19274=CARTESIAN_POINT('',(120.,55.4999999850988,15.2));
#19275=CARTESIAN_POINT('Origin',(120.,56.5,15.2));
#19276=CARTESIAN_POINT('',(117.5,55.4999999850988,15.2));
#19277=CARTESIAN_POINT('',(120.,55.4999999850988,15.2));
#19278=CARTESIAN_POINT('Origin',(117.5,56.5,15.2));
#19279=CARTESIAN_POINT('Origin',(120.,43.5,15.2));
#19280=CARTESIAN_POINT('',(2.5,42.4999999850988,15.2));
#19281=CARTESIAN_POINT('Origin',(2.5,43.5,15.2));
#19282=CARTESIAN_POINT('',(120.,42.4999999850988,15.2));
#19283=CARTESIAN_POINT('Origin',(120.,43.5,15.2));
#19284=CARTESIAN_POINT('',(117.5,42.4999999850988,15.2));
#19285=CARTESIAN_POINT('',(120.,42.4999999850988,15.2));
#19286=CARTESIAN_POINT('Origin',(117.5,43.5,15.2));
#19287=CARTESIAN_POINT('Origin',(120.,40.25,24.8));
#19288=CARTESIAN_POINT('',(2.5,39.2499999850988,24.8));
#19289=CARTESIAN_POINT('Origin',(2.5,40.25,24.8));
#19290=CARTESIAN_POINT('',(120.,39.2499999850988,24.8));
#19291=CARTESIAN_POINT('Origin',(120.,40.25,24.8));
#19292=CARTESIAN_POINT('',(117.5,39.2499999850988,24.8));
#19293=CARTESIAN_POINT('',(120.,39.2499999850988,24.8));
#19294=CARTESIAN_POINT('Origin',(117.5,40.25,24.8));
#19295=CARTESIAN_POINT('Origin',(120.,46.75,18.4));
#19296=CARTESIAN_POINT('',(2.5,45.7499999850988,18.4));
#19297=CARTESIAN_POINT('Origin',(2.5,46.75,18.4));
#19298=CARTESIAN_POINT('',(120.,45.7499999850988,18.4));
#19299=CARTESIAN_POINT('Origin',(120.,46.75,18.4));
#19300=CARTESIAN_POINT('',(117.5,45.7499999850988,18.4));
#19301=CARTESIAN_POINT('',(120.,45.7499999850988,18.4));
#19302=CARTESIAN_POINT('Origin',(117.5,46.75,18.4));
#19303=CARTESIAN_POINT('Origin',(120.,43.5,28.));
#19304=CARTESIAN_POINT('',(2.5,42.4999999850988,28.));
#19305=CARTESIAN_POINT('Origin',(2.5,43.5,28.));
#19306=CARTESIAN_POINT('',(120.,42.4999999850988,28.));
#19307=CARTESIAN_POINT('Origin',(120.,43.5,28.));
#19308=CARTESIAN_POINT('',(117.5,42.4999999850988,28.));
#19309=CARTESIAN_POINT('',(120.,42.4999999850988,28.));
#19310=CARTESIAN_POINT('Origin',(117.5,43.5,28.));
#19311=CARTESIAN_POINT('Origin',(120.,56.5,28.));
#19312=CARTESIAN_POINT('',(2.5,55.4999999850988,28.));
#19313=CARTESIAN_POINT('Origin',(2.5,56.5,28.));
#19314=CARTESIAN_POINT('',(120.,55.4999999850988,28.));
#19315=CARTESIAN_POINT('Origin',(120.,56.5,28.));
#19316=CARTESIAN_POINT('',(117.5,55.4999999850988,28.));
#19317=CARTESIAN_POINT('',(120.,55.4999999850988,28.));
#19318=CARTESIAN_POINT('Origin',(117.5,56.5,28.));
#19319=CARTESIAN_POINT('Origin',(120.,69.5,28.));
#19320=CARTESIAN_POINT('',(2.5,68.4999999850989,28.));
#19321=CARTESIAN_POINT('Origin',(2.5,69.5,28.));
#19322=CARTESIAN_POINT('',(120.,68.4999999850989,28.));
#19323=CARTESIAN_POINT('Origin',(120.,69.5,28.));
#19324=CARTESIAN_POINT('',(117.5,68.4999999850989,28.));
#19325=CARTESIAN_POINT('',(120.,68.4999999850989,28.));
#19326=CARTESIAN_POINT('Origin',(117.5,69.5,28.));
#19327=CARTESIAN_POINT('Origin',(120.,82.5,28.));
#19328=CARTESIAN_POINT('',(2.5,81.4999999850988,28.));
#19329=CARTESIAN_POINT('Origin',(2.5,82.5,28.));
#19330=CARTESIAN_POINT('',(120.,81.4999999850988,28.));
#19331=CARTESIAN_POINT('Origin',(120.,82.5,28.));
#19332=CARTESIAN_POINT('',(117.5,81.4999999850988,28.));
#19333=CARTESIAN_POINT('',(120.,81.4999999850988,28.));
#19334=CARTESIAN_POINT('Origin',(117.5,82.5,28.));
#19335=CARTESIAN_POINT('Origin',(120.,50.,21.6));
#19336=CARTESIAN_POINT('',(2.5,48.9999999850988,21.6));
#19337=CARTESIAN_POINT('Origin',(2.5,50.,21.6));
#19338=CARTESIAN_POINT('',(120.,48.9999999850988,21.6));
#19339=CARTESIAN_POINT('Origin',(120.,50.,21.6));
#19340=CARTESIAN_POINT('',(117.5,48.9999999850988,21.6));
#19341=CARTESIAN_POINT('',(120.,48.9999999850988,21.6));
#19342=CARTESIAN_POINT('Origin',(117.5,50.,21.6));
#19343=CARTESIAN_POINT('Origin',(120.,53.25,24.8));
#19344=CARTESIAN_POINT('',(2.5,52.2499999850989,24.8));
#19345=CARTESIAN_POINT('Origin',(2.5,53.25,24.8));
#19346=CARTESIAN_POINT('',(120.,52.2499999850989,24.8));
#19347=CARTESIAN_POINT('Origin',(120.,53.25,24.8));
#19348=CARTESIAN_POINT('',(117.5,52.2499999850989,24.8));
#19349=CARTESIAN_POINT('',(120.,52.2499999850989,24.8));
#19350=CARTESIAN_POINT('Origin',(117.5,53.25,24.8));
#19351=CARTESIAN_POINT('Origin',(120.,59.75,18.4));
#19352=CARTESIAN_POINT('',(2.5,58.7499999850988,18.4));
#19353=CARTESIAN_POINT('Origin',(2.5,59.75,18.4));
#19354=CARTESIAN_POINT('',(120.,58.7499999850988,18.4));
#19355=CARTESIAN_POINT('Origin',(120.,59.75,18.4));
#19356=CARTESIAN_POINT('',(117.5,58.7499999850988,18.4));
#19357=CARTESIAN_POINT('',(120.,58.7499999850988,18.4));
#19358=CARTESIAN_POINT('Origin',(117.5,59.75,18.4));
#19359=CARTESIAN_POINT('Origin',(120.,59.75,24.8));
#19360=CARTESIAN_POINT('',(2.5,58.7499999850988,24.8));
#19361=CARTESIAN_POINT('Origin',(2.5,59.75,24.8));
#19362=CARTESIAN_POINT('',(120.,58.7499999850988,24.8));
#19363=CARTESIAN_POINT('Origin',(120.,59.75,24.8));
#19364=CARTESIAN_POINT('',(117.5,58.7499999850988,24.8));
#19365=CARTESIAN_POINT('',(120.,58.7499999850988,24.8));
#19366=CARTESIAN_POINT('Origin',(117.5,59.75,24.8));
#19367=CARTESIAN_POINT('Origin',(120.,66.25,18.4));
#19368=CARTESIAN_POINT('',(2.5,65.2499999850988,18.4));
#19369=CARTESIAN_POINT('Origin',(2.5,66.25,18.4));
#19370=CARTESIAN_POINT('',(120.,65.2499999850988,18.4));
#19371=CARTESIAN_POINT('Origin',(120.,66.25,18.4));
#19372=CARTESIAN_POINT('',(117.5,65.2499999850988,18.4));
#19373=CARTESIAN_POINT('',(120.,65.2499999850988,18.4));
#19374=CARTESIAN_POINT('Origin',(117.5,66.25,18.4));
#19375=CARTESIAN_POINT('Origin',(120.,72.75,24.8));
#19376=CARTESIAN_POINT('',(2.5,71.7499999850988,24.8));
#19377=CARTESIAN_POINT('Origin',(2.5,72.75,24.8));
#19378=CARTESIAN_POINT('',(120.,71.7499999850988,24.8));
#19379=CARTESIAN_POINT('Origin',(120.,72.75,24.8));
#19380=CARTESIAN_POINT('',(117.5,71.7499999850988,24.8));
#19381=CARTESIAN_POINT('',(120.,71.7499999850988,24.8));
#19382=CARTESIAN_POINT('Origin',(117.5,72.75,24.8));
#19383=CARTESIAN_POINT('Origin',(120.,79.25,18.4));
#19384=CARTESIAN_POINT('',(2.5,78.2499999850988,18.4));
#19385=CARTESIAN_POINT('Origin',(2.5,79.25,18.4));
#19386=CARTESIAN_POINT('',(120.,78.2499999850988,18.4));
#19387=CARTESIAN_POINT('Origin',(120.,79.25,18.4));
#19388=CARTESIAN_POINT('',(117.5,78.2499999850988,18.4));
#19389=CARTESIAN_POINT('',(120.,78.2499999850988,18.4));
#19390=CARTESIAN_POINT('Origin',(117.5,79.25,18.4));
#19391=CARTESIAN_POINT('Origin',(120.,79.25,24.8));
#19392=CARTESIAN_POINT('',(2.5,78.2499999850988,24.8));
#19393=CARTESIAN_POINT('Origin',(2.5,79.25,24.8));
#19394=CARTESIAN_POINT('',(120.,78.2499999850988,24.8));
#19395=CARTESIAN_POINT('Origin',(120.,79.25,24.8));
#19396=CARTESIAN_POINT('',(117.5,78.2499999850988,24.8));
#19397=CARTESIAN_POINT('',(120.,78.2499999850988,24.8));
#19398=CARTESIAN_POINT('Origin',(117.5,79.25,24.8));
#19399=CARTESIAN_POINT('Origin',(120.,85.75,18.4));
#19400=CARTESIAN_POINT('',(2.5,84.7499999850989,18.4));
#19401=CARTESIAN_POINT('Origin',(2.5,85.75,18.4));
#19402=CARTESIAN_POINT('',(120.,84.7499999850989,18.4));
#19403=CARTESIAN_POINT('Origin',(120.,85.75,18.4));
#19404=CARTESIAN_POINT('',(117.5,84.7499999850989,18.4));
#19405=CARTESIAN_POINT('',(120.,84.7499999850989,18.4));
#19406=CARTESIAN_POINT('Origin',(117.5,85.75,18.4));
#19407=CARTESIAN_POINT('Origin',(120.,89.,21.6));
#19408=CARTESIAN_POINT('',(2.5,87.9999999850988,21.6));
#19409=CARTESIAN_POINT('Origin',(2.5,89.,21.6));
#19410=CARTESIAN_POINT('',(120.,87.9999999850988,21.6));
#19411=CARTESIAN_POINT('Origin',(120.,89.,21.6));
#19412=CARTESIAN_POINT('',(117.5,87.9999999850988,21.6));
#19413=CARTESIAN_POINT('',(120.,87.9999999850988,21.6));
#19414=CARTESIAN_POINT('Origin',(117.5,89.,21.6));
#19415=CARTESIAN_POINT('Origin',(120.,85.75,24.8));
#19416=CARTESIAN_POINT('',(2.5,84.7499999850989,24.8));
#19417=CARTESIAN_POINT('Origin',(2.5,85.75,24.8));
#19418=CARTESIAN_POINT('',(120.,84.7499999850989,24.8));
#19419=CARTESIAN_POINT('Origin',(120.,85.75,24.8));
#19420=CARTESIAN_POINT('',(117.5,84.7499999850989,24.8));
#19421=CARTESIAN_POINT('',(120.,84.7499999850989,24.8));
#19422=CARTESIAN_POINT('Origin',(117.5,85.75,24.8));
#19423=CARTESIAN_POINT('Origin',(120.,82.5,21.6));
#19424=CARTESIAN_POINT('',(2.5,81.4999999850988,21.6));
#19425=CARTESIAN_POINT('Origin',(2.5,82.5,21.6));
#19426=CARTESIAN_POINT('',(120.,81.4999999850988,21.6));
#19427=CARTESIAN_POINT('Origin',(120.,82.5,21.6));
#19428=CARTESIAN_POINT('',(117.5,81.4999999850988,21.6));
#19429=CARTESIAN_POINT('',(120.,81.4999999850988,21.6));
#19430=CARTESIAN_POINT('Origin',(117.5,82.5,21.6));
#19431=CARTESIAN_POINT('Origin',(120.,79.25,21.6));
#19432=CARTESIAN_POINT('',(2.5,78.2499999850988,21.6));
#19433=CARTESIAN_POINT('Origin',(2.5,79.25,21.6));
#19434=CARTESIAN_POINT('',(120.,78.2499999850988,21.6));
#19435=CARTESIAN_POINT('Origin',(120.,79.25,21.6));
#19436=CARTESIAN_POINT('',(117.5,78.2499999850988,21.6));
#19437=CARTESIAN_POINT('',(120.,78.2499999850988,21.6));
#19438=CARTESIAN_POINT('Origin',(117.5,79.25,21.6));
#19439=CARTESIAN_POINT('Origin',(120.,72.75,18.4));
#19440=CARTESIAN_POINT('',(2.5,71.7499999850988,18.4));
#19441=CARTESIAN_POINT('Origin',(2.5,72.75,18.4));
#19442=CARTESIAN_POINT('',(120.,71.7499999850988,18.4));
#19443=CARTESIAN_POINT('Origin',(120.,72.75,18.4));
#19444=CARTESIAN_POINT('',(117.5,71.7499999850988,18.4));
#19445=CARTESIAN_POINT('',(120.,71.7499999850988,18.4));
#19446=CARTESIAN_POINT('Origin',(117.5,72.75,18.4));
#19447=CARTESIAN_POINT('Origin',(120.,69.5,21.6));
#19448=CARTESIAN_POINT('',(2.5,68.4999999850989,21.6));
#19449=CARTESIAN_POINT('Origin',(2.5,69.5,21.6));
#19450=CARTESIAN_POINT('',(120.,68.4999999850989,21.6));
#19451=CARTESIAN_POINT('Origin',(120.,69.5,21.6));
#19452=CARTESIAN_POINT('',(117.5,68.4999999850989,21.6));
#19453=CARTESIAN_POINT('',(120.,68.4999999850989,21.6));
#19454=CARTESIAN_POINT('Origin',(117.5,69.5,21.6));
#19455=CARTESIAN_POINT('Origin',(120.,66.25,24.8));
#19456=CARTESIAN_POINT('',(2.5,65.2499999850988,24.8));
#19457=CARTESIAN_POINT('Origin',(2.5,66.25,24.8));
#19458=CARTESIAN_POINT('',(120.,65.2499999850988,24.8));
#19459=CARTESIAN_POINT('Origin',(120.,66.25,24.8));
#19460=CARTESIAN_POINT('',(117.5,65.2499999850988,24.8));
#19461=CARTESIAN_POINT('',(120.,65.2499999850988,24.8));
#19462=CARTESIAN_POINT('Origin',(117.5,66.25,24.8));
#19463=CARTESIAN_POINT('Origin',(120.,59.75,21.6));
#19464=CARTESIAN_POINT('',(2.5,58.7499999850988,21.6));
#19465=CARTESIAN_POINT('Origin',(2.5,59.75,21.6));
#19466=CARTESIAN_POINT('',(120.,58.7499999850988,21.6));
#19467=CARTESIAN_POINT('Origin',(120.,59.75,21.6));
#19468=CARTESIAN_POINT('',(117.5,58.7499999850988,21.6));
#19469=CARTESIAN_POINT('',(120.,58.7499999850988,21.6));
#19470=CARTESIAN_POINT('Origin',(117.5,59.75,21.6));
#19471=CARTESIAN_POINT('Origin',(120.,56.5,21.6));
#19472=CARTESIAN_POINT('',(2.5,55.4999999850988,21.6));
#19473=CARTESIAN_POINT('Origin',(2.5,56.5,21.6));
#19474=CARTESIAN_POINT('',(120.,55.4999999850988,21.6));
#19475=CARTESIAN_POINT('Origin',(120.,56.5,21.6));
#19476=CARTESIAN_POINT('',(117.5,55.4999999850988,21.6));
#19477=CARTESIAN_POINT('',(120.,55.4999999850988,21.6));
#19478=CARTESIAN_POINT('Origin',(117.5,56.5,21.6));
#19479=CARTESIAN_POINT('Origin',(120.,53.25,18.4));
#19480=CARTESIAN_POINT('',(2.5,52.2499999850989,18.4));
#19481=CARTESIAN_POINT('Origin',(2.5,53.25,18.4));
#19482=CARTESIAN_POINT('',(120.,52.2499999850989,18.4));
#19483=CARTESIAN_POINT('Origin',(120.,53.25,18.4));
#19484=CARTESIAN_POINT('',(117.5,52.2499999850989,18.4));
#19485=CARTESIAN_POINT('',(120.,52.2499999850989,18.4));
#19486=CARTESIAN_POINT('Origin',(117.5,53.25,18.4));
#19487=CARTESIAN_POINT('Origin',(120.,89.,28.));
#19488=CARTESIAN_POINT('',(2.5,87.9999999850988,28.));
#19489=CARTESIAN_POINT('Origin',(2.5,89.,28.));
#19490=CARTESIAN_POINT('',(120.,87.9999999850988,28.));
#19491=CARTESIAN_POINT('Origin',(120.,89.,28.));
#19492=CARTESIAN_POINT('',(117.5,87.9999999850988,28.));
#19493=CARTESIAN_POINT('',(120.,87.9999999850988,28.));
#19494=CARTESIAN_POINT('Origin',(117.5,89.,28.));
#19495=CARTESIAN_POINT('Origin',(120.,76.,28.));
#19496=CARTESIAN_POINT('',(2.5,74.9999999850988,28.));
#19497=CARTESIAN_POINT('Origin',(2.5,76.,28.));
#19498=CARTESIAN_POINT('',(120.,74.9999999850988,28.));
#19499=CARTESIAN_POINT('Origin',(120.,76.,28.));
#19500=CARTESIAN_POINT('',(117.5,74.9999999850988,28.));
#19501=CARTESIAN_POINT('',(120.,74.9999999850988,28.));
#19502=CARTESIAN_POINT('Origin',(117.5,76.,28.));
#19503=CARTESIAN_POINT('Origin',(120.,63.,28.));
#19504=CARTESIAN_POINT('',(2.5,61.9999999850988,28.));
#19505=CARTESIAN_POINT('Origin',(2.5,63.,28.));
#19506=CARTESIAN_POINT('',(120.,61.9999999850988,28.));
#19507=CARTESIAN_POINT('Origin',(120.,63.,28.));
#19508=CARTESIAN_POINT('',(117.5,61.9999999850988,28.));
#19509=CARTESIAN_POINT('',(120.,61.9999999850988,28.));
#19510=CARTESIAN_POINT('Origin',(117.5,63.,28.));
#19511=CARTESIAN_POINT('Origin',(120.,50.,28.));
#19512=CARTESIAN_POINT('',(2.5,48.9999999850988,28.));
#19513=CARTESIAN_POINT('Origin',(2.5,50.,28.));
#19514=CARTESIAN_POINT('',(120.,48.9999999850988,28.));
#19515=CARTESIAN_POINT('Origin',(120.,50.,28.));
#19516=CARTESIAN_POINT('',(117.5,48.9999999850988,28.));
#19517=CARTESIAN_POINT('',(120.,48.9999999850988,28.));
#19518=CARTESIAN_POINT('Origin',(117.5,50.,28.));
#19519=CARTESIAN_POINT('Origin',(120.,46.75,24.8));
#19520=CARTESIAN_POINT('',(2.5,45.7499999850988,24.8));
#19521=CARTESIAN_POINT('Origin',(2.5,46.75,24.8));
#19522=CARTESIAN_POINT('',(120.,45.7499999850988,24.8));
#19523=CARTESIAN_POINT('Origin',(120.,46.75,24.8));
#19524=CARTESIAN_POINT('',(117.5,45.7499999850988,24.8));
#19525=CARTESIAN_POINT('',(120.,45.7499999850988,24.8));
#19526=CARTESIAN_POINT('Origin',(117.5,46.75,24.8));
#19527=CARTESIAN_POINT('Origin',(120.,43.5,21.6));
#19528=CARTESIAN_POINT('',(2.5,42.4999999850988,21.6));
#19529=CARTESIAN_POINT('Origin',(2.5,43.5,21.6));
#19530=CARTESIAN_POINT('',(120.,42.4999999850988,21.6));
#19531=CARTESIAN_POINT('Origin',(120.,43.5,21.6));
#19532=CARTESIAN_POINT('',(117.5,42.4999999850988,21.6));
#19533=CARTESIAN_POINT('',(120.,42.4999999850988,21.6));
#19534=CARTESIAN_POINT('Origin',(117.5,43.5,21.6));
#19535=CARTESIAN_POINT('Origin',(120.,40.25,18.4));
#19536=CARTESIAN_POINT('',(2.5,39.2499999850988,18.4));
#19537=CARTESIAN_POINT('Origin',(2.5,40.25,18.4));
#19538=CARTESIAN_POINT('',(120.,39.2499999850988,18.4));
#19539=CARTESIAN_POINT('Origin',(120.,40.25,18.4));
#19540=CARTESIAN_POINT('',(117.5,39.2499999850988,18.4));
#19541=CARTESIAN_POINT('',(120.,39.2499999850988,18.4));
#19542=CARTESIAN_POINT('Origin',(117.5,40.25,18.4));
#19543=CARTESIAN_POINT('Origin',(120.,50.,15.2));
#19544=CARTESIAN_POINT('',(2.5,48.9999999850988,15.2));
#19545=CARTESIAN_POINT('Origin',(2.5,50.,15.2));
#19546=CARTESIAN_POINT('',(120.,48.9999999850988,15.2));
#19547=CARTESIAN_POINT('Origin',(120.,50.,15.2));
#19548=CARTESIAN_POINT('',(117.5,48.9999999850988,15.2));
#19549=CARTESIAN_POINT('',(120.,48.9999999850988,15.2));
#19550=CARTESIAN_POINT('Origin',(117.5,50.,15.2));
#19551=CARTESIAN_POINT('Origin',(120.,63.,15.2));
#19552=CARTESIAN_POINT('',(2.5,61.9999999850988,15.2));
#19553=CARTESIAN_POINT('Origin',(2.5,63.,15.2));
#19554=CARTESIAN_POINT('',(120.,61.9999999850988,15.2));
#19555=CARTESIAN_POINT('Origin',(120.,63.,15.2));
#19556=CARTESIAN_POINT('',(117.5,61.9999999850988,15.2));
#19557=CARTESIAN_POINT('',(120.,61.9999999850988,15.2));
#19558=CARTESIAN_POINT('Origin',(117.5,63.,15.2));
#19559=CARTESIAN_POINT('Origin',(120.,76.,15.2));
#19560=CARTESIAN_POINT('',(2.5,74.9999999850988,15.2));
#19561=CARTESIAN_POINT('Origin',(2.5,76.,15.2));
#19562=CARTESIAN_POINT('',(120.,74.9999999850988,15.2));
#19563=CARTESIAN_POINT('Origin',(120.,76.,15.2));
#19564=CARTESIAN_POINT('',(117.5,74.9999999850988,15.2));
#19565=CARTESIAN_POINT('',(120.,74.9999999850988,15.2));
#19566=CARTESIAN_POINT('Origin',(117.5,76.,15.2));
#19567=CARTESIAN_POINT('Origin',(120.,89.,15.2));
#19568=CARTESIAN_POINT('',(2.5,87.9999999850988,15.2));
#19569=CARTESIAN_POINT('Origin',(2.5,89.,15.2));
#19570=CARTESIAN_POINT('',(120.,87.9999999850988,15.2));
#19571=CARTESIAN_POINT('Origin',(120.,89.,15.2));
#19572=CARTESIAN_POINT('',(117.5,87.9999999850988,15.2));
#19573=CARTESIAN_POINT('',(120.,87.9999999850988,15.2));
#19574=CARTESIAN_POINT('Origin',(117.5,89.,15.2));
#19575=CARTESIAN_POINT('Origin',(120.,79.25,12.));
#19576=CARTESIAN_POINT('',(2.5,78.2499999850988,12.));
#19577=CARTESIAN_POINT('Origin',(2.5,79.25,12.));
#19578=CARTESIAN_POINT('',(120.,78.2499999850988,12.));
#19579=CARTESIAN_POINT('Origin',(120.,79.25,12.));
#19580=CARTESIAN_POINT('',(117.5,78.2499999850988,12.));
#19581=CARTESIAN_POINT('',(120.,78.2499999850988,12.));
#19582=CARTESIAN_POINT('Origin',(117.5,79.25,12.));
#19583=CARTESIAN_POINT('Origin',(120.,66.25,12.));
#19584=CARTESIAN_POINT('',(2.5,65.2499999850988,12.));
#19585=CARTESIAN_POINT('Origin',(2.5,66.25,12.));
#19586=CARTESIAN_POINT('',(120.,65.2499999850988,12.));
#19587=CARTESIAN_POINT('Origin',(120.,66.25,12.));
#19588=CARTESIAN_POINT('',(117.5,65.2499999850988,12.));
#19589=CARTESIAN_POINT('',(120.,65.2499999850988,12.));
#19590=CARTESIAN_POINT('Origin',(117.5,66.25,12.));
#19591=CARTESIAN_POINT('Origin',(120.,53.25,12.));
#19592=CARTESIAN_POINT('',(2.5,52.2499999850989,12.));
#19593=CARTESIAN_POINT('Origin',(2.5,53.25,12.));
#19594=CARTESIAN_POINT('',(120.,52.2499999850989,12.));
#19595=CARTESIAN_POINT('Origin',(120.,53.25,12.));
#19596=CARTESIAN_POINT('',(117.5,52.2499999850989,12.));
#19597=CARTESIAN_POINT('',(120.,52.2499999850989,12.));
#19598=CARTESIAN_POINT('Origin',(117.5,53.25,12.));
#19599=CARTESIAN_POINT('Origin',(120.,40.25,12.));
#19600=CARTESIAN_POINT('',(2.5,39.2499999850988,12.));
#19601=CARTESIAN_POINT('Origin',(2.5,40.25,12.));
#19602=CARTESIAN_POINT('',(120.,39.2499999850988,12.));
#19603=CARTESIAN_POINT('Origin',(120.,40.25,12.));
#19604=CARTESIAN_POINT('',(117.5,39.2499999850988,12.));
#19605=CARTESIAN_POINT('',(120.,39.2499999850988,12.));
#19606=CARTESIAN_POINT('Origin',(117.5,40.25,12.));
#19607=CARTESIAN_POINT('Origin',(120.,37.,15.2));
#19608=CARTESIAN_POINT('',(2.5,35.9999999850988,15.2));
#19609=CARTESIAN_POINT('Origin',(2.5,37.,15.2));
#19610=CARTESIAN_POINT('',(120.,35.9999999850988,15.2));
#19611=CARTESIAN_POINT('Origin',(120.,37.,15.2));
#19612=CARTESIAN_POINT('',(117.5,35.9999999850988,15.2));
#19613=CARTESIAN_POINT('',(120.,35.9999999850988,15.2));
#19614=CARTESIAN_POINT('Origin',(117.5,37.,15.2));
#19615=CARTESIAN_POINT('Origin',(120.,33.75,18.4));
#19616=CARTESIAN_POINT('',(2.5,32.7499999850988,18.4));
#19617=CARTESIAN_POINT('Origin',(2.5,33.75,18.4));
#19618=CARTESIAN_POINT('',(120.,32.7499999850988,18.4));
#19619=CARTESIAN_POINT('Origin',(120.,33.75,18.4));
#19620=CARTESIAN_POINT('',(117.5,32.7499999850988,18.4));
#19621=CARTESIAN_POINT('',(120.,32.7499999850988,18.4));
#19622=CARTESIAN_POINT('Origin',(117.5,33.75,18.4));
#19623=CARTESIAN_POINT('Origin',(120.,30.5,21.6));
#19624=CARTESIAN_POINT('',(2.5,29.4999999850988,21.6));
#19625=CARTESIAN_POINT('Origin',(2.5,30.5,21.6));
#19626=CARTESIAN_POINT('',(120.,29.4999999850988,21.6));
#19627=CARTESIAN_POINT('Origin',(120.,30.5,21.6));
#19628=CARTESIAN_POINT('',(117.5,29.4999999850988,21.6));
#19629=CARTESIAN_POINT('',(120.,29.4999999850988,21.6));
#19630=CARTESIAN_POINT('Origin',(117.5,30.5,21.6));
#19631=CARTESIAN_POINT('Origin',(120.,37.,28.));
#19632=CARTESIAN_POINT('',(2.5,35.9999999850988,28.));
#19633=CARTESIAN_POINT('Origin',(2.5,37.,28.));
#19634=CARTESIAN_POINT('',(120.,35.9999999850988,28.));
#19635=CARTESIAN_POINT('Origin',(120.,37.,28.));
#19636=CARTESIAN_POINT('',(117.5,35.9999999850988,28.));
#19637=CARTESIAN_POINT('',(120.,35.9999999850988,28.));
#19638=CARTESIAN_POINT('Origin',(117.5,37.,28.));
#19639=CARTESIAN_POINT('Origin',(120.,24.,28.));
#19640=CARTESIAN_POINT('',(2.5,22.9999999850988,28.));
#19641=CARTESIAN_POINT('Origin',(2.5,24.,28.));
#19642=CARTESIAN_POINT('',(120.,22.9999999850988,28.));
#19643=CARTESIAN_POINT('Origin',(120.,24.,28.));
#19644=CARTESIAN_POINT('',(117.5,22.9999999850988,28.));
#19645=CARTESIAN_POINT('',(120.,22.9999999850988,28.));
#19646=CARTESIAN_POINT('Origin',(117.5,24.,28.));
#19647=CARTESIAN_POINT('Origin',(120.,24.,21.6));
#19648=CARTESIAN_POINT('',(2.5,22.9999999850988,21.6));
#19649=CARTESIAN_POINT('Origin',(2.5,24.,21.6));
#19650=CARTESIAN_POINT('',(120.,22.9999999850988,21.6));
#19651=CARTESIAN_POINT('Origin',(120.,24.,21.6));
#19652=CARTESIAN_POINT('',(117.5,22.9999999850988,21.6));
#19653=CARTESIAN_POINT('',(120.,22.9999999850988,21.6));
#19654=CARTESIAN_POINT('Origin',(117.5,24.,21.6));
#19655=CARTESIAN_POINT('Origin',(120.,24.,15.2));
#19656=CARTESIAN_POINT('',(2.5,22.9999999850988,15.2));
#19657=CARTESIAN_POINT('Origin',(2.5,24.,15.2));
#19658=CARTESIAN_POINT('',(120.,22.9999999850988,15.2));
#19659=CARTESIAN_POINT('Origin',(120.,24.,15.2));
#19660=CARTESIAN_POINT('',(117.5,22.9999999850988,15.2));
#19661=CARTESIAN_POINT('',(120.,22.9999999850988,15.2));
#19662=CARTESIAN_POINT('Origin',(117.5,24.,15.2));
#19663=CARTESIAN_POINT('Origin',(120.,17.5,12.));
#19664=CARTESIAN_POINT('',(2.5,16.4999999850988,12.));
#19665=CARTESIAN_POINT('Origin',(2.5,17.5,12.));
#19666=CARTESIAN_POINT('',(120.,16.4999999850988,12.));
#19667=CARTESIAN_POINT('Origin',(120.,17.5,12.));
#19668=CARTESIAN_POINT('',(117.5,16.4999999850988,12.));
#19669=CARTESIAN_POINT('',(120.,16.4999999850988,12.));
#19670=CARTESIAN_POINT('Origin',(117.5,17.5,12.));
#19671=CARTESIAN_POINT('Origin',(120.,17.5,18.4));
#19672=CARTESIAN_POINT('',(2.5,16.4999999850988,18.4));
#19673=CARTESIAN_POINT('Origin',(2.5,17.5,18.4));
#19674=CARTESIAN_POINT('',(120.,16.4999999850988,18.4));
#19675=CARTESIAN_POINT('Origin',(120.,17.5,18.4));
#19676=CARTESIAN_POINT('',(117.5,16.4999999850988,18.4));
#19677=CARTESIAN_POINT('',(120.,16.4999999850988,18.4));
#19678=CARTESIAN_POINT('Origin',(117.5,17.5,18.4));
#19679=CARTESIAN_POINT('Origin',(120.,17.5,24.8));
#19680=CARTESIAN_POINT('',(2.5,16.4999999850988,24.8));
#19681=CARTESIAN_POINT('Origin',(2.5,17.5,24.8));
#19682=CARTESIAN_POINT('',(120.,16.4999999850988,24.8));
#19683=CARTESIAN_POINT('Origin',(120.,17.5,24.8));
#19684=CARTESIAN_POINT('',(117.5,16.4999999850988,24.8));
#19685=CARTESIAN_POINT('',(120.,16.4999999850988,24.8));
#19686=CARTESIAN_POINT('Origin',(117.5,17.5,24.8));
#19687=CARTESIAN_POINT('Origin',(120.,14.25,24.8));
#19688=CARTESIAN_POINT('',(2.5,13.2499999850988,24.8));
#19689=CARTESIAN_POINT('Origin',(2.5,14.25,24.8));
#19690=CARTESIAN_POINT('',(120.,13.2499999850988,24.8));
#19691=CARTESIAN_POINT('Origin',(120.,14.25,24.8));
#19692=CARTESIAN_POINT('',(117.5,13.2499999850988,24.8));
#19693=CARTESIAN_POINT('',(120.,13.2499999850988,24.8));
#19694=CARTESIAN_POINT('Origin',(117.5,14.25,24.8));
#19695=CARTESIAN_POINT('Origin',(120.,14.25,12.));
#19696=CARTESIAN_POINT('',(2.5,13.2499999850988,12.));
#19697=CARTESIAN_POINT('Origin',(2.5,14.25,12.));
#19698=CARTESIAN_POINT('',(120.,13.2499999850988,12.));
#19699=CARTESIAN_POINT('Origin',(120.,14.25,12.));
#19700=CARTESIAN_POINT('',(117.5,13.2499999850988,12.));
#19701=CARTESIAN_POINT('',(120.,13.2499999850988,12.));
#19702=CARTESIAN_POINT('Origin',(117.5,14.25,12.));
#19703=CARTESIAN_POINT('Origin',(120.,11.,21.6));
#19704=CARTESIAN_POINT('',(2.5,9.99999998509884,21.6));
#19705=CARTESIAN_POINT('Origin',(2.5,11.,21.6));
#19706=CARTESIAN_POINT('',(120.,9.99999998509884,21.6));
#19707=CARTESIAN_POINT('Origin',(120.,11.,21.6));
#19708=CARTESIAN_POINT('',(117.5,9.99999998509884,21.6));
#19709=CARTESIAN_POINT('',(120.,9.99999998509884,21.6));
#19710=CARTESIAN_POINT('Origin',(117.5,11.,21.6));
#19711=CARTESIAN_POINT('Origin',(120.,11.,24.8));
#19712=CARTESIAN_POINT('',(2.5,9.99999998509884,24.8));
#19713=CARTESIAN_POINT('Origin',(2.5,11.,24.8));
#19714=CARTESIAN_POINT('',(120.,9.99999998509884,24.8));
#19715=CARTESIAN_POINT('Origin',(120.,11.,24.8));
#19716=CARTESIAN_POINT('',(117.5,9.99999998509884,24.8));
#19717=CARTESIAN_POINT('',(120.,9.99999998509884,24.8));
#19718=CARTESIAN_POINT('Origin',(117.5,11.,24.8));
#19719=CARTESIAN_POINT('Origin',(120.,11.,12.));
#19720=CARTESIAN_POINT('',(2.5,9.99999998509884,12.));
#19721=CARTESIAN_POINT('Origin',(2.5,11.,12.));
#19722=CARTESIAN_POINT('',(120.,9.99999998509884,12.));
#19723=CARTESIAN_POINT('Origin',(120.,11.,12.));
#19724=CARTESIAN_POINT('',(117.5,9.99999998509884,12.));
#19725=CARTESIAN_POINT('',(120.,9.99999998509884,12.));
#19726=CARTESIAN_POINT('Origin',(117.5,11.,12.));
#19727=CARTESIAN_POINT('Origin',(120.,14.25,21.6));
#19728=CARTESIAN_POINT('',(2.5,13.2499999850988,21.6));
#19729=CARTESIAN_POINT('Origin',(2.5,14.25,21.6));
#19730=CARTESIAN_POINT('',(120.,13.2499999850988,21.6));
#19731=CARTESIAN_POINT('Origin',(120.,14.25,21.6));
#19732=CARTESIAN_POINT('',(117.5,13.2499999850988,21.6));
#19733=CARTESIAN_POINT('',(120.,13.2499999850988,21.6));
#19734=CARTESIAN_POINT('Origin',(117.5,14.25,21.6));
#19735=CARTESIAN_POINT('Origin',(120.,20.75,28.));
#19736=CARTESIAN_POINT('',(2.5,19.7499999850988,28.));
#19737=CARTESIAN_POINT('Origin',(2.5,20.75,28.));
#19738=CARTESIAN_POINT('',(120.,19.7499999850988,28.));
#19739=CARTESIAN_POINT('Origin',(120.,20.75,28.));
#19740=CARTESIAN_POINT('',(117.5,19.7499999850988,28.));
#19741=CARTESIAN_POINT('',(120.,19.7499999850988,28.));
#19742=CARTESIAN_POINT('Origin',(117.5,20.75,28.));
#19743=CARTESIAN_POINT('Origin',(120.,20.75,21.6));
#19744=CARTESIAN_POINT('',(2.5,19.7499999850988,21.6));
#19745=CARTESIAN_POINT('Origin',(2.5,20.75,21.6));
#19746=CARTESIAN_POINT('',(120.,19.7499999850988,21.6));
#19747=CARTESIAN_POINT('Origin',(120.,20.75,21.6));
#19748=CARTESIAN_POINT('',(117.5,19.7499999850988,21.6));
#19749=CARTESIAN_POINT('',(120.,19.7499999850988,21.6));
#19750=CARTESIAN_POINT('Origin',(117.5,20.75,21.6));
#19751=CARTESIAN_POINT('Origin',(120.,20.75,15.2));
#19752=CARTESIAN_POINT('',(2.5,19.7499999850988,15.2));
#19753=CARTESIAN_POINT('Origin',(2.5,20.75,15.2));
#19754=CARTESIAN_POINT('',(120.,19.7499999850988,15.2));
#19755=CARTESIAN_POINT('Origin',(120.,20.75,15.2));
#19756=CARTESIAN_POINT('',(117.5,19.7499999850988,15.2));
#19757=CARTESIAN_POINT('',(120.,19.7499999850988,15.2));
#19758=CARTESIAN_POINT('Origin',(117.5,20.75,15.2));
#19759=CARTESIAN_POINT('Origin',(120.,27.25,12.));
#19760=CARTESIAN_POINT('',(2.5,26.2499999850988,12.));
#19761=CARTESIAN_POINT('Origin',(2.5,27.25,12.));
#19762=CARTESIAN_POINT('',(120.,26.2499999850988,12.));
#19763=CARTESIAN_POINT('Origin',(120.,27.25,12.));
#19764=CARTESIAN_POINT('',(117.5,26.2499999850988,12.));
#19765=CARTESIAN_POINT('',(120.,26.2499999850988,12.));
#19766=CARTESIAN_POINT('Origin',(117.5,27.25,12.));
#19767=CARTESIAN_POINT('Origin',(120.,27.25,18.4));
#19768=CARTESIAN_POINT('',(2.5,26.2499999850988,18.4));
#19769=CARTESIAN_POINT('Origin',(2.5,27.25,18.4));
#19770=CARTESIAN_POINT('',(120.,26.2499999850988,18.4));
#19771=CARTESIAN_POINT('Origin',(120.,27.25,18.4));
#19772=CARTESIAN_POINT('',(117.5,26.2499999850988,18.4));
#19773=CARTESIAN_POINT('',(120.,26.2499999850988,18.4));
#19774=CARTESIAN_POINT('Origin',(117.5,27.25,18.4));
#19775=CARTESIAN_POINT('Origin',(120.,27.25,24.8));
#19776=CARTESIAN_POINT('',(2.5,26.2499999850988,24.8));
#19777=CARTESIAN_POINT('Origin',(2.5,27.25,24.8));
#19778=CARTESIAN_POINT('',(120.,26.2499999850988,24.8));
#19779=CARTESIAN_POINT('Origin',(120.,27.25,24.8));
#19780=CARTESIAN_POINT('',(117.5,26.2499999850988,24.8));
#19781=CARTESIAN_POINT('',(120.,26.2499999850988,24.8));
#19782=CARTESIAN_POINT('Origin',(117.5,27.25,24.8));
#19783=CARTESIAN_POINT('Origin',(120.,33.75,28.));
#19784=CARTESIAN_POINT('',(2.5,32.7499999850988,28.));
#19785=CARTESIAN_POINT('Origin',(2.5,33.75,28.));
#19786=CARTESIAN_POINT('',(120.,32.7499999850988,28.));
#19787=CARTESIAN_POINT('Origin',(120.,33.75,28.));
#19788=CARTESIAN_POINT('',(117.5,32.7499999850988,28.));
#19789=CARTESIAN_POINT('',(120.,32.7499999850988,28.));
#19790=CARTESIAN_POINT('Origin',(117.5,33.75,28.));
#19791=CARTESIAN_POINT('Origin',(120.,30.5,24.8));
#19792=CARTESIAN_POINT('',(2.5,29.4999999850988,24.8));
#19793=CARTESIAN_POINT('Origin',(2.5,30.5,24.8));
#19794=CARTESIAN_POINT('',(120.,29.4999999850988,24.8));
#19795=CARTESIAN_POINT('Origin',(120.,30.5,24.8));
#19796=CARTESIAN_POINT('',(117.5,29.4999999850988,24.8));
#19797=CARTESIAN_POINT('',(120.,29.4999999850988,24.8));
#19798=CARTESIAN_POINT('Origin',(117.5,30.5,24.8));
#19799=CARTESIAN_POINT('Origin',(120.,37.,18.4));
#19800=CARTESIAN_POINT('',(2.5,35.9999999850988,18.4));
#19801=CARTESIAN_POINT('Origin',(2.5,37.,18.4));
#19802=CARTESIAN_POINT('',(120.,35.9999999850988,18.4));
#19803=CARTESIAN_POINT('Origin',(120.,37.,18.4));
#19804=CARTESIAN_POINT('',(117.5,35.9999999850988,18.4));
#19805=CARTESIAN_POINT('',(120.,35.9999999850988,18.4));
#19806=CARTESIAN_POINT('Origin',(117.5,37.,18.4));
#19807=CARTESIAN_POINT('Origin',(120.,33.75,15.2));
#19808=CARTESIAN_POINT('',(2.5,32.7499999850988,15.2));
#19809=CARTESIAN_POINT('Origin',(2.5,33.75,15.2));
#19810=CARTESIAN_POINT('',(120.,32.7499999850988,15.2));
#19811=CARTESIAN_POINT('Origin',(120.,33.75,15.2));
#19812=CARTESIAN_POINT('',(117.5,32.7499999850988,15.2));
#19813=CARTESIAN_POINT('',(120.,32.7499999850988,15.2));
#19814=CARTESIAN_POINT('Origin',(117.5,33.75,15.2));
#19815=CARTESIAN_POINT('Origin',(120.,30.5,12.));
#19816=CARTESIAN_POINT('',(2.5,29.4999999850988,12.));
#19817=CARTESIAN_POINT('Origin',(2.5,30.5,12.));
#19818=CARTESIAN_POINT('',(120.,29.4999999850988,12.));
#19819=CARTESIAN_POINT('Origin',(120.,30.5,12.));
#19820=CARTESIAN_POINT('',(117.5,29.4999999850988,12.));
#19821=CARTESIAN_POINT('',(120.,29.4999999850988,12.));
#19822=CARTESIAN_POINT('Origin',(117.5,30.5,12.));
#19823=CARTESIAN_POINT('Origin',(120.,50.,12.));
#19824=CARTESIAN_POINT('',(2.5,48.9999999850988,12.));
#19825=CARTESIAN_POINT('Origin',(2.5,50.,12.));
#19826=CARTESIAN_POINT('',(120.,48.9999999850988,12.));
#19827=CARTESIAN_POINT('Origin',(120.,50.,12.));
#19828=CARTESIAN_POINT('',(117.5,48.9999999850988,12.));
#19829=CARTESIAN_POINT('',(120.,48.9999999850988,12.));
#19830=CARTESIAN_POINT('Origin',(117.5,50.,12.));
#19831=CARTESIAN_POINT('Origin',(120.,63.,12.));
#19832=CARTESIAN_POINT('',(2.5,61.9999999850988,12.));
#19833=CARTESIAN_POINT('Origin',(2.5,63.,12.));
#19834=CARTESIAN_POINT('',(120.,61.9999999850988,12.));
#19835=CARTESIAN_POINT('Origin',(120.,63.,12.));
#19836=CARTESIAN_POINT('',(117.5,61.9999999850988,12.));
#19837=CARTESIAN_POINT('',(120.,61.9999999850988,12.));
#19838=CARTESIAN_POINT('Origin',(117.5,63.,12.));
#19839=CARTESIAN_POINT('Origin',(120.,76.,12.));
#19840=CARTESIAN_POINT('',(2.5,74.9999999850988,12.));
#19841=CARTESIAN_POINT('Origin',(2.5,76.,12.));
#19842=CARTESIAN_POINT('',(120.,74.9999999850988,12.));
#19843=CARTESIAN_POINT('Origin',(120.,76.,12.));
#19844=CARTESIAN_POINT('',(117.5,74.9999999850988,12.));
#19845=CARTESIAN_POINT('',(120.,74.9999999850988,12.));
#19846=CARTESIAN_POINT('Origin',(117.5,76.,12.));
#19847=CARTESIAN_POINT('Origin',(120.,89.,12.));
#19848=CARTESIAN_POINT('',(2.5,87.9999999850988,12.));
#19849=CARTESIAN_POINT('Origin',(2.5,89.,12.));
#19850=CARTESIAN_POINT('',(120.,87.9999999850988,12.));
#19851=CARTESIAN_POINT('Origin',(120.,89.,12.));
#19852=CARTESIAN_POINT('',(117.5,87.9999999850988,12.));
#19853=CARTESIAN_POINT('',(120.,87.9999999850988,12.));
#19854=CARTESIAN_POINT('Origin',(117.5,89.,12.));
#19855=CARTESIAN_POINT('Origin',(120.,79.25,15.2));
#19856=CARTESIAN_POINT('',(2.5,78.2499999850988,15.2));
#19857=CARTESIAN_POINT('Origin',(2.5,79.25,15.2));
#19858=CARTESIAN_POINT('',(120.,78.2499999850988,15.2));
#19859=CARTESIAN_POINT('Origin',(120.,79.25,15.2));
#19860=CARTESIAN_POINT('',(117.5,78.2499999850988,15.2));
#19861=CARTESIAN_POINT('',(120.,78.2499999850988,15.2));
#19862=CARTESIAN_POINT('Origin',(117.5,79.25,15.2));
#19863=CARTESIAN_POINT('Origin',(120.,66.25,15.2));
#19864=CARTESIAN_POINT('',(2.5,65.2499999850988,15.2));
#19865=CARTESIAN_POINT('Origin',(2.5,66.25,15.2));
#19866=CARTESIAN_POINT('',(120.,65.2499999850988,15.2));
#19867=CARTESIAN_POINT('Origin',(120.,66.25,15.2));
#19868=CARTESIAN_POINT('',(117.5,65.2499999850988,15.2));
#19869=CARTESIAN_POINT('',(120.,65.2499999850988,15.2));
#19870=CARTESIAN_POINT('Origin',(117.5,66.25,15.2));
#19871=CARTESIAN_POINT('Origin',(120.,53.25,15.2));
#19872=CARTESIAN_POINT('',(2.5,52.2499999850989,15.2));
#19873=CARTESIAN_POINT('Origin',(2.5,53.25,15.2));
#19874=CARTESIAN_POINT('',(120.,52.2499999850989,15.2));
#19875=CARTESIAN_POINT('Origin',(120.,53.25,15.2));
#19876=CARTESIAN_POINT('',(117.5,52.2499999850989,15.2));
#19877=CARTESIAN_POINT('',(120.,52.2499999850989,15.2));
#19878=CARTESIAN_POINT('Origin',(117.5,53.25,15.2));
#19879=CARTESIAN_POINT('Origin',(120.,40.25,15.2));
#19880=CARTESIAN_POINT('',(2.5,39.2499999850988,15.2));
#19881=CARTESIAN_POINT('Origin',(2.5,40.25,15.2));
#19882=CARTESIAN_POINT('',(120.,39.2499999850988,15.2));
#19883=CARTESIAN_POINT('Origin',(120.,40.25,15.2));
#19884=CARTESIAN_POINT('',(117.5,39.2499999850988,15.2));
#19885=CARTESIAN_POINT('',(120.,39.2499999850988,15.2));
#19886=CARTESIAN_POINT('Origin',(117.5,40.25,15.2));
#19887=CARTESIAN_POINT('Origin',(120.,43.5,24.8));
#19888=CARTESIAN_POINT('',(2.5,42.4999999850988,24.8));
#19889=CARTESIAN_POINT('Origin',(2.5,43.5,24.8));
#19890=CARTESIAN_POINT('',(120.,42.4999999850988,24.8));
#19891=CARTESIAN_POINT('Origin',(120.,43.5,24.8));
#19892=CARTESIAN_POINT('',(117.5,42.4999999850988,24.8));
#19893=CARTESIAN_POINT('',(120.,42.4999999850988,24.8));
#19894=CARTESIAN_POINT('Origin',(117.5,43.5,24.8));
#19895=CARTESIAN_POINT('Origin',(120.,46.75,21.6));
#19896=CARTESIAN_POINT('',(2.5,45.7499999850988,21.6));
#19897=CARTESIAN_POINT('Origin',(2.5,46.75,21.6));
#19898=CARTESIAN_POINT('',(120.,45.7499999850988,21.6));
#19899=CARTESIAN_POINT('Origin',(120.,46.75,21.6));
#19900=CARTESIAN_POINT('',(117.5,45.7499999850988,21.6));
#19901=CARTESIAN_POINT('',(120.,45.7499999850988,21.6));
#19902=CARTESIAN_POINT('Origin',(117.5,46.75,21.6));
#19903=CARTESIAN_POINT('Origin',(120.,40.25,28.));
#19904=CARTESIAN_POINT('',(2.5,39.2499999850988,28.));
#19905=CARTESIAN_POINT('Origin',(2.5,40.25,28.));
#19906=CARTESIAN_POINT('',(120.,39.2499999850988,28.));
#19907=CARTESIAN_POINT('Origin',(120.,40.25,28.));
#19908=CARTESIAN_POINT('',(117.5,39.2499999850988,28.));
#19909=CARTESIAN_POINT('',(120.,39.2499999850988,28.));
#19910=CARTESIAN_POINT('Origin',(117.5,40.25,28.));
#19911=CARTESIAN_POINT('Origin',(120.,59.75,28.));
#19912=CARTESIAN_POINT('',(2.5,58.7499999850988,28.));
#19913=CARTESIAN_POINT('Origin',(2.5,59.75,28.));
#19914=CARTESIAN_POINT('',(120.,58.7499999850988,28.));
#19915=CARTESIAN_POINT('Origin',(120.,59.75,28.));
#19916=CARTESIAN_POINT('',(117.5,58.7499999850988,28.));
#19917=CARTESIAN_POINT('',(120.,58.7499999850988,28.));
#19918=CARTESIAN_POINT('Origin',(117.5,59.75,28.));
#19919=CARTESIAN_POINT('Origin',(120.,72.75,28.));
#19920=CARTESIAN_POINT('',(2.5,71.7499999850988,28.));
#19921=CARTESIAN_POINT('Origin',(2.5,72.75,28.));
#19922=CARTESIAN_POINT('',(120.,71.7499999850988,28.));
#19923=CARTESIAN_POINT('Origin',(120.,72.75,28.));
#19924=CARTESIAN_POINT('',(117.5,71.7499999850988,28.));
#19925=CARTESIAN_POINT('',(120.,71.7499999850988,28.));
#19926=CARTESIAN_POINT('Origin',(117.5,72.75,28.));
#19927=CARTESIAN_POINT('Origin',(120.,85.75,28.));
#19928=CARTESIAN_POINT('',(2.5,84.7499999850989,28.));
#19929=CARTESIAN_POINT('Origin',(2.5,85.75,28.));
#19930=CARTESIAN_POINT('',(120.,84.7499999850989,28.));
#19931=CARTESIAN_POINT('Origin',(120.,85.75,28.));
#19932=CARTESIAN_POINT('',(117.5,84.7499999850989,28.));
#19933=CARTESIAN_POINT('',(120.,84.7499999850989,28.));
#19934=CARTESIAN_POINT('Origin',(117.5,85.75,28.));
#19935=CARTESIAN_POINT('Origin',(120.,50.,18.4));
#19936=CARTESIAN_POINT('',(2.5,48.9999999850988,18.4));
#19937=CARTESIAN_POINT('Origin',(2.5,50.,18.4));
#19938=CARTESIAN_POINT('',(120.,48.9999999850988,18.4));
#19939=CARTESIAN_POINT('Origin',(120.,50.,18.4));
#19940=CARTESIAN_POINT('',(117.5,48.9999999850988,18.4));
#19941=CARTESIAN_POINT('',(120.,48.9999999850988,18.4));
#19942=CARTESIAN_POINT('Origin',(117.5,50.,18.4));
#19943=CARTESIAN_POINT('Origin',(120.,56.5,24.8));
#19944=CARTESIAN_POINT('',(2.5,55.4999999850988,24.8));
#19945=CARTESIAN_POINT('Origin',(2.5,56.5,24.8));
#19946=CARTESIAN_POINT('',(120.,55.4999999850988,24.8));
#19947=CARTESIAN_POINT('Origin',(120.,56.5,24.8));
#19948=CARTESIAN_POINT('',(117.5,55.4999999850988,24.8));
#19949=CARTESIAN_POINT('',(120.,55.4999999850988,24.8));
#19950=CARTESIAN_POINT('Origin',(117.5,56.5,24.8));
#19951=CARTESIAN_POINT('Origin',(120.,63.,18.4));
#19952=CARTESIAN_POINT('',(2.5,61.9999999850988,18.4));
#19953=CARTESIAN_POINT('Origin',(2.5,63.,18.4));
#19954=CARTESIAN_POINT('',(120.,61.9999999850988,18.4));
#19955=CARTESIAN_POINT('Origin',(120.,63.,18.4));
#19956=CARTESIAN_POINT('',(117.5,61.9999999850988,18.4));
#19957=CARTESIAN_POINT('',(120.,61.9999999850988,18.4));
#19958=CARTESIAN_POINT('Origin',(117.5,63.,18.4));
#19959=CARTESIAN_POINT('Origin',(120.,63.,24.8));
#19960=CARTESIAN_POINT('',(2.5,61.9999999850988,24.8));
#19961=CARTESIAN_POINT('Origin',(2.5,63.,24.8));
#19962=CARTESIAN_POINT('',(120.,61.9999999850988,24.8));
#19963=CARTESIAN_POINT('Origin',(120.,63.,24.8));
#19964=CARTESIAN_POINT('',(117.5,61.9999999850988,24.8));
#19965=CARTESIAN_POINT('',(120.,61.9999999850988,24.8));
#19966=CARTESIAN_POINT('Origin',(117.5,63.,24.8));
#19967=CARTESIAN_POINT('Origin',(120.,69.5,18.4));
#19968=CARTESIAN_POINT('',(2.5,68.4999999850989,18.4));
#19969=CARTESIAN_POINT('Origin',(2.5,69.5,18.4));
#19970=CARTESIAN_POINT('',(120.,68.4999999850989,18.4));
#19971=CARTESIAN_POINT('Origin',(120.,69.5,18.4));
#19972=CARTESIAN_POINT('',(117.5,68.4999999850989,18.4));
#19973=CARTESIAN_POINT('',(120.,68.4999999850989,18.4));
#19974=CARTESIAN_POINT('Origin',(117.5,69.5,18.4));
#19975=CARTESIAN_POINT('Origin',(120.,72.75,21.6));
#19976=CARTESIAN_POINT('',(2.5,71.7499999850988,21.6));
#19977=CARTESIAN_POINT('Origin',(2.5,72.75,21.6));
#19978=CARTESIAN_POINT('',(120.,71.7499999850988,21.6));
#19979=CARTESIAN_POINT('Origin',(120.,72.75,21.6));
#19980=CARTESIAN_POINT('',(117.5,71.7499999850988,21.6));
#19981=CARTESIAN_POINT('',(120.,71.7499999850988,21.6));
#19982=CARTESIAN_POINT('Origin',(117.5,72.75,21.6));
#19983=CARTESIAN_POINT('Origin',(120.,76.,21.6));
#19984=CARTESIAN_POINT('',(2.5,74.9999999850988,21.6));
#19985=CARTESIAN_POINT('Origin',(2.5,76.,21.6));
#19986=CARTESIAN_POINT('',(120.,74.9999999850988,21.6));
#19987=CARTESIAN_POINT('Origin',(120.,76.,21.6));
#19988=CARTESIAN_POINT('',(117.5,74.9999999850988,21.6));
#19989=CARTESIAN_POINT('',(120.,74.9999999850988,21.6));
#19990=CARTESIAN_POINT('Origin',(117.5,76.,21.6));
#19991=CARTESIAN_POINT('Origin',(120.,82.5,24.8));
#19992=CARTESIAN_POINT('',(2.5,81.4999999850988,24.8));
#19993=CARTESIAN_POINT('Origin',(2.5,82.5,24.8));
#19994=CARTESIAN_POINT('',(120.,81.4999999850988,24.8));
#19995=CARTESIAN_POINT('Origin',(120.,82.5,24.8));
#19996=CARTESIAN_POINT('',(117.5,81.4999999850988,24.8));
#19997=CARTESIAN_POINT('',(120.,81.4999999850988,24.8));
#19998=CARTESIAN_POINT('Origin',(117.5,82.5,24.8));
#19999=CARTESIAN_POINT('Origin',(120.,85.75,21.6));
#20000=CARTESIAN_POINT('',(2.5,84.7499999850989,21.6));
#20001=CARTESIAN_POINT('Origin',(2.5,85.75,21.6));
#20002=CARTESIAN_POINT('',(120.,84.7499999850989,21.6));
#20003=CARTESIAN_POINT('Origin',(120.,85.75,21.6));
#20004=CARTESIAN_POINT('',(117.5,84.7499999850989,21.6));
#20005=CARTESIAN_POINT('',(120.,84.7499999850989,21.6));
#20006=CARTESIAN_POINT('Origin',(117.5,85.75,21.6));
#20007=CARTESIAN_POINT('Origin',(120.,89.,18.4));
#20008=CARTESIAN_POINT('',(2.5,87.9999999850988,18.4));
#20009=CARTESIAN_POINT('Origin',(2.5,89.,18.4));
#20010=CARTESIAN_POINT('',(120.,87.9999999850988,18.4));
#20011=CARTESIAN_POINT('Origin',(120.,89.,18.4));
#20012=CARTESIAN_POINT('',(117.5,87.9999999850988,18.4));
#20013=CARTESIAN_POINT('',(120.,87.9999999850988,18.4));
#20014=CARTESIAN_POINT('Origin',(117.5,89.,18.4));
#20015=CARTESIAN_POINT('Origin',(69.,100.,28.));
#20016=CARTESIAN_POINT('',(51.,97.5,28.));
#20017=CARTESIAN_POINT('',(69.,97.5,28.));
#20018=CARTESIAN_POINT('',(94.5,97.5,28.));
#20019=CARTESIAN_POINT('',(51.,100.,28.));
#20020=CARTESIAN_POINT('',(69.,100.,28.));
#20021=CARTESIAN_POINT('Origin',(69.,100.,12.));
#20022=CARTESIAN_POINT('',(69.,97.5,12.));
#20023=CARTESIAN_POINT('',(69.,97.5,6.));
#20024=CARTESIAN_POINT('',(69.,100.,12.));
#20025=CARTESIAN_POINT('Origin',(51.,100.,12.));
#20026=CARTESIAN_POINT('',(51.,97.5,12.));
#20027=CARTESIAN_POINT('',(85.5,97.5,12.));
#20028=CARTESIAN_POINT('',(51.,100.,12.));
#20029=CARTESIAN_POINT('Origin',(51.,100.,28.));
#20030=CARTESIAN_POINT('',(51.,97.5,14.));
#20031=CARTESIAN_POINT('Origin',(45.,0.,20.));
#20032=CARTESIAN_POINT('',(33.,0.,20.));
#20033=CARTESIAN_POINT('Origin',(45.,0.,20.));
#20034=CARTESIAN_POINT('',(33.,0.,20.));
#20035=CARTESIAN_POINT('Origin',(75.,0.,20.));
#20036=CARTESIAN_POINT('',(63.,0.,20.));
#20037=CARTESIAN_POINT('Origin',(75.,0.,20.));
#20038=CARTESIAN_POINT('',(63.,0.,20.));
#20039=CARTESIAN_POINT('Origin',(15.,0.,20.));
#20040=CARTESIAN_POINT('',(3.,0.,20.));
#20041=CARTESIAN_POINT('Origin',(15.,0.,20.));
#20042=CARTESIAN_POINT('',(3.,0.,20.));
#20043=CARTESIAN_POINT('Origin',(105.,0.,20.));
#20044=CARTESIAN_POINT('',(93.,0.,20.));
#20045=CARTESIAN_POINT('Origin',(105.,0.,20.));
#20046=CARTESIAN_POINT('',(93.,0.,20.));
#20047=CARTESIAN_POINT('Origin',(120.,97.5,0.));
#20048=CARTESIAN_POINT('',(117.5,97.5,2.5));
#20049=CARTESIAN_POINT('',(2.5,97.5,2.5));
#20050=CARTESIAN_POINT('',(90.,97.5,2.5));
#20051=CARTESIAN_POINT('',(117.5,97.5,0.));
#20052=CARTESIAN_POINT('',(2.5,97.5,0.));
#20053=CARTESIAN_POINT('Origin',(117.5,0.,0.));
#20054=CARTESIAN_POINT('',(117.5,25.,2.5));
#20055=CARTESIAN_POINT('Origin',(2.5,100.,0.));
#20056=CARTESIAN_POINT('',(2.5,75.,2.5));
#20057=CARTESIAN_POINT('Origin',(60.,50.,2.5));
#20058=CARTESIAN_POINT('Origin',(0.,0.,0.));
#20059=CARTESIAN_POINT('Origin',(0.,0.,0.));
#20060=CARTESIAN_POINT('',(104.933813711688,0.,37.0819057230144));
#20061=CARTESIAN_POINT('',(103.595378738501,0.,35.5094837235673));
#20062=CARTESIAN_POINT('',(73.7393548142321,0.,0.433989003962045));
#20063=CARTESIAN_POINT('',(104.93250924283,0.,35.5083752321131));
#20064=CARTESIAN_POINT('',(51.8124437745855,0.,35.5524121742279));
#20065=CARTESIAN_POINT('',(104.917754837495,0.,17.7107049196688));
#20066=CARTESIAN_POINT('Origin',(0.,2.5,0.));
#20067=CARTESIAN_POINT('',(103.595378738501,2.5,35.5094837235673));
#20068=CARTESIAN_POINT('',(104.933813711688,2.5,37.0819057230144));
#20069=CARTESIAN_POINT('',(73.7393548142321,2.5,0.433989003962045));
#20070=CARTESIAN_POINT('',(104.93250924283,2.5,35.5083752321131));
#20071=CARTESIAN_POINT('',(104.917754837495,2.5,17.7107049196688));
#20072=CARTESIAN_POINT('',(51.8124437745855,2.5,35.5524121742279));
#20073=CARTESIAN_POINT('Origin',(104.93250924283,0.,35.5083752321131));
#20074=CARTESIAN_POINT('',(104.933813711688,0.,37.0819057230144));
#20075=CARTESIAN_POINT('',(104.93250924283,0.,35.5083752321131));
#20076=CARTESIAN_POINT('Origin',(104.933813711688,0.,37.0819057230144));
#20077=CARTESIAN_POINT('',(103.595378738501,0.,35.5094837235673));
#20078=CARTESIAN_POINT('Origin',(103.595378738501,0.,35.5094837235673));
#20079=CARTESIAN_POINT('Origin',(65.4543925644789,100.,31.2368102069215));
#20080=CARTESIAN_POINT('',(64.9053589822684,97.5,31.2368102069215));
#20081=CARTESIAN_POINT('',(65.4543925644789,97.5,31.2368102069215));
#20082=CARTESIAN_POINT('',(92.7271962822395,97.5,31.2368102069215));
#20083=CARTESIAN_POINT('',(64.9053589822684,100.,31.2368102069215));
#20084=CARTESIAN_POINT('',(64.9053589822684,100.,31.2368102069215));
#20085=CARTESIAN_POINT('',(65.4543925644789,100.,31.2368102069215));
#20086=CARTESIAN_POINT('',(92.7271962822395,100.,31.2368102069215));
#20087=CARTESIAN_POINT('',(65.4543925644789,100.,31.2368102069215));
#20088=CARTESIAN_POINT('Origin',(65.1813547136222,100.,32.1355141396837));
#20089=CARTESIAN_POINT('',(65.1813547136222,97.5,32.1355141396837));
#20090=CARTESIAN_POINT('',(71.966596338598,97.5,9.80189514154048));
#20091=CARTESIAN_POINT('',(65.1813547136222,100.,32.1355141396837));
#20092=CARTESIAN_POINT('',(71.966596338598,100.,9.80189514154048));
#20093=CARTESIAN_POINT('',(65.1813547136222,100.,32.1355141396837));
#20094=CARTESIAN_POINT('Origin',(64.9053589822684,100.,31.2368102069215));
#20095=CARTESIAN_POINT('',(62.8964202872007,97.5,24.6952557521492));
#20096=CARTESIAN_POINT('',(62.8964202872007,100.,24.6952557521492));
#20097=CARTESIAN_POINT('Origin',(120.,97.5,0.));
#20098=CARTESIAN_POINT('Origin',(120.,100.,0.));
#20099=CARTESIAN_POINT('Origin',(120.,100.,0.));
#20100=CARTESIAN_POINT('',(56.7272274019156,100.,31.5932221408205));
#20101=CARTESIAN_POINT('',(56.8073777677451,100.,31.3493610616045));
#20102=CARTESIAN_POINT('Ctrl Pts',(56.7272274019156,100.,31.5932221408205));
#20103=CARTESIAN_POINT('Ctrl Pts',(56.746557897125,100.,31.5599978436986));
#20104=CARTESIAN_POINT('Ctrl Pts',(56.7903992774054,100.,31.4846454521073));
#20105=CARTESIAN_POINT('Ctrl Pts',(56.8012893400499,100.,31.3978735744008));
#20106=CARTESIAN_POINT('Ctrl Pts',(56.8073777677451,100.,31.3493610616045));
#20107=CARTESIAN_POINT('',(56.1235444070731,100.,31.3493610616045));
#20108=CARTESIAN_POINT('',(88.4036888838725,100.,31.3493610616045));
#20109=CARTESIAN_POINT('',(56.2318317415152,100.,31.6375602479295));
#20110=CARTESIAN_POINT('Ctrl Pts',(56.1235444070731,100.,31.3493610616045));
#20111=CARTESIAN_POINT('Ctrl Pts',(56.1307769211194,100.,31.409004471178));
#20112=CARTESIAN_POINT('Ctrl Pts',(56.1435613245898,100.,31.5144319072626));
#20113=CARTESIAN_POINT('Ctrl Pts',(56.2051050963305,100.,31.6002792699098));
#20114=CARTESIAN_POINT('Ctrl Pts',(56.2318317415152,100.,31.6375602479295));
#20115=CARTESIAN_POINT('',(56.4629034521018,100.,31.7245317693071));
#20116=CARTESIAN_POINT('Ctrl Pts',(56.2318317415152,100.,31.6375602479295));
#20117=CARTESIAN_POINT('Ctrl Pts',(56.2643308918937,100.,31.6629150865889));
#20118=CARTESIAN_POINT('Ctrl Pts',(56.3321271540191,100.,31.7158076474061));
#20119=CARTESIAN_POINT('Ctrl Pts',(56.4181282601191,100.,31.7215448042475));
#20120=CARTESIAN_POINT('Ctrl Pts',(56.4629034521018,100.,31.7245317693071));
#20121=CARTESIAN_POINT('Ctrl Pts',(56.4629034521018,100.,31.7245317693071));
#20122=CARTESIAN_POINT('Ctrl Pts',(56.5152406475047,100.,31.7191005806794));
#20123=CARTESIAN_POINT('Ctrl Pts',(56.6197247264208,100.,31.7082579526628));
#20124=CARTESIAN_POINT('Ctrl Pts',(56.69143671654,100.,31.6315208206405));
#20125=CARTESIAN_POINT('Ctrl Pts',(56.7272274019156,100.,31.5932221408205));
#20126=CARTESIAN_POINT('Origin',(120.,97.5,0.));
#20127=CARTESIAN_POINT('',(56.8073777677451,97.5,31.3493610616045));
#20128=CARTESIAN_POINT('',(56.7272274019156,97.5,31.5932221408205));
#20129=CARTESIAN_POINT('Ctrl Pts',(56.8073777677451,97.5,31.3493610616045));
#20130=CARTESIAN_POINT('Ctrl Pts',(56.8012893400499,97.5,31.3978735744008));
#20131=CARTESIAN_POINT('Ctrl Pts',(56.7952009123546,97.5,31.4463860871972));
#20132=CARTESIAN_POINT('Ctrl Pts',(56.7788128377829,97.5,31.4913291926698));
#20133=CARTESIAN_POINT('Ctrl Pts',(56.7658883923343,97.5,31.5267735465768));
#20134=CARTESIAN_POINT('Ctrl Pts',(56.746557897125,97.5,31.5599978436986));
#20135=CARTESIAN_POINT('Ctrl Pts',(56.7272274019156,97.5,31.5932221408205));
#20136=CARTESIAN_POINT('',(56.4629034521018,97.5,31.7245317693071));
#20137=CARTESIAN_POINT('Ctrl Pts',(56.7272274019156,97.5,31.5932221408205));
#20138=CARTESIAN_POINT('Ctrl Pts',(56.69143671654,97.5,31.6315208206405));
#20139=CARTESIAN_POINT('Ctrl Pts',(56.6556460311644,97.5,31.6698195004606));
#20140=CARTESIAN_POINT('Ctrl Pts',(56.6116921426688,97.5,31.691704511197));
#20141=CARTESIAN_POINT('Ctrl Pts',(56.5675778429076,97.5,31.7136693920517));
#20142=CARTESIAN_POINT('Ctrl Pts',(56.5152406475047,97.5,31.7191005806794));
#20143=CARTESIAN_POINT('Ctrl Pts',(56.4629034521018,97.5,31.7245317693071));
#20144=CARTESIAN_POINT('',(56.2318317415152,97.5,31.6375602479295));
#20145=CARTESIAN_POINT('Ctrl Pts',(56.4629034521018,97.5,31.7245317693071));
#20146=CARTESIAN_POINT('Ctrl Pts',(56.4181282601191,97.5,31.7215448042475));
#20147=CARTESIAN_POINT('Ctrl Pts',(56.3733530681364,97.5,31.7185578391878));
#20148=CARTESIAN_POINT('Ctrl Pts',(56.3335124971305,97.5,31.7027888889627));
#20149=CARTESIAN_POINT('Ctrl Pts',(56.2968300422721,97.5,31.6882699252483));
#20150=CARTESIAN_POINT('Ctrl Pts',(56.2643308918937,97.5,31.6629150865889));
#20151=CARTESIAN_POINT('Ctrl Pts',(56.2318317415152,97.5,31.6375602479295));
#20152=CARTESIAN_POINT('',(56.1235444070731,97.5,31.3493610616045));
#20153=CARTESIAN_POINT('Ctrl Pts',(56.2318317415152,97.5,31.6375602479295));
#20154=CARTESIAN_POINT('Ctrl Pts',(56.2051050963305,97.5,31.6002792699098));
#20155=CARTESIAN_POINT('Ctrl Pts',(56.1783784511458,97.5,31.5629982918901));
#20156=CARTESIAN_POINT('Ctrl Pts',(56.1608473779593,97.5,31.5220246906595));
#20157=CARTESIAN_POINT('Ctrl Pts',(56.1380094351656,97.5,31.4686478807516));
#20158=CARTESIAN_POINT('Ctrl Pts',(56.1307769211194,97.5,31.409004471178));
#20159=CARTESIAN_POINT('Ctrl Pts',(56.1235444070731,97.5,31.3493610616045));
#20160=CARTESIAN_POINT('',(88.4036888838725,97.5,31.3493610616045));
#20161=CARTESIAN_POINT('Ctrl Pts',(56.2318317415152,100.,31.6375602479295));
#20162=CARTESIAN_POINT('Ctrl Pts',(56.2318317415152,89.,31.6375602479295));
#20163=CARTESIAN_POINT('Ctrl Pts',(56.2643308918937,100.,31.6629150865889));
#20164=CARTESIAN_POINT('Ctrl Pts',(56.2643308918937,89.,31.6629150865889));
#20165=CARTESIAN_POINT('Ctrl Pts',(56.3321271540191,100.,31.7158076474061));
#20166=CARTESIAN_POINT('Ctrl Pts',(56.3321271540191,89.,31.7158076474061));
#20167=CARTESIAN_POINT('Ctrl Pts',(56.4181282601191,100.,31.7215448042475));
#20168=CARTESIAN_POINT('Ctrl Pts',(56.4181282601191,89.,31.7215448042475));
#20169=CARTESIAN_POINT('Ctrl Pts',(56.4629034521018,100.,31.7245317693071));
#20170=CARTESIAN_POINT('Ctrl Pts',(56.4629034521018,89.,31.7245317693071));
#20171=CARTESIAN_POINT('',(56.4629034521018,100.,31.7245317693071));
#20172=CARTESIAN_POINT('',(56.2318317415152,100.,31.6375602479295));
#20173=CARTESIAN_POINT('Ctrl Pts',(56.4629034521018,100.,31.7245317693071));
#20174=CARTESIAN_POINT('Ctrl Pts',(56.4629034521018,89.,31.7245317693071));
#20175=CARTESIAN_POINT('Ctrl Pts',(56.5152406475047,100.,31.7191005806794));
#20176=CARTESIAN_POINT('Ctrl Pts',(56.5152406475047,89.,31.7191005806794));
#20177=CARTESIAN_POINT('Ctrl Pts',(56.6197247264208,100.,31.7082579526628));
#20178=CARTESIAN_POINT('Ctrl Pts',(56.6197247264208,89.,31.7082579526628));
#20179=CARTESIAN_POINT('Ctrl Pts',(56.69143671654,100.,31.6315208206405));
#20180=CARTESIAN_POINT('Ctrl Pts',(56.69143671654,89.,31.6315208206405));
#20181=CARTESIAN_POINT('Ctrl Pts',(56.7272274019156,100.,31.5932221408205));
#20182=CARTESIAN_POINT('Ctrl Pts',(56.7272274019156,89.,31.5932221408205));
#20183=CARTESIAN_POINT('',(56.7272274019156,100.,31.5932221408205));
#20184=CARTESIAN_POINT('Ctrl Pts',(56.7272274019156,100.,31.5932221408205));
#20185=CARTESIAN_POINT('Ctrl Pts',(56.7272274019156,89.,31.5932221408205));
#20186=CARTESIAN_POINT('Ctrl Pts',(56.746557897125,100.,31.5599978436986));
#20187=CARTESIAN_POINT('Ctrl Pts',(56.746557897125,89.,31.5599978436986));
#20188=CARTESIAN_POINT('Ctrl Pts',(56.7903992774054,100.,31.4846454521073));
#20189=CARTESIAN_POINT('Ctrl Pts',(56.7903992774054,89.,31.4846454521073));
#20190=CARTESIAN_POINT('Ctrl Pts',(56.8012893400499,100.,31.3978735744008));
#20191=CARTESIAN_POINT('Ctrl Pts',(56.8012893400499,89.,31.3978735744008));
#20192=CARTESIAN_POINT('Ctrl Pts',(56.8073777677451,100.,31.3493610616045));
#20193=CARTESIAN_POINT('Ctrl Pts',(56.8073777677451,89.,31.3493610616045));
#20194=CARTESIAN_POINT('',(56.8073777677451,100.,31.3493610616045));
#20195=CARTESIAN_POINT('Origin',(56.8073777677451,100.,31.3493610616045));
#20196=CARTESIAN_POINT('',(56.1235444070731,100.,31.3493610616045));
#20197=CARTESIAN_POINT('Ctrl Pts',(56.1235444070731,100.,31.3493610616045));
#20198=CARTESIAN_POINT('Ctrl Pts',(56.1235444070731,89.,31.3493610616045));
#20199=CARTESIAN_POINT('Ctrl Pts',(56.1307769211194,100.,31.409004471178));
#20200=CARTESIAN_POINT('Ctrl Pts',(56.1307769211194,89.,31.409004471178));
#20201=CARTESIAN_POINT('Ctrl Pts',(56.1435613245898,100.,31.5144319072626));
#20202=CARTESIAN_POINT('Ctrl Pts',(56.1435613245898,89.,31.5144319072626));
#20203=CARTESIAN_POINT('Ctrl Pts',(56.2051050963305,100.,31.6002792699098));
#20204=CARTESIAN_POINT('Ctrl Pts',(56.2051050963305,89.,31.6002792699098));
#20205=CARTESIAN_POINT('Ctrl Pts',(56.2318317415152,100.,31.6375602479295));
#20206=CARTESIAN_POINT('Ctrl Pts',(56.2318317415152,89.,31.6375602479295));
#20207=UNCERTAINTY_MEASURE_WITH_UNIT(LENGTH_MEASURE(0.01),#20211,
'DISTANCE_ACCURACY_VALUE',
'Maximum model space distance between geometric entities at asserted c
onnectivities');
#20208=UNCERTAINTY_MEASURE_WITH_UNIT(LENGTH_MEASURE(0.01),#20211,
'DISTANCE_ACCURACY_VALUE',
'Maximum model space distance between geometric entities at asserted c
onnectivities');
#20209=(
GEOMETRIC_REPRESENTATION_CONTEXT(3)
GLOBAL_UNCERTAINTY_ASSIGNED_CONTEXT((#20207))
GLOBAL_UNIT_ASSIGNED_CONTEXT((#20211,#20213,#20214))
REPRESENTATION_CONTEXT('','3D')
);
#20210=(
GEOMETRIC_REPRESENTATION_CONTEXT(3)
GLOBAL_UNCERTAINTY_ASSIGNED_CONTEXT((#20208))
GLOBAL_UNIT_ASSIGNED_CONTEXT((#20211,#20213,#20214))
REPRESENTATION_CONTEXT('','3D')
);
#20211=(
LENGTH_UNIT()
NAMED_UNIT(*)
SI_UNIT(.MILLI.,.METRE.)
);
#20212=(
LENGTH_UNIT()
NAMED_UNIT(*)
SI_UNIT($,.METRE.)
);
#20213=(
NAMED_UNIT(*)
PLANE_ANGLE_UNIT()
SI_UNIT($,.RADIAN.)
);
#20214=(
NAMED_UNIT(*)
SI_UNIT($,.STERADIAN.)
SOLID_ANGLE_UNIT()
);
#20215=SHAPE_DEFINITION_REPRESENTATION(#20216,#20217);
#20216=PRODUCT_DEFINITION_SHAPE('',$,#20219);
#20217=SHAPE_REPRESENTATION('',(#11418),#20209);
#20218=PRODUCT_DEFINITION_CONTEXT('part definition',#20223,'design');
#20219=PRODUCT_DEFINITION('DMXInterface','DMXInterface v5',#20220,#20218);
#20220=PRODUCT_DEFINITION_FORMATION('',$,#20225);
#20221=PRODUCT_RELATED_PRODUCT_CATEGORY('DMXInterface v5',
'DMXInterface v5',(#20225));
#20222=APPLICATION_PROTOCOL_DEFINITION('international standard',
'automotive_design',2009,#20223);
#20223=APPLICATION_CONTEXT(
'Core Data for Automotive Mechanical Design Process');
#20224=PRODUCT_CONTEXT('part definition',#20223,'mechanical');
#20225=PRODUCT('DMXInterface','DMXInterface v5',$,(#20224));
#20226=PRESENTATION_STYLE_ASSIGNMENT((#20227));
#20227=SURFACE_STYLE_USAGE(.BOTH.,#20228);
#20228=SURFACE_SIDE_STYLE('',(#20229));
#20229=SURFACE_STYLE_FILL_AREA(#20230);
#20230=FILL_AREA_STYLE('Acier - Satin\X\E9',(#20231));
#20231=FILL_AREA_STYLE_COLOUR('Acier - Satin\X\E9',#20232);
#20232=COLOUR_RGB('Acier - Satin\X\E9',0.627450980392157,0.627450980392157,
0.627450980392157);
ENDSEC;
END-ISO-10303-21;
